sample_id,ticker,name,reference_date,human_stage,human_label,fast_score,fast_score_status,fast_stage,fast_stage_status,monthly_permission_state,daily_risk_state,pattern_a_score,pattern_a_stage,pattern_a_candidate_active,pattern_a_status,reference_comparison_status,pattern_a_next_candidate_date,reference_to_pattern_a_candidate_weeks,reference_catchup_status
000050_20251024,000050,경방,2025-10-24,WATCH,TOO_EARLY,43.02,READY,WATCH,READY,PERMITTED_REGIME,NORMAL,34.42680085676249,base,False,READY,NEITHER_ACTIVE_AT_REFERENCE,2025-12-12,7.0,NEITHER_ACTIVE_AT_REFERENCE
000250_20251226,000250,삼천당제약,2025-12-26,EXTENDED,TOO_EXTENDED,71.61,READY,SETUP,READY,PERMITTED_REGIME,NORMAL,10.31880438569339,progressed,False,READY,FAST_CONSTRUCTIVE_PATTERN_A_INACTIVE,,,PATTERN_A_NOT_OBSERVED_WITHIN_WINDOW
000370_20250509,000370,한화손해보험,2025-05-09,SETUP,BORDERLINE_TRIGGER,54.37,PARTIAL,SETUP,READY,EARLY_REGIME,NORMAL,49.13737899159818,base,False,READY,FAST_CONSTRUCTIVE_PATTERN_A_INACTIVE,2025-06-13,5.0,FAST_CONSTRUCTIVE_PATTERN_A_INACTIVE
000650_20250926,000650,천일고속,2025-09-26,WATCH,TOO_EARLY,45.17,READY,SETUP,READY,EARLY_REGIME,NORMAL,39.30338571895568,base,False,READY,FAST_CONSTRUCTIVE_PATTERN_A_INACTIVE,2025-12-05,10.0,FAST_CONSTRUCTIVE_PATTERN_A_INACTIVE
000650_20251226,000650,천일고속,2025-12-26,EXTENDED,TOO_EXTENDED,48.0,READY,EXTENDED,READY,LATE_OR_EXTENDED_REGIME,EXTREME,40.77970561990719,early_trend,True,READY,PATTERN_A_ONLY_AT_REFERENCE,,0.0,PATTERN_A_ALREADY_ACTIVE
000700_20260109,000700,유수홀딩스,2026-01-09,SETUP,BORDERLINE_TRIGGER,66.88,READY,SETUP,READY,PERMITTED_REGIME,NORMAL,65.19724483406387,base,False,READY,FAST_CONSTRUCTIVE_PATTERN_A_INACTIVE,2026-02-13,5.0,FAST_CONSTRUCTIVE_PATTERN_A_INACTIVE
000810_20180629,000810,삼성화재,2018-06-29,SETUP,TOO_EARLY,53.92,READY,SETUP,READY,EARLY_REGIME,NORMAL,55.218324593104015,weak,False,READY,FAST_CONSTRUCTIVE_PATTERN_A_INACTIVE,2018-08-31,9.0,FAST_CONSTRUCTIVE_PATTERN_A_INACTIVE
000850_20250919,000850,화천기공,2025-09-19,WATCH,TOO_EARLY,79.05,READY,TRIGGER,READY,PERMITTED_REGIME,NORMAL,41.88633025415596,base,False,READY,FAST_CONSTRUCTIVE_PATTERN_A_INACTIVE,2025-12-12,12.0,FAST_CONSTRUCTIVE_PATTERN_A_INACTIVE
001210_20250314,001210,금호전기,2025-03-14,WATCH,NO_SETUP,34.31,PARTIAL,SETUP,READY,EARLY_REGIME,NORMAL,39.49401097055858,base,False,READY,FAST_CONSTRUCTIVE_PATTERN_A_INACTIVE,2025-05-02,7.0,FAST_CONSTRUCTIVE_PATTERN_A_INACTIVE
001260_20250926,001260,남광토건,2025-09-26,WATCH,NO_SETUP,46.96,READY,WATCH,READY,PERMITTED_REGIME,NORMAL,62.54548017580511,base,False,READY,NEITHER_ACTIVE_AT_REFERENCE,2025-12-26,13.0,NEITHER_ACTIVE_AT_REFERENCE
001450_20260116,001450,현대해상,2026-01-16,SETUP,GOOD_TRIGGER,62.56,READY,SETUP,READY,PERMITTED_REGIME,NORMAL,59.02678078481231,base,False,READY,FAST_CONSTRUCTIVE_PATTERN_A_INACTIVE,2026-02-20,5.0,FAST_CONSTRUCTIVE_PATTERN_A_INACTIVE
001540_20260213,001540,안국약품,2026-02-13,TRIGGER,GOOD_TRIGGER,82.05,READY,TRIGGER,READY,PERMITTED_REGIME,NORMAL,62.41457858769936,base,False,READY,FAST_CONSTRUCTIVE_PATTERN_A_INACTIVE,2026-05-08,12.0,FAST_CONSTRUCTIVE_PATTERN_A_INACTIVE
001570_20240927,001570,금양,2024-09-27,WATCH,NO_SETUP,35.31,PARTIAL,WATCH,READY,EARLY_REGIME,NORMAL,0.0,progressed,False,READY,PATTERN_A_NOT_OBSERVED_WITHIN_WINDOW,,,PATTERN_A_NOT_OBSERVED_WITHIN_WINDOW
001800_20250321,001800,오리온홀딩스,2025-03-21,SETUP,GOOD_TRIGGER,74.62,PARTIAL,TREND,READY,PERMITTED_REGIME,NORMAL,62.73150958727548,base,False,READY,FAST_CONSTRUCTIVE_PATTERN_A_INACTIVE,2025-04-25,5.0,FAST_CONSTRUCTIVE_PATTERN_A_INACTIVE
002070_20260327,002070,비비안,2026-03-27,WATCH,NO_SETUP,26.65,READY,WATCH,READY,EARLY_REGIME,EXTREME,0.0,weak,False,READY,PATTERN_A_NOT_OBSERVED_WITHIN_WINDOW,,,PATTERN_A_NOT_OBSERVED_WITHIN_WINDOW
002170_20250321,002170,SYTS,2025-03-21,WATCH,TOO_EARLY,68.62,PARTIAL,WATCH,READY,PERMITTED_REGIME,NORMAL,58.93216526577482,base,False,READY,NEITHER_ACTIVE_AT_REFERENCE,2025-06-13,12.0,NEITHER_ACTIVE_AT_REFERENCE
002460_20250509,002460,HS화성,2025-05-09,WATCH,BORDERLINE_TRIGGER,79.13,PARTIAL,TREND,READY,PERMITTED_REGIME,NORMAL,50.33442378673175,base,False,READY,FAST_CONSTRUCTIVE_PATTERN_A_INACTIVE,2025-06-13,5.0,FAST_CONSTRUCTIVE_PATTERN_A_INACTIVE
003060_20260327,003060,에이프로젠바이오로직스,2026-03-27,WATCH,NO_SETUP,19.45,READY,WATCH,READY,EARLY_REGIME,EXTREME,0.0,weak,False,READY,PATTERN_A_NOT_OBSERVED_WITHIN_WINDOW,,,PATTERN_A_NOT_OBSERVED_WITHIN_WINDOW
003100_20250822,003100,선광,2025-08-22,WATCH,FALSE_TRIGGER,53.38,READY,WATCH,READY,PERMITTED_REGIME,NORMAL,39.76697306531869,base,False,READY,NEITHER_ACTIVE_AT_REFERENCE,2025-12-12,16.0,NEITHER_ACTIVE_AT_REFERENCE
003120_20260327,003120,일성아이에스,2026-03-27,WATCH,NO_SETUP,70.56,READY,SETUP,READY,PERMITTED_REGIME,NORMAL,55.785908030531616,base,False,READY,FAST_CONSTRUCTIVE_PATTERN_A_INACTIVE,2026-07-31,18.0,FAST_CONSTRUCTIVE_PATTERN_A_INACTIVE
003480_20250207,003480,한진중공업홀딩스,2025-02-07,WATCH,BORDERLINE_TRIGGER,78.63,PARTIAL,TREND,READY,PERMITTED_REGIME,NORMAL,52.365252438954286,base,False,READY,FAST_CONSTRUCTIVE_PATTERN_A_INACTIVE,2025-04-25,11.0,FAST_CONSTRUCTIVE_PATTERN_A_INACTIVE
003490_20250905,003490,대한항공,2025-09-05,SETUP,GOOD_TRIGGER,75.92,READY,SETUP,READY,PERMITTED_REGIME,NORMAL,64.33936975968587,base,False,READY,FAST_CONSTRUCTIVE_PATTERN_A_INACTIVE,2025-10-10,5.0,FAST_CONSTRUCTIVE_PATTERN_A_INACTIVE
006260_20200925,006260,LS,2020-09-25,WATCH,BORDERLINE_TRIGGER,54.65,READY,SETUP,READY,PERMITTED_REGIME,ELEVATED,0.0,weak,False,READY,FAST_CONSTRUCTIVE_PATTERN_A_INACTIVE,2020-11-06,6.0,FAST_CONSTRUCTIVE_PATTERN_A_INACTIVE
006260_20221223,006260,LS,2022-12-23,SETUP,GOOD_TRIGGER,70.35,READY,TRIGGER,READY,LATE_OR_EXTENDED_REGIME,NORMAL,77.48911792644873,early_trend,True,READY,BOTH_ACTIVE_AT_REFERENCE,,0.0,PATTERN_A_ALREADY_ACTIVE
008490_20250328,008490,서흥,2025-03-28,WATCH,FALSE_TRIGGER,52.32,PARTIAL,SETUP,READY,EARLY_REGIME,NORMAL,0.0,weak,False,READY,FAST_CONSTRUCTIVE_PATTERN_A_INACTIVE,2025-09-05,23.0,FAST_CONSTRUCTIVE_PATTERN_A_INACTIVE
009150_20260327,009150,삼성전기,2026-03-27,EXTENDED,TOO_EXTENDED,59.91,READY,EXTENDED,READY,LATE_OR_EXTENDED_REGIME,ELEVATED,0.0,progressed,False,READY,PATTERN_A_NOT_OBSERVED_WITHIN_WINDOW,,,PATTERN_A_NOT_OBSERVED_WITHIN_WINDOW
009470_20250627,009470,삼화전기,2025-06-27,WATCH,FALSE_TRIGGER,48.26,READY,WATCH,READY,EARLY_REGIME,NORMAL,0.0,weak,False,READY,NEITHER_ACTIVE_AT_REFERENCE,2025-07-04,1.0,NEITHER_ACTIVE_AT_REFERENCE
009730_20260327,009730,이렘,2026-03-27,WATCH,NO_SETUP,33.21,READY,WATCH,READY,EARLY_REGIME,NORMAL,0.0,weak,False,READY,PATTERN_A_NOT_OBSERVED_WITHIN_WINDOW,,,PATTERN_A_NOT_OBSERVED_WITHIN_WINDOW
009830_20250328,009830,한화솔루션,2025-03-28,WATCH,BORDERLINE_TRIGGER,40.01,READY,SETUP,READY,EARLY_REGIME,NORMAL,0.0,weak,False,READY,FAST_CONSTRUCTIVE_PATTERN_A_INACTIVE,2026-02-06,45.0,FAST_CONSTRUCTIVE_PATTERN_A_INACTIVE
011070_20200925,011070,LG이노텍,2020-09-25,SETUP,GOOD_TRIGGER,71.61,READY,SETUP,READY,PERMITTED_REGIME,NORMAL,66.72922162176961,transition,True,READY,BOTH_ACTIVE_AT_REFERENCE,,0.0,PATTERN_A_ALREADY_ACTIVE
011200_20221223,011200,HMM,2022-12-23,WATCH,TOO_EARLY,68.36,READY,SETUP,READY,PERMITTED_REGIME,NORMAL,42.63905560607814,weak,False,READY,FAST_CONSTRUCTIVE_PATTERN_A_INACTIVE,,,PATTERN_A_NOT_OBSERVED_WITHIN_WINDOW
011210_20180629,011210,현대위아,2018-06-29,WATCH,TOO_EARLY,35.31,PARTIAL,WATCH,READY,EARLY_REGIME,NORMAL,0.0,weak,False,READY,PATTERN_A_NOT_OBSERVED_WITHIN_WINDOW,,,PATTERN_A_NOT_OBSERVED_WITHIN_WINDOW
011330_20260327,011330,유니켐,2026-03-27,WATCH,NO_SETUP,26.65,READY,WATCH,READY,EARLY_REGIME,EXTREME,0.0,weak,False,READY,PATTERN_A_NOT_OBSERVED_WITHIN_WINDOW,,,PATTERN_A_NOT_OBSERVED_WITHIN_WINDOW
012170_20250328,012170,아센디오,2025-03-28,WATCH,NO_SETUP,47.75,PARTIAL,WATCH,READY,EARLY_REGIME,EXTREME,0.0,,,UNAVAILABLE,PATTERN_A_ONLY_AT_REFERENCE,,,DATA_UNAVAILABLE
012450_20230630,012450,한화에어로스페이스,2023-06-30,TREND,GOOD_TRIGGER,77.11,READY,EXTENDED,READY,PERMITTED_REGIME,NORMAL,0.0,progressed,False,READY,PATTERN_A_NOT_OBSERVED_WITHIN_WINDOW,,,PATTERN_A_NOT_OBSERVED_WITHIN_WINDOW
032580_20260327,032580,피델릭스,2026-03-27,WATCH,TOO_EARLY,41.06,READY,SETUP,READY,EARLY_REGIME,ELEVATED,11.333054708672686,weak,False,READY,FAST_CONSTRUCTIVE_PATTERN_A_INACTIVE,2026-06-05,10.0,FAST_CONSTRUCTIVE_PATTERN_A_INACTIVE
032820_20251226,032820,우리기술,2025-12-26,SETUP,GOOD_TRIGGER,64.51,READY,EXTENDED,READY,PERMITTED_REGIME,NORMAL,0.0,progressed,False,READY,PATTERN_A_NOT_OBSERVED_WITHIN_WINDOW,,,PATTERN_A_NOT_OBSERVED_WITHIN_WINDOW
032820_20260327,032820,우리기술,2026-03-27,TREND,TOO_LATE,58.6,READY,EXTENDED,READY,LATE_OR_EXTENDED_REGIME,EXTREME,0.0,progressed,False,READY,PATTERN_A_NOT_OBSERVED_WITHIN_WINDOW,,,PATTERN_A_NOT_OBSERVED_WITHIN_WINDOW
034220_20200925,034220,LG디스플레이,2020-09-25,WATCH,FALSE_TRIGGER,60.81,READY,SETUP,READY,PERMITTED_REGIME,NORMAL,0.0,weak,False,READY,FAST_CONSTRUCTIVE_PATTERN_A_INACTIVE,2020-11-06,6.0,FAST_CONSTRUCTIVE_PATTERN_A_INACTIVE
036170_20251226,036170,에이치엠넥스,2025-12-26,SETUP,GOOD_TRIGGER,54.62,READY,SETUP,READY,PERMITTED_REGIME,NORMAL,61.467138862065426,weak,False,READY,FAST_CONSTRUCTIVE_PATTERN_A_INACTIVE,2026-01-09,2.0,FAST_CONSTRUCTIVE_PATTERN_A_INACTIVE
