feature_name,count,missing_count,mean,median,std,min,max,p25,p75,BORDERLINE_TRIGGER_n,BORDERLINE_TRIGGER_median,BORDERLINE_TRIGGER_iqr,FALSE_TRIGGER_n,FALSE_TRIGGER_median,FALSE_TRIGGER_iqr,GOOD_TRIGGER_n,GOOD_TRIGGER_median,GOOD_TRIGGER_iqr,NO_SETUP_n,NO_SETUP_median,NO_SETUP_iqr,TOO_EARLY_n,TOO_EARLY_median,TOO_EARLY_iqr,TOO_EXTENDED_n,TOO_EXTENDED_median,TOO_EXTENDED_iqr,TOO_LATE_n,TOO_LATE_median,TOO_LATE_iqr,STAGE_EXTENDED_n,STAGE_EXTENDED_median,STAGE_EXTENDED_iqr,STAGE_SETUP_n,STAGE_SETUP_median,STAGE_SETUP_iqr,STAGE_TREND_n,STAGE_TREND_median,STAGE_TREND_iqr,STAGE_TRIGGER_n,STAGE_TRIGGER_median,STAGE_TRIGGER_iqr,STAGE_WATCH_n,STAGE_WATCH_median,STAGE_WATCH_iqr,GROUP_POSITIVE_STRUCTURE_n,GROUP_POSITIVE_STRUCTURE_median,GROUP_POSITIVE_STRUCTURE_iqr,GROUP_FAILED_STRUCTURE_n,GROUP_FAILED_STRUCTURE_median,GROUP_FAILED_STRUCTURE_iqr,GROUP_EARLY_OR_NONE_n,GROUP_EARLY_OR_NONE_median,GROUP_EARLY_OR_NONE_iqr,GROUP_LATE_OR_EXTENDED_n,GROUP_LATE_OR_EXTENDED_median,GROUP_LATE_OR_EXTENDED_iqr,cliffs_delta_GOOD_TRIGGER_vs_NO_SETUP,median_diff_GOOD_TRIGGER_vs_NO_SETUP,standardized_effect_GOOD_TRIGGER_vs_NO_SETUP,cliffs_delta_GOOD_TRIGGER_vs_TOO_EARLY,median_diff_GOOD_TRIGGER_vs_TOO_EARLY,standardized_effect_GOOD_TRIGGER_vs_TOO_EARLY,cliffs_delta_GOOD_TRIGGER_vs_FALSE_TRIGGER,median_diff_GOOD_TRIGGER_vs_FALSE_TRIGGER,standardized_effect_GOOD_TRIGGER_vs_FALSE_TRIGGER,cliffs_delta_GOOD_TRIGGER_vs_TOO_EXTENDED,median_diff_GOOD_TRIGGER_vs_TOO_EXTENDED,standardized_effect_GOOD_TRIGGER_vs_TOO_EXTENDED,cliffs_delta_SETUP_GOOD_vs_WATCH_EARLY_NONE,median_diff_SETUP_GOOD_vs_WATCH_EARLY_NONE,standardized_effect_SETUP_GOOD_vs_WATCH_EARLY_NONE,n_SETUP_GOOD,n_WATCH_EARLY_NONE,cliffs_delta_POSITIVE_STRUCTURE_vs_EARLY_OR_NONE,median_diff_POSITIVE_STRUCTURE_vs_EARLY_OR_NONE,standardized_effect_POSITIVE_STRUCTURE_vs_EARLY_OR_NONE
close_vs_wma12_pct,40,0,0.0696177383863206,-0.009764633743726325,0.4110698848111607,-0.2968560575446537,2.1719876416065915,-0.063335208516585,0.04052311705219175,6,-0.007272732342106902,0.057480256098380866,4,-0.018096290915353752,0.09727425216144045,9,-0.01492537313432829,0.09216763730148247,9,-0.12778297474275024,0.19273894350867038,8,-0.00445123131009767,0.04505340424925261,3,0.2314968077559707,0.5463341131545018,1,0.6317991631799162,0.0,3,0.2314968077559707,0.5463341131545018,10,-0.012697162402529105,0.0440138599461945,2,0.38848558766097496,0.24331357551894128,1,0.028871391076115582,0.0,24,-0.033785582144747084,0.11773628756537655,15,-0.01046895167072992,0.08333858294012081,4,-0.018096290915353752,0.09727425216144045,17,-0.034401508011310034,0.18731704533479132,4,0.4316479854679435,0.57339382314521,0.5555555555555556,0.11285760160842195,0.7644377164082737,0.05555555555555555,-0.01047414182423062,-0.16553914828145078,0.05555555555555555,0.003170917781025462,0.03287474959576881,-0.7037037037037037,-0.246422180890299,-2.3022494011577757,0.21428571428571427,0.023412161066595105,0.18219577608509874,7,16,0.3333333333333333,0.023932556340580113,0.24034835579602398
close_vs_wma26_pct,40,0,0.18060088201058608,-0.01330706704866641,0.7995732871769692,-0.38768880948513884,3.979421777348712,-0.08333822449527933,0.05924125611045006,6,-0.011131503170034196,0.051181595577512146,4,-0.00174503585172886,0.12912485435514343,9,0.009491492082226882,0.12846791930423895,9,-0.19636334118029064,0.23853083943487463,8,-0.018426044472334424,0.030867476853221082,3,0.49847947624928635,1.23679043435403,1,1.6571166528366161,0.0,3,0.49847947624928635,1.23679043435403,10,-0.019617361686762924,0.05106778921049657,2,0.9725708760858045,0.6845457767508116,1,0.0782396088019559,0.0,24,-0.018426044472334424,0.16346062430648517,15,-0.0040455120101138276,0.08749907393396561,4,-0.00174503585172886,0.12912485435514343,17,-0.08217903659292958,0.23492784952524048,4,1.0777980645429512,1.4873730996175123,0.6790123456790124,0.20585483326251752,0.9799766736156703,0.3611111111111111,0.027917536554561306,0.32552277673886804,0.1111111111111111,0.011236527933955742,0.08746563340335022,-0.7777777777777778,-0.48898798416705946,-2.7310824112719465,0.44642857142857145,0.09830882842073829,0.5681491373149656,7,16,0.5450980392156862,0.07813352458281575,0.699204367406657
close_vs_wma52_pct,40,0,0.25361185610667897,0.01024727999296704,0.997677600269564,-0.4786336606278523,4.122942407947129,-0.1336858895220192,0.12464017415142326,6,0.001465005060414637,0.1646298870919177,4,-0.0322322151155941,0.30842506606192954,9,0.07043861079406488,0.1468436949955454,9,-0.3226137529934998,0.4013191617300953,8,-0.026502645847661654,0.066993880560451,3,1.0101719976128765,1.9663083265588872,1,2.9171122564279206,0.0,3,1.0101719976128765,1.9663083265588872,10,0.023815557459657466,0.08909712053493646,2,1.7268056873621058,1.190306569065815,1,0.13970478604443115,0.0,24,-0.05690209398673379,0.3048874618855447,15,0.032039115624882264,0.15662268207944802,4,-0.0322322151155941,0.30842506606192954,17,-0.06333456973293772,0.31731136765925716,4,1.9636421270203985,2.4133593573907266,0.654320987654321,0.3930523637875647,1.0204456265531816,0.7222222222222222,0.09694125664172654,0.6834967359300076,0.4444444444444444,0.10267082590965898,0.8436347558902537,-0.8518518518518519,-0.9397333868188116,-3.730687236344405,0.625,0.10536363675439653,0.3990950469696545,7,16,0.5529411764705883,0.09537368535781998,0.46477358675034136
close_vs_wma200_pct,30,10,0.43678903885930054,-0.04813185854940111,1.7174360925873213,-0.8404225802445321,7.302524109252701,-0.26214347521253645,0.24118422270183004,3,-0.1350843320206513,0.24562920730751192,3,-0.30714067041344306,0.31847943492589936,8,0.12846442100616506,0.4520913955630135,6,-0.5817983775205676,0.4793009343348742,6,-0.13011893261848706,0.19246522582463826,3,1.716447337537359,2.083346284115451,1,7.302524109252701,0.0,3,1.716447337537359,2.083346284115451,8,-0.025977139041110597,0.2699441580559815,2,4.414725853818778,2.887798255433923,1,0.09825797855782037,0.0,16,-0.24603012398158652,0.4447194431310566,11,-0.019845537603325414,0.35252715373791926,3,-0.30714067041344306,0.31847943492589936,12,-0.20494315506837718,0.5021324766976376,4,3.492897074983169,4.214642072432372,0.7916666666666666,0.7102627985267327,1.235343481305255,0.5833333333333334,0.2585833536246521,0.6854942598070429,0.75,0.4356050914196081,1.2199690637404117,-0.9166666666666666,-1.5879829165311938,-1.2449058972858233,0.6666666666666666,0.28321608444527885,0.7079334551663885,6,11,0.5303030303030303,0.18509761746505177,0.5198482571387617
wma12_vs_wma26_pct,40,0,0.04573994876476615,0.017050718503502926,0.1905581502437191,-0.2270117819832448,0.6878568853982889,-0.0348413767241304,0.05485842679284891,6,0.011635698995689059,0.04064147560586301,4,0.06858146853167124,0.12847211676123044,9,0.04798288508557458,0.027131797673048297,9,-0.12008550477582058,0.14545190666800334,8,-0.03323783428061705,0.050739554438685,3,0.21679525826770973,0.31112090524947333,1,0.6283355898152598,0.0,3,0.21679525826770973,0.31112090524947333,10,0.011941032137550933,0.0722146125663449,2,0.3765396856272406,0.2517959041880193,1,0.04798288508557458,0.0,24,0.0019123772317792276,0.13025913374087755,15,0.028117300352674013,0.049943752647258144,4,0.06858146853167124,0.12847211676123044,17,-0.03918017804556062,0.12610846732052228,4,0.4225654240414848,0.4642157012853993,0.5061728395061729,0.16806838986139516,1.1151774586502885,0.7222222222222222,0.08122071936619163,0.9980673480964383,-0.05555555555555555,-0.020598583446096663,-0.5953398808334442,-0.9259259259259259,-0.16881237318213516,-3.189441319503143,0.5535714285714286,0.07244724190112456,0.7086501840188237,7,16,0.5843137254901961,0.06729747839823463,0.7487602954901242
wma52_vs_wma200_pct,30,10,-0.0013605779043411573,-0.05756941640192714,0.41568563156063343,-0.6989862757361707,1.1195522532264395,-0.2597464814126428,0.18882632929269166,3,-0.29508331463214044,0.19335919797800338,3,-0.37853583728318696,0.4928422713544158,8,0.023029997626779652,0.23029363360020302,6,-0.20816541861017757,0.4633230925715436,6,-0.12373634321732097,0.1649141055386981,3,0.35135070071774965,0.2713371387033572,1,1.1195522532264395,0.0,3,0.35135070071774965,0.2713371387033572,8,-0.03125216340596182,0.13073906150354478,2,0.8820765003312262,0.2374757528952134,1,-0.03636626606654858,0.0,16,-0.2485316031941313,0.3096827432630961,11,-0.03654355996232028,0.19190450430635209,3,-0.37853583728318696,0.4928422713544158,12,-0.12373634321732097,0.2221630114957991,4,0.5589017426583153,0.5352699994194166,0.7083333333333334,0.23119541623695722,1.1338028378616607,0.5416666666666666,0.14676634084410062,0.6987255831818016,0.5,0.4015658349099666,1.2732638225765966,-0.6666666666666666,-0.32832070309097,-0.7276169436702176,0.6363636363636364,0.17597588713705825,0.5826953293995504,6,11,0.3939393939393939,0.08719278325500068,0.31880135154128203
wma12_slope_1w,40,0,0.014339471380455068,0.0001707854075296833,0.06733763917679837,-0.045886075949367,0.35035263732988975,-0.006849319131289666,0.006840579308381112,6,0.0035883902043756244,0.005097416281475975,4,0.0042778636638731715,0.009219218993496814,9,0.003409028426898386,0.010852741899766039,9,-0.01722626854846021,0.026472465701973702,8,-0.0029234777755683394,0.0052130557706163705,3,0.04034440344403456,0.0912296787549528,1,0.12902273398287578,0.0,3,0.04034440344403456,0.0912296787549528,10,-0.0003145431889045591,0.005970346332646342,2,0.07076855188365705,0.05825418209921873,1,0.006555772994129239,0.0,24,-0.0029234777755683394,0.019168708943560375,15,0.003409028426898386,0.008455643335972762,4,0.0042778636638731715,0.009219218993496814,17,-0.00637259782933397,0.023732652804179466,4,0.08468356871345517,0.11212358728160732,0.6049382716049383,0.020635296975358597,0.912188496642659,0.3055555555555556,0.006332506202466726,0.5516326357331556,-0.1111111111111111,-0.0008688352369747854,-0.08005674925278704,-0.6296296296296297,-0.036935375017136174,-2.2237632006380363,0.4107142857142857,0.005564021819051745,0.32845198225637384,7,16,0.5294117647058824,0.009781626256232356,0.619325469243981
wma26_slope_1w,40,0,0.009479015722550475,-0.00039334156643122675,0.042594107842177,-0.02873814733770974,0.20248060120975153,-0.005101289671179815,0.006997524559685109,6,-0.0019752272559206974,0.007787229242579741,4,0.002325759691705509,0.011586240946351217,9,0.00044280442804423004,0.00931463334493654,9,-0.017623604465709763,0.022916176657165166,8,-0.00039334156643122675,0.005867239615302888,3,0.033246432491767175,0.061944887618490485,1,0.0919973292636398,0.0,3,0.033246432491767175,0.061944887618490485,10,-0.0012192880110925008,0.004737944227443336,2,0.05668245863899213,0.035314870624647665,1,0.004202275839274794,0.0,24,-0.001357944062860439,0.016163498650154512,15,0.00032642402480820287,0.01047756724341703,4,0.002325759691705509,0.011586240946351217,17,-0.0034523528020808936,0.0184060430660139,4,0.06262188087770348,0.0750356163881497,0.5061728395061729,0.018066408893753994,0.9787386982159834,0.2222222222222222,0.0008361459944754568,0.0987131733489742,0.1111111111111111,-0.001882955263661279,-0.18951793432470715,-0.9259259259259259,-0.032803628063722945,-2.017329362304231,0.26785714285714285,0.0028508472575425325,0.2137499905312454,7,16,0.30980392156862746,0.0037787768268890964,0.4343200637514538
wma52_slope_1w,40,0,0.0054852322491836,0.001097831696818652,0.023241596485477592,-0.024957316460781254,0.09724349157733547,-0.004520495953984266,0.005253257310400827,6,0.0008751045523787138,0.004549449690254254,4,-0.003549414164605913,0.01499065874330649,9,0.005052850080572213,0.004889762980151646,9,-0.008079671874785643,0.01498891186656326,8,-0.001227328477659162,0.002362771002804215,3,0.027276553692994643,0.04475973441139103,1,0.07466027344182447,0.0,3,0.027276553692994643,0.04475973441139103,10,0.0012193111087467345,0.004693237952105966,2,0.04642202157790154,0.028238251863922925,1,0.006050000000000111,0.0,24,-0.0011814391217659925,0.010808514759340165,15,0.0012907123633767448,0.00470003939977881,4,-0.003549414164605913,0.01499065874330649,17,-0.0012472382581427688,0.010263860873455988,4,0.050968413567409554,0.05791765701731788,0.5061728395061729,0.013132521955357856,1.0633846141766004,0.8333333333333334,0.006280178558231375,1.0031803395653516,0.6111111111111112,0.008602264245178126,1.7850529787934077,-0.8518518518518519,-0.02222370361242243,-1.8128984458380508,0.5892857142857143,0.0032552646929634443,0.3657088882206963,7,16,0.4980392156862745,0.0025379506215195136,0.3615865812873229
wma200_slope_1w,30,10,0.0016123726517944064,-0.000753656731850294,0.009808504560565303,-0.012303243368802286,0.03882097751829572,-0.0025941918998054203,0.002596818863607464,3,-0.0009941540343960664,0.0023849455348042836,3,-0.0031226946202090877,0.0016467930256544028,8,0.00036039577051233396,0.004624748162134679,6,-0.004273345544112017,0.006072247020594473,6,-0.001356473865591623,0.002055752736070948,3,0.008983548580630885,0.008915566864426405,1,0.03882097751829572,0.0,3,0.008983548580630885,0.008915566864426405,8,-4.0242549841362774e-05,0.002231593536652282,2,0.023837789477823,0.014983188040472717,1,-0.0015726886760200065,0.0,16,-0.00251659946577798,0.003030463522201682,11,-0.0004224337151802482,0.003472655582339279,3,-0.0031226946202090877,0.0016467930256544028,12,-0.002309502735258373,0.0037900826223501716,4,0.017829815868888765,0.020763407954887292,0.75,0.004633741314624351,1.1145260590448023,0.3333333333333333,0.001716869636103957,0.3815456657700359,0.6666666666666666,0.0034830903907214217,0.8552347720388819,-0.9166666666666666,-0.00862315281011855,-0.8863907711434051,0.5454545454545454,0.0027796129391503555,0.7398083004218583,6,11,0.4393939393939394,0.0018870690200781248,0.5849592567670393
high_vs_wma200_pct,30,10,0.6153371572848542,-0.01276909191053599,2.1692087186109545,-0.7823468635466405,9.466857317220287,-0.22551610954153814,0.3201754941701127,3,-0.01190927071497705,0.2510923112012383,3,-0.23528747752753076,0.34007410281493744,8,0.17493075877370945,0.5148636336824244,6,-0.530892676108931,0.516465190738157,6,-0.09694863982531593,0.17653357733395694,3,1.9198679330902717,2.7421607934478827,1,9.466857317220287,0.0,3,1.9198679330902717,2.7421607934478827,8,-0.01276909191053599,0.32543666757500667,2,5.556396767045843,3.910460550174444,1,0.10323874036533898,0.0,16,-0.21574474155554552,0.5239760341732483,11,0.005400991741160821,0.34939500784095423,3,-0.23528747752753076,0.34007410281493744,12,-0.17449297372375383,0.46390629172155595,4,4.365214585120688,5.703174394786862,0.75,0.7058234348826404,1.1912297057834624,0.5833333333333334,0.2718793985990254,0.6344818900431954,0.75,0.4102182363012402,1.0268257150930338,-0.9166666666666666,-1.7449371743165623,-1.2106832247262398,0.6363636363636364,0.31269893762155276,0.7546268648938642,6,11,0.5454545454545454,0.17989396546491465,0.5040343330088902
weeks_above_wma200_recent_12w,30,10,5.333333333333333,4.5,5.155066696336544,0.0,12.0,0.0,11.75,3,3.0,2.0,3,0.0,4.0,8,11.0,6.5,6,0.0,5.25,6,0.0,3.75,3,12.0,3.0,1,12.0,0.0,3,12.0,3.0,8,5.0,9.0,2,12.0,0.0,1,10.0,0.0,16,0.0,5.5,11,6.0,8.5,3,0.0,4.0,12,0.0,5.5,4,12.0,1.5,0.625,11.0,0.9361702127659575,0.5833333333333334,11.0,0.9166666666666666,0.6666666666666666,11.0,1.1,-0.20833333333333334,-1.0,-0.16666666666666666,0.5151515151515151,9.0,0.8181818181818182,6,11,0.4696969696969697,6.0,0.5714285714285714
distance_to_prior_13w_high_pct,40,0,-0.18221047971244592,-0.14895969883365262,0.13546184485659887,-0.480355819125278,0.08737864077669899,-0.26583811659567125,-0.08896814192220984,6,-0.08744372943433948,0.07624732242344301,4,-0.18222908519966824,0.025981788138922796,9,-0.11588785046728967,0.08804949836357978,9,-0.3791208791208791,0.19375527539072734,8,-0.09353751982698688,0.06939272203776589,3,-0.17690875232774672,0.09672664329777941,1,-0.22516556291390732,0.0,3,-0.17690875232774672,0.09672664329777941,10,-0.10179077982284113,0.07391036027485756,2,-0.18041918287422198,0.04474638003968534,1,-0.045454545454545414,0.0,24,-0.18222908519966824,0.19525142136050339,15,-0.11308900523560206,0.08604277767844587,4,-0.18222908519966824,0.025981788138922796,17,-0.20648464163822522,0.2870905185895698,4,-0.20103715762082702,0.08455592958851016,0.7037037037037037,0.26323302865358944,1.0191960838461493,-0.05555555555555555,-0.022350330640302785,-0.3019619643136808,0.6111111111111112,0.06634123473237857,0.9608881450097281,0.4074074074074074,0.061020901860457055,0.9177044057828109,0.3392857142857143,0.1189412521321147,0.5104294518090784,7,16,0.3568627450980392,0.09339563640262316,0.4706795386279677
distance_to_prior_26w_high_pct,40,0,-0.22743807727511528,-0.1850204483935507,0.15857856187869623,-0.540650406504065,0.08737864077669899,-0.354468662464986,-0.11506714835466894,6,-0.1640687022900763,0.1757411365251863,4,-0.1850204483935507,0.06497288201876536,9,-0.13567280283453664,0.07717067065262706,9,-0.480355819125278,0.17302048207818155,8,-0.17417528791723597,0.1623417419076812,3,-0.17690875232774672,0.09672664329777941,1,-0.22516556291390732,0.0,3,-0.17690875232774672,0.09672664329777941,10,-0.13544056158655876,0.047121461582214835,2,-0.18041918287422198,0.04474638003968534,1,-0.045454545454545414,0.0,24,-0.2601023976023976,0.26121221742381956,15,-0.13567280283453664,0.10698409052123176,4,-0.1850204483935507,0.06497288201876536,17,-0.3651960784313726,0.33567496806144825,4,-0.20103715762082702,0.08455592958851016,0.7530864197530864,0.3446830162907414,0.9864200044213014,0.3333333333333333,0.03850248508269932,0.3448826974700211,0.6111111111111112,0.04934764555901405,0.7427429535905917,0.4074074074074074,0.04123594949321008,0.6466023568930026,0.5714285714285714,0.2211253828937837,0.7779685843698824,7,16,0.5058823529411764,0.22952327559683594,0.8825400868466979
distance_to_prior_52w_high_pct,40,0,-0.27816912918608117,-0.2225463294520934,0.20088012700689423,-0.7301342493603,0.08737864077669899,-0.4040109603778977,-0.12672702037726324,6,-0.20372604494741897,0.24028430102555307,4,-0.2898979703186382,0.29284556995767386,9,-0.13567280283453664,0.0869155494635162,9,-0.5786726323639075,0.2514088924834873,8,-0.2423067823185721,0.2429397960052974,3,-0.17690875232774672,0.09672664329777941,1,-0.22516556291390732,0.0,3,-0.17690875232774672,0.09672664329777941,10,-0.1473509806188109,0.07960402857303897,2,-0.18041918287422198,0.04474638003968534,1,-0.045454545454545414,0.0,24,-0.36986910148674856,0.3320191200138055,15,-0.13567280283453664,0.16044191538436037,4,-0.2898979703186382,0.29284556995767386,17,-0.37454212454212454,0.35874553637362805,4,-0.20103715762082702,0.08455592958851016,0.7530864197530864,0.4429998295293709,1.0224818904610116,0.5555555555555556,0.10663397948403547,0.7166328611690874,0.6111111111111112,0.15422516748410153,1.6668780728079662,0.3333333333333333,0.04123594949321008,0.502308444921807,0.6607142857142857,0.24585190477781255,0.7450051805400973,7,16,0.5686274509803921,0.2388693217075879,0.7746127236360265
close_above_prior_26w_high,40,0,0.025,0.0,0.15811388300841897,0.0,1.0,0.0,0.0,6,0.0,0.0,4,0.0,0.0,9,0.0,0.0,9,0.0,0.0,8,0.0,0.0,3,0.0,0.0,1,0.0,0.0,3,0.0,0.0,10,0.0,0.0,2,0.0,0.0,1,0.0,0.0,24,0.0,0.0,15,0.0,0.0,4,0.0,0.0,17,0.0,0.0,4,0.0,0.0,-0.1111111111111111,0.0,,0.0,0.0,,0.0,0.0,,0.0,0.0,,-0.0625,0.0,,7,16,-0.058823529411764705,0.0,
high_above_prior_26w_high,40,0,0.025,0.0,0.15811388300841897,0.0,1.0,0.0,0.0,6,0.0,0.0,4,0.0,0.0,9,0.0,0.0,9,0.0,0.0,8,0.0,0.0,3,0.0,0.0,1,0.0,0.0,3,0.0,0.0,10,0.0,0.0,2,0.0,0.0,1,0.0,0.0,24,0.0,0.0,15,0.0,0.0,4,0.0,0.0,17,0.0,0.0,4,0.0,0.0,-0.1111111111111111,0.0,,0.0,0.0,,0.0,0.0,,0.0,0.0,,-0.0625,0.0,,7,16,-0.058823529411764705,0.0,
weeks_since_26w_close_breakout,20,20,8.9,6.5,7.580445758313744,0.0,24.0,3.0,12.75,2,11.5,8.5,2,4.0,2.0,6,8.5,6.75,4,7.0,6.75,2,17.0,7.0,3,4.0,9.5,1,1.0,0.0,3,4.0,9.5,4,9.5,7.75,2,1.0,0.0,1,10.0,0.0,10,7.5,10.25,8,8.5,10.25,2,4.0,2.0,6,9.5,7.75,4,3.5,6.0,0.16666666666666666,1.5,0.20689655172413793,-0.5833333333333334,-8.5,-1.096774193548387,0.5,4.5,0.6428571428571429,0.05555555555555555,4.5,0.5625,0.0,0.0,0.0,4,6,-0.0625,-1.0,-0.1
post_breakout_min_close_vs_level_pct_26w,19,21,-0.07105880464443426,-0.08284023668639051,0.14370124642266494,-0.2991967871485943,0.34672304439746293,-0.14636194947315967,-0.04873206708425948,2,0.038176623784827446,0.08613580745829685,2,-0.0930107618712872,0.03925468435296908,6,-0.07899237267845538,0.05006307627553758,3,-0.19481865284974098,0.09168333565923925,2,-0.1784295867176302,0.07575101528905881,3,0.03756476683937815,0.2608909339634373,1,-0.06212424849699394,0.0,3,0.03756476683937815,0.2608909339634373,4,-0.09826535643843337,0.050876055184817665,2,-0.0006673228752748228,0.061456925621719116,1,-0.07514450867052025,0.0,9,-0.11583011583011582,0.14106257533142286,8,-0.0623247295827849,0.06978080949392096,2,-0.0930107618712872,0.03925468435296908,5,-0.19481865284974098,0.1383504861765732,4,-0.012279740828807895,0.20521222848399773,0.8888888888888888,0.1158262801712856,1.3576477029512155,0.6666666666666666,0.09943721403917483,1.7553572101766106,0.16666666666666666,0.014018389192831826,0.21356173200687664,-0.2222222222222222,-0.11655713951783353,-0.7705990032677926,0.7,0.09655329641130761,1.0478967993306338,4,5,0.85,0.13249392326695608,1.1941391718836452
post_breakout_min_low_vs_level_pct_26w,19,21,-0.11262582363595265,-0.09595375722543353,0.11117537045898304,-0.3373493975903614,0.11771177117711762,-0.18773234451373672,-0.07326732673267328,2,0.015998742731415938,0.10171302844570168,2,-0.10331567241676776,0.04634107815531463,6,-0.09531415671922566,0.05068666729695118,3,-0.21235521235521237,0.07074723765528435,2,-0.19255653766523334,0.0794612995699952,3,-0.09196891191709844,0.13017435642333042,1,-0.094188376753507,0.0,3,-0.09196891191709844,0.13017435642333042,4,-0.11132537334460413,0.05704907072236501,2,-0.030860740608239512,0.06332763614526749,1,-0.09595375722543353,0.0,9,-0.1496567505720824,0.12664092664092663,8,-0.09019442096365177,0.06646081360908415,2,-0.10331567241676776,0.04634107815531463,5,-0.21235521235521237,0.07616291495543581,4,-0.09307864433530272,0.06675177683897163,1.0,0.11704105563598671,1.1567565940485367,0.6666666666666666,0.09724238094600768,1.7045392626857574,0.0,0.008001515697542094,0.10880878344174026,-0.2222222222222222,-0.003345244802127223,-0.049813175781039686,0.8,0.10102983901060825,1.017830598525026,4,5,0.9,0.12216079139156061,1.1091346046370862
post_breakout_close_hold_ratio_26w,19,21,0.34912280701754383,0.2,0.407812354127897,0.0,1.0,0.0,0.625,2,0.6,0.4,2,0.25,0.25,6,0.24166666666666667,0.6416666666666666,3,0.0,0.1,2,0.0,0.0,3,1.0,0.25,1,0.0,0.0,3,1.0,0.25,4,0.041666666666666664,0.25,2,0.5,0.5,1,0.4,0.0,9,0.0,0.2,8,0.30000000000000004,0.75,2,0.25,0.25,5,0.0,0.0,4,0.75,0.625,0.4444444444444444,0.24166666666666667,0.6041666666666666,0.6666666666666666,0.24166666666666667,0.4957264957264957,0.16666666666666666,-0.008333333333333331,-0.014814814814814812,-0.6666666666666666,-0.7583333333333333,-0.8272727272727273,0.3,0.041666666666666664,0.5,4,5,0.625,0.30000000000000004,0.7500000000000001
weeks_closed_above_breakout_level_26w,19,21,2.0,1.0,2.70801280154532,0.0,11.0,0.0,3.0,2,3.5,0.5,2,0.5,0.5,6,1.0,2.25,3,0.0,1.5,2,0.0,0.0,3,4.0,4.0,1,0.0,0.0,3,4.0,4.0,4,0.5,1.5,2,0.5,0.5,1,4.0,0.0,9,0.0,3.0,8,2.0,2.5,2,0.5,0.5,5,0.0,0.0,4,3.5,3.5,0.2777777777777778,1.0,0.3333333333333333,0.6666666666666666,1.0,0.6666666666666666,0.3333333333333333,0.5,0.3333333333333333,-0.7777777777777778,-3.0,-1.0,0.25,0.5,0.5,4,5,0.55,2.0,0.6666666666666666
higher_weekly_low_count_8w,40,0,3.35,3.0,1.231009591914139,1.0,6.0,3.0,4.0,6,3.5,1.0,4,3.0,1.0,9,3.0,1.0,9,3.0,1.0,8,3.0,2.25,3,4.0,1.5,1,5.0,0.0,3,4.0,1.5,10,4.0,1.0,2,4.5,0.5,1,3.0,0.0,24,3.0,1.25,15,3.0,1.0,4,3.0,1.0,17,3.0,2.0,4,4.5,1.5,0.37037037037037035,0.0,0.0,0.1527777777777778,0.0,0.0,0.1388888888888889,0.0,0.0,-0.37037037037037035,-1.0,-1.0,0.29464285714285715,0.0,0.0,7,16,0.30980392156862746,0.0,0.0
higher_weekly_low_count_13w,40,0,5.975,6.0,1.7169964831288744,3.0,10.0,5.0,7.0,6,7.0,0.75,4,6.5,2.25,9,6.0,0.0,9,5.0,1.0,8,5.5,3.0,3,6.0,2.5,1,10.0,0.0,3,6.0,2.5,10,6.5,1.0,2,8.0,2.0,1,6.0,0.0,24,5.0,3.0,15,6.0,1.0,4,6.5,2.25,17,5.0,2.0,4,7.5,3.75,0.7654320987654321,1.0,1.0,0.25,0.5,0.25,-0.1388888888888889,-0.5,-0.5,0.07407407407407407,0.0,0.0,0.6071428571428571,1.0,0.5,7,16,0.596078431372549,1.0,0.5
weekly_low_slope_8w,40,0,0.0002981629855964629,-0.0011837121212121212,0.035026827001748966,-0.08073770491803278,0.09633290816326531,-0.008338558050534189,0.007400273617511521,6,0.005042701863354038,0.004952963494975255,4,0.0019652678144428505,0.008257989424147901,9,0.0,0.01049082362684805,9,-0.026327433628318585,0.061457030363381834,8,-0.00393833191730388,0.004449411241499874,3,0.04377880184331797,0.03424522373051785,1,0.08242521367521367,0.0,3,0.04377880184331797,0.03424522373051785,10,0.0006297229219143577,0.008361647555605114,2,0.05229941343661899,0.030125800238594687,1,-0.00510204081632653,0.0,24,-0.004324531819146919,0.0227741779587742,15,0.002454084863837872,0.01154494938648538,4,0.0019652678144428505,0.008257989424147901,17,-0.006996268656716418,0.033207862012754566,4,0.05952828981054788,0.04253370279046275,0.48148148148148145,0.026327433628318585,0.8738709582031728,0.25,0.00393833191730388,0.4167391102076873,-0.1111111111111111,-0.0019652678144428505,-0.18733208033479368,-0.8518518518518519,-0.04377880184331797,-1.9551030888630918,0.35714285714285715,0.007799012805664212,0.2858223965475272,7,16,0.4666666666666667,0.00945035352055429,0.6472432170523217
weekly_low_slope_13w,40,0,0.00039424624993056204,0.00017403411068569438,0.025169668411323835,-0.06229508196721312,0.062393162393162394,-0.0070300081468881274,0.008146620931250912,6,0.002948717948717949,0.011944649283243059,4,0.005351288968610436,0.010159345888967601,9,-0.0016563550445754373,0.008052359864726603,9,-0.013877233877233877,0.059079889335729156,8,-0.0025046020957235912,0.0057880414747768375,3,0.02977667493796526,0.022694555632904054,1,0.062393162393162394,0.0,3,0.02977667493796526,0.022694555632904054,10,-0.0017751472192574155,0.0022216589380768485,2,0.041129003736784776,0.021264158656377614,1,0.0057561486132914706,0.0,24,0.00032112260132839465,0.019867790227150805,15,0.0013186813186813185,0.00969398794219258,4,0.005351288968610436,0.010159345888967601,17,-0.004420866489832007,0.024813625206835988,4,0.03775692721257238,0.02748165195485843,0.48148148148148145,0.01222087883265844,0.6582211788696863,0.3055555555555556,0.000848247051148154,0.11293698039406916,-0.2222222222222222,-0.007007644013185873,-0.6788709036429964,-0.7037037037037037,-0.031433029982540696,-2.1645307225792645,0.32142857142857145,0.005505820142059855,0.36975160435879695,7,16,0.49019607843137253,0.005739547808513326,0.40012262141580957
rolling_low_4w_change,40,0,0.13012556211686205,0.00357630816917498,0.9125893875682757,-0.48963029756537424,5.684782608695652,-0.05792041576736856,0.03645422257300718,6,0.02715692403876213,0.032484856398019235,4,0.006926290220682807,0.06021341582573986,9,0.01412429378531077,0.020259689159944916,9,-0.125140924464487,0.0844057368170198,8,-0.0027475096198799065,0.09786002127377194,3,0.27919708029197077,2.82853740006571,1,0.39767441860465125,0.0,3,0.27919708029197077,2.82853740006571,10,0.017732633022035316,0.026115703061148743,2,0.22210635969646264,0.1755680589081886,1,0.0012787723785165905,0.0,24,-0.013711900859332826,0.13435954165794642,15,0.017429193899782147,0.03602187370805621,4,0.006926290220682807,0.06021341582573986,17,-0.07482993197278909,0.16110405160068697,4,0.338435749448311,1.5031267037673655,0.7037037037037037,0.13926521824979776,1.0649827052657526,0.3333333333333333,0.016871803405190677,0.5276832454832016,0.05555555555555555,0.007198003564627964,0.3552869694989701,-0.8518518518518519,-0.26507278650666,-6.524622071503543,0.5714285714285714,0.09215710874195704,0.6738129542628329,7,16,0.5686274509803921,0.09225912587257123,0.9633842159452108
rolling_low_8w_change,40,0,0.011411081522093825,-0.002677388897486921,0.2800285136701453,-0.5013215859030837,1.395543175487465,-0.06100138100585786,0.10483302344817447,6,0.03841887598597726,0.09834193031687971,4,0.1338427512761653,0.03500278377164345,9,0.014334470989761039,0.1001500342054501,9,-0.12765957446808507,0.36366893922551813,8,-0.046290859267958506,0.061648754690530105,3,0.0076142131979695105,0.055577147298872864,1,1.395543175487465,0.0,3,0.0076142131979695105,0.055577147298872864,10,-0.009688208789636554,0.05987705838001786,2,0.7664687299691485,0.6290744455183164,1,0.04685408299866123,0.0,24,-0.013210681256550005,0.25888532357107846,15,0.02008928571428581,0.11611870240931538,4,0.1338427512761653,0.03500278377164345,17,-0.0684736091298146,0.20107687489460113,4,0.05400790981183612,0.4211645108356769,0.6049382716049383,0.1419940454578461,0.864822067043036,0.5833333333333334,0.060625330257719545,0.5753854754391508,-0.6666666666666666,-0.11950828028640426,-0.813634894497257,0.037037037037037035,0.0067202577917915285,0.06530793001510124,0.5178571428571429,0.07094796894010841,0.45409738646605446,7,16,0.6313725490196078,0.0885628948441004,0.6643692807295385
weeks_since_13w_low,40,0,6.175,6.0,4.448494415428951,0.0,12.0,2.75,10.25,6,9.0,3.0,4,11.5,3.75,9,7.0,7.0,9,2.0,4.0,8,3.0,3.0,3,10.0,2.5,1,12.0,0.0,3,10.0,2.5,10,5.5,5.0,2,12.0,0.0,1,4.0,0.0,24,3.5,9.0,15,9.0,7.5,4,11.5,3.75,17,3.0,3.0,4,11.0,2.75,0.5061728395061729,5.0,0.6896551724137931,0.5138888888888888,4.0,0.6666666666666666,-0.2777777777777778,-4.5,-0.5625,-0.37037037037037035,-3.0,-0.41379310344827586,0.4642857142857143,4.5,0.75,7,16,0.6196078431372549,6.0,0.8275862068965517
weeks_since_26w_low,40,0,13.9,14.5,8.802097652089703,0.0,25.0,6.5,23.0,6,18.0,10.5,4,17.0,5.0,9,21.0,9.0,9,5.0,8.0,8,7.0,20.75,3,25.0,9.0,1,17.0,0.0,3,25.0,9.0,10,13.5,15.0,2,21.0,4.0,1,14.0,0.0,24,12.5,18.0,15,21.0,11.5,4,17.0,5.0,17,5.0,12.0,4,21.0,10.5,0.6790123456790124,16.0,0.9411764705882353,0.3611111111111111,14.0,0.875,0.2777777777777778,4.0,0.4444444444444444,-0.2222222222222222,-4.0,-0.32653061224489793,0.45535714285714285,15.0,0.75,7,16,0.48627450980392156,16.0,0.8421052631578947
distance_from_13w_low_pct,40,0,0.9575274176007726,0.12425771971496435,3.2063297123508785,0.0012886597938144284,18.121951219512194,0.057944228031593714,0.27766377601775194,6,0.10782967032967028,0.1484979137424428,4,0.17516760679043097,0.13988942507667573,9,0.07781569965870316,0.07044902312007695,9,0.18622448979591844,0.21879751579398232,8,0.052029019754670114,0.09977817431121322,3,0.7290836653386454,4.330390642242331,1,5.5,0.0,3,0.7290836653386454,4.330390642242331,10,0.06675897924926355,0.02984821124425968,2,2.888289396025969,2.6117106039740303,1,0.12787723785166238,0.0,24,0.132305424727019,0.2353137678719613,15,0.09065934065934056,0.1272646215656732,4,0.17516760679043097,0.13988942507667573,17,0.07718120805369133,0.24522058823529402,4,3.114541832669323,5.743382572117181,-0.2839506172839506,-0.10840879013721527,-0.5350416188662097,0.25,0.02578667990403305,0.26686760873388055,-0.2777777777777778,-0.09735190713172781,-0.6135360932339816,-0.7037037037037037,-0.6512679656799423,-3.056929015739768,-0.14285714285714285,-0.03310789132918801,-0.15301181175853515,7,16,0.06666666666666667,0.013478132605649229,0.06427692577511727
distance_from_26w_low_pct,40,0,1.0576229617934334,0.2047625193598348,3.192899875214855,0.012422360248447228,18.121951219512194,0.07717897904510262,0.4139171855541719,6,0.151098901098901,0.19182253375491065,4,0.2568196573071484,0.13536303030314284,9,0.1807228915662651,0.3561843003412968,9,0.1901528013582343,0.15054139712676395,8,0.07255740253527865,0.17944426049274986,3,1.2746331236897275,4.102018633540372,1,5.610169491525424,0.0,3,1.2746331236897275,4.102018633540372,10,0.08423752015902186,0.11605470517248923,2,3.2761351326055657,2.3340343589198587,1,0.1807228915662651,0.0,24,0.2133389518847686,0.20875670219717668,15,0.1807228915662651,0.2858273191940687,4,0.2568196573071484,0.13536303030314284,17,0.18622448979591844,0.21784226965122322,4,3.4424013076075757,5.302661592646959,-0.08641975308641975,-0.009429909791969227,-0.03312334333902276,0.3055555555555556,0.10816548903098644,0.4953667567078001,-0.4444444444444444,-0.07609676574088331,-0.2699802038891302,-0.9259259259259259,-1.0939102321234624,-2.041276246164313,-0.017857142857142856,-0.0360491844043348,-0.16883406474614243,7,16,0.11372549019607843,-0.005501598229653348,-0.025724139600652833
weekly_down_week_ratio_8w,40,0,0.546875,0.5,0.18276609508555056,0.125,0.875,0.375,0.625,6,0.5625,0.125,4,0.5625,0.125,9,0.5,0.25,9,0.625,0.375,8,0.6875,0.25,3,0.375,0.0625,1,0.125,0.0,3,0.375,0.0625,10,0.5625,0.21875,2,0.3125,0.1875,1,0.375,0.0,24,0.625,0.15625,15,0.5,0.25,4,0.5625,0.125,17,0.625,0.25,4,0.375,0.09375,-0.30864197530864196,-0.125,-0.5,-0.4861111111111111,-0.1875,-0.5,-0.3333333333333333,-0.0625,-0.25,0.3333333333333333,0.125,0.8,-0.30357142857142855,-0.125,-0.4,7,16,-0.3411764705882353,-0.125,-0.6666666666666666
weekly_ma_spread_pct,30,10,0.6386010013866167,0.3422351563395071,0.9952212294070503,0.03775585284280944,4.948517966550754,0.1511535424378877,0.5412329350717116,3,0.36192497184099026,0.5227798889819194,3,0.6143895295084372,0.6914838074204916,8,0.16497589998991208,0.12862037904984588,6,1.0613252146494618,2.14875148741078,6,0.27573593115420003,0.20685267198145385,3,0.44389208909370204,0.09870115164655602,1,0.4923752136752137,0.0,3,0.44389208909370204,0.09870115164655602,8,0.15226969802020682,0.11488196508707053,2,0.48493448931036137,0.007440724364852325,1,0.09451857666143376,0.0,16,0.36877823553789996,0.8969808894445118,11,0.17544979079497908,0.2974313866347485,3,0.6143895295084372,0.6914838074204916,12,0.3248598204475672,0.7598692531278931,4,0.46813365138445784,0.08571291925941177,-0.4583333333333333,-0.8963493146595498,-1.7323880290410176,-0.08333333333333333,-0.11076003116428795,-0.47112537200112226,-0.8333333333333334,-0.4494136295185251,-1.2422628166411183,-0.5833333333333334,-0.27891618910378996,-0.9043293853341174,-0.42424242424242425,-0.1971542843418851,-0.4922106649905004,6,11,-0.24242424242424243,-0.14941002965258815,-0.35920289841485303
wma12_wma26_gap_pct,40,0,0.08455733003647202,0.05322870957839265,0.08183027478590482,0.0016610925306577765,0.30866802813705463,0.027786181457529598,0.11166634866010405,6,0.021880126590454033,0.03496405894773437,4,0.10381778520931617,0.038673930138453216,9,0.04450113378684807,0.022078355862249953,9,0.1494276094276095,0.15682350767575898,8,0.03651656842461215,0.02980963093572464,3,0.14467682854779637,0.06640415313068034,1,0.23647271531886918,0.0,3,0.14467682854779637,0.06640415313068034,10,0.0294237024915327,0.018868974443637603,2,0.1666607950029408,0.06981192031592842,1,0.04450113378684807,0.0,24,0.059913312340720115,0.09781254650267261,15,0.03518451245723966,0.024761099294543277,4,0.10381778520931617,0.038673930138453216,17,0.058430816495332494,0.12137059699559695,4,0.16918403393201786,0.08065825364232984,-0.5308641975308642,-0.10492647564076142,-0.9644856307926405,0.05555555555555555,0.00798456536223592,0.31273195281047994,-0.6111111111111112,-0.0593166514224681,-0.8979414831298181,-0.9259259259259259,-0.1001756947609483,-2.799107924434552,-0.375,-0.024728799883480458,-0.29633305710883373,7,16,-0.34901960784313724,-0.023246304038092837,-0.32207821966789835
weekly_return_4w,40,0,0.3953640516757139,-0.022448741067254363,2.5423571563109495,-0.37229437229437234,16.043478260869566,-0.07148213865579167,0.05075413446600996,6,0.0005464215678345208,0.12945546843099157,4,-0.024721474594241954,0.08822665162107785,9,-0.020703933747411973,0.07077288746824029,9,-0.14889958734525444,0.08174672489082979,8,0.0016777469633867392,0.05759186177328304,3,0.020785219399538146,0.2772643601763925,1,0.3676212741087084,0.0,3,0.020785219399538146,0.2772643601763925,10,-0.022448741067254363,0.0794509572192654,2,0.25872690944816634,0.10889436466054203,1,0.101123595505618,0.0,24,-0.038172882526011254,0.15082896249114397,15,-0.020703933747411973,0.10986796068385496,4,-0.024721474594241954,0.08822665162107785,17,-0.031325301204819245,0.17129019328404738,4,0.19420324675412326,0.3987592211200739,0.5061728395061729,0.12819565359784246,0.7840148748469281,-0.05555555555555555,-0.022381680710798713,-0.3613588545090057,0.1111111111111111,0.004017540846829981,0.04626842820442996,-0.3333333333333333,-0.04148915314695012,-0.5027298184275958,0.16071428571428573,0.026469102215312845,0.19770276808119341,7,16,0.24705882352941178,0.010621367457407271,0.08517424842545851
weekly_return_8w,40,0,0.5982977369126825,-0.023279252704031472,2.6890760352687697,-0.43518518518518523,14.742971887550201,-0.05531074552813681,0.060743396781879955,6,-0.0032316952832050494,0.06401733111674943,4,0.0036796018066181935,0.061861958771642495,9,-0.02433628318584069,0.1087329889342773,9,-0.15635179153094458,0.2602465124234121,8,-0.019838010495094704,0.042149677995386464,3,0.5555555555555556,4.366487455197133,1,1.5913621262458473,0.0,3,0.5555555555555556,4.366487455197133,10,-0.027356598475732075,0.05578978090218545,2,0.901770115158679,0.6895920110871683,1,-0.02433628318584069,0.0,24,-0.028797453269218176,0.16368194616401938,15,-0.02433628318584069,0.08249810323640588,4,0.0036796018066181935,0.061861958771642495,17,-0.05138888888888893,0.19187404210696135,4,1.0734588409007015,2.960098655616285,0.4567901234567901,0.1320155083451039,0.5681942531882987,0.027777777777777776,-0.004498272690745986,-0.09952604861191938,-0.2222222222222222,-0.028015884992458884,-0.2576576369972947,-0.48148148148148145,-0.5798918387413963,-3.282574912786936,0.19642857142857142,0.02081804080803451,0.12173086838577199,7,16,0.3333333333333333,0.027052605703048238,0.2528576157978613
weekly_return_13w,40,0,0.5536837435203767,0.0032592692493565445,2.0438727233985525,-0.44058641975308643,8.974554707379134,-0.10592046247383632,0.12791895604395603,6,0.04184883512008142,0.19778729000090864,4,0.0673877165058352,0.17137627823993232,9,0.01153106982703389,0.07643678160919543,9,-0.16044776119402981,0.2751439350017715,8,-0.038252411193060165,0.07087204717443371,3,0.6756756756756757,3.9660378662244327,1,5.437414030261348,0.0,3,0.6756756756756757,3.9660378662244327,10,-0.00620996936786411,0.04064354243200041,2,2.860849518841708,2.5765645114196394,1,0.050000000000000044,0.0,24,-0.03315006615868965,0.2236791781454064,15,0.01590106007067127,0.11846820711762379,4,0.0673877165058352,0.17137627823993232,17,-0.10367454068241466,0.24928542262147813,4,3.0565448529685115,5.55432269905147,0.6049382716049383,0.1719788310210637,0.9068065239744555,0.25,0.049783481020094056,0.47814642787660955,-0.2777777777777778,-0.0558566466788013,-0.37916236967853034,-0.7037037037037037,-0.6641446058486418,-3.405610441286376,0.35714285714285715,0.10075897685785057,0.5972555896184073,7,16,0.5372549019607843,0.11957560075308593,0.7114749748440686
weekly_return_26w,40,0,0.4572314789331407,-0.010690441296205833,1.6348667495828073,-0.5169886742171885,7.470588235294118,-0.12204684728269635,0.20698223874699612,6,-0.04645848342939485,0.18461842472999815,4,0.07234168087059134,0.3236438079957182,9,0.01153106982703389,0.2591670515263381,9,-0.3672504154416464,0.4879568106312293,8,-0.010690441296205833,0.14372790430913515,3,1.2639540949400105,3.5092757208008036,1,4.693430656934306,0.0,3,1.2639540949400105,3.5092757208008036,10,-0.031222121453293616,0.11534943546157639,2,2.7122184496323882,1.9812122073019183,1,0.1122320302648172,0.0,24,-0.03719229180335837,0.34037359308337695,15,0.008645533141210304,0.27370946803313323,4,0.07234168087059134,0.3236438079957182,17,-0.09431524547803616,0.396792338096686,4,2.9786923759371584,4.326745281896124,0.5061728395061729,0.3787814852686803,0.9234665953192385,0.2222222222222222,0.022221511123239723,0.10490896112486629,0.16666666666666666,-0.06081061104355745,-0.21800892210483927,-0.9259259259259259,-1.2524230251129767,-2.2781212679788743,0.26785714285714285,0.07220788581811288,0.23690235832533263,7,16,0.30980392156862746,0.10296077861924646,0.4947007266576962
recent_4w_return_vs_prior_12w,40,0,0.037261262760137054,-0.010788574376857993,0.3027985558857709,-0.08583761480474347,1.8901176522027232,-0.03359941633142402,0.017532475431725557,6,0.0009281605943817772,0.04086743884726525,4,-0.02332972675744488,0.03526512038301303,9,-0.0031795127182119853,0.02516867507118336,9,-0.029037449016653456,0.09253393634810986,8,0.0011516905167127062,0.013847231679341137,3,-0.05219966559082596,0.04184139133557603,1,-0.03577969016412458,0.0,3,-0.05219966559082596,0.04184139133557603,10,-0.007719422125936926,0.029743981804296354,2,-0.005122085610801078,0.030657604553323496,1,0.020791890983460598,0.0,24,-0.011552306173876689,0.05927334472860964,15,-0.0031795127182119853,0.038632406274981476,4,-0.02332972675744488,0.03526512038301303,17,-0.002552983474754365,0.05654375180949971,4,-0.043989677877475264,0.03323567723781405,0.2839506172839506,0.02585793629844147,0.5171596786077619,-0.1111111111111111,-0.004331203234924691,-0.18154483992424103,0.3888888888888889,0.020150214039232894,0.5857519337908854,0.6296296296296297,0.04902015287261397,1.6484870263317515,0.0,-0.0063239311862576236,-0.17470762900644124,7,16,0.11372549019607843,-0.0006265292434576202,-0.014270486907427955
weekly_positive_ratio_8w,40,0,0.41875,0.375,0.16877670728828942,0.125,0.875,0.375,0.5,6,0.375,0.09375,4,0.375,0.0,9,0.5,0.25,9,0.375,0.375,8,0.3125,0.28125,3,0.625,0.0625,1,0.875,0.0,3,0.625,0.0625,10,0.4375,0.125,2,0.6875,0.1875,1,0.625,0.0,24,0.375,0.25,15,0.5,0.125,4,0.375,0.0,17,0.375,0.375,4,0.625,0.09375,0.38271604938271603,0.125,1.0,0.5416666666666666,0.1875,0.75,0.5555555555555556,0.125,1.0,-0.4444444444444444,-0.125,-0.8,0.3482142857142857,0.125,0.5,7,16,0.3254901960784314,0.125,0.5
distance_from_52w_low_pct,40,0,1.4833281026279075,0.2786946580752442,3.832773869536709,0.012422360248447228,18.121951219512194,0.17545734546105163,0.624948353858283,6,0.16510775217000895,0.15925704283415137,4,0.2774227599488057,0.2148471002167563,9,0.4157303370786516,0.8182294581901257,9,0.28091872791519434,0.2170701127139949,8,0.19415274834849805,0.1737062360014145,3,2.988970588235294,4.19730367842546,1,15.10461114934618,0.0,3,2.988970588235294,4.19730367842546,10,0.16782314514921692,0.37813308480356933,2,8.611712942917064,6.492898206429116,1,0.4157303370786516,0.0,24,0.2374626121635095,0.1285523547063513,15,0.2907391552511416,0.6237747670481127,4,0.2774227599488057,0.2148471002167563,17,0.21513944223107573,0.1755050221527461,4,6.057776433358153,8.196367824613311,0.20987654320987653,0.13481160916345725,0.3394950926919778,0.5555555555555556,0.22157758873015354,0.8419382153967914,0.16666666666666666,0.13830757712984587,0.28142068792356784,-0.7777777777777778,-2.5732402511566423,-1.9101840534183954,0.19642857142857142,0.11382496579148305,0.538965561947644,7,16,0.19215686274509805,0.07559971302006585,0.2681815555705672
range_position_26w,40,0,0.4254755321064142,0.3973641880529356,0.2606178729204741,0.01890359168241966,0.9477040816326531,0.209407773915947,0.6406761953740809,6,0.4087601672153801,0.2001322471853909,4,0.4627163616525318,0.1818199518905037,9,0.5414201183431953,0.5184101502933798,9,0.14736842105263157,0.09927633736670605,8,0.33666666666666667,0.20677010133350587,3,0.6716541978387365,0.09328980027160239,1,0.7449362340585146,0.0,3,0.6716541978387365,0.09328980027160239,10,0.30148414454277284,0.28437155119364693,2,0.750229893206875,0.005293659148360552,1,0.7627118644067796,0.0,24,0.3606561916802119,0.35450757724646326,15,0.4672131147540984,0.41443732733130534,4,0.4627163616525318,0.1818199518905037,17,0.20348475420037337,0.2720802429601471,4,0.7082952159486255,0.10160642730063474,0.6790123456790124,0.39405169729056366,0.8835272370735553,0.3888888888888889,0.2047534516765286,0.5391516060539369,0.16666666666666666,0.07870375669066343,0.1728705168929254,-0.5555555555555556,-0.13023407949554122,-0.3746315449639285,0.4642857142857143,0.2824853514326173,0.826568372341997,7,16,0.5137254901960784,0.263728360553725,0.7491676866441809
range_position_52w,40,0,0.44474310814649076,0.47599637681159424,0.2787606188668318,0.013245033112582781,0.9477040816326531,0.20628013913410104,0.6652873378656861,6,0.455895390070922,0.2746375757443747,4,0.3722789258428584,0.3994523670930643,9,0.616519174041298,0.27089273349534826,9,0.14736842105263157,0.1872687766160467,8,0.3234962406015037,0.2089318600610946,3,0.6725049227899265,0.09679207726842731,1,0.7634535777646363,0.0,3,0.6725049227899265,0.09679207726842731,10,0.5337918050119641,0.31406612100214526,2,0.78788321480159,0.024429637036953555,1,0.8604651162790697,0.0,24,0.25847553863506006,0.3492167543089298,15,0.5700737618545838,0.31018506243904304,4,0.3722789258428584,0.3994523670930643,17,0.22760290556900725,0.3017252396166134,4,0.7179792502772814,0.11660752986524614,0.7283950617283951,0.4691507529886664,0.8688261159200585,0.8055555555555556,0.29302293343979424,0.7994750457633018,0.5,0.2442402481984396,1.1694701059740042,-0.3333333333333333,-0.055985748748628494,-0.23382296843451264,0.7321428571428571,0.36579679814787996,0.9804434213737625,7,16,0.615686274509804,0.34247085628557655,0.8741354550893076
recent_8w_max_runup,40,0,0.9151736398572172,0.16272189349112431,2.9266578725912553,0.04086021505376336,16.043478260869566,0.10105671482075973,0.31869209155830147,6,0.09953697121354299,0.06985986013849949,4,0.19036538666099356,0.07229942875374185,9,0.135,0.04538944417357382,9,0.46300715990453467,0.5013378560593291,8,0.07817415166320862,0.1044096510644375,3,0.6355633802816902,4.9996870249485825,1,1.9926238145416226,0.0,3,0.6355633802816902,4.9996870249485825,10,0.11386808755760369,0.05053408519213093,2,1.1487408776389931,0.8438829369026295,1,0.135,0.0,24,0.19036538666099356,0.2799619478555073,15,0.11870503597122295,0.06421201117481878,4,0.19036538666099356,0.07229942875374185,17,0.20707070707070696,0.37631059787164967,4,1.3140935974116563,3.517638838169241,-0.9012345679012346,-0.32800715990453466,-1.141933084864011,0.2777777777777778,0.056825848336791385,0.6375944647902441,-0.5,-0.055365386660993554,-0.7703948565349448,-0.6296296296296297,-0.5005633802816902,-5.475170243592029,-0.5,-0.10989915795350669,-0.5959396139676795,7,16,-0.3568627450980392,-0.08836567109948401,-0.4605448094706678
consecutive_positive_weeks,40,0,0.525,0.0,0.9333562268254528,0.0,4.0,0.0,1.0,6,0.0,0.75,4,0.0,0.0,9,0.0,0.0,9,0.0,1.0,8,0.5,2.0,3,0.0,0.5,1,0.0,0.0,3,0.0,0.5,10,0.0,0.0,2,0.0,0.0,1,1.0,0.0,24,0.0,1.0,15,0.0,0.5,4,0.0,0.0,17,0.0,2.0,4,0.0,0.25,-0.2716049382716049,0.0,0.0,-0.3611111111111111,-0.5,-0.5,0.2222222222222222,0.0,,-0.1111111111111111,0.0,0.0,-0.4017857142857143,-0.5,-0.5,7,16,-0.2823529411764706,0.0,0.0
higher_low_after_breakout_count,19,21,4.0,2.0,3.496029493900505,0.0,12.0,1.5,5.5,2,5.5,3.5,2,1.0,0.0,6,3.5,3.75,3,2.0,1.5,2,6.0,2.0,3,3.0,5.5,1,0.0,0.0,3,3.0,5.5,4,4.0,5.0,2,0.5,0.5,1,5.0,0.0,9,2.0,3.0,8,3.5,4.75,2,1.0,0.0,5,4.0,3.0,4,2.0,4.5,0.16666666666666666,1.5,0.5,-0.3333333333333333,-2.5,-0.5555555555555556,0.8333333333333334,2.5,0.5882352941176471,-0.05555555555555555,0.5,0.125,0.1,0.0,0.0,4,5,0.025,-0.5,-0.125
close_back_below_breakout_level,20,20,0.55,1.0,0.5104177855340404,0.0,1.0,0.0,1.0,2,0.0,0.0,2,1.0,0.0,6,0.5,1.0,4,1.0,0.25,2,1.0,0.0,3,0.0,0.0,1,1.0,0.0,3,0.0,0.0,4,1.0,0.25,2,0.5,0.5,1,0.0,0.0,10,1.0,0.75,8,0.0,1.0,2,1.0,0.0,6,1.0,0.0,4,0.0,0.25,-0.25,-0.5,-0.5,-0.5,-0.5,-0.5,-0.5,-0.5,-0.5,0.5,0.5,0.5,-0.08333333333333333,0.0,,4,6,-0.4583333333333333,-1.0,-1.0
