ticker,trade_sequence,column,authority,production,kind
000070,1,investability_market_cap_source_file,artifacts/investability/history/source/krx_market_cap_20250627.csv,artifacts/patterns/pattern_a/validation/investability_history/source/krx_market_cap_20250627.csv,STRUCTURAL
000240,1,investability_market_cap_source_file,artifacts/investability/history/source/krx_market_cap_20240927.csv,artifacts/patterns/pattern_a/validation/investability_history/source/krx_market_cap_20240927.csv,STRUCTURAL
000270,1,investability_market_cap_source_file,artifacts/investability/history/source/krx_market_cap_20230331.csv,artifacts/patterns/pattern_a/validation/investability_history/source/krx_market_cap_20230331.csv,STRUCTURAL
000370,1,investability_market_cap_source_file,artifacts/investability/history/source/krx_market_cap_20250627.csv,artifacts/patterns/pattern_a/validation/investability_history/source/krx_market_cap_20250627.csv,STRUCTURAL
000660,1,entry_signal_date,2023-06-30,2022-03-04,STRUCTURAL
000660,1,entry_execution_date,2023-07-03,2022-03-07,STRUCTURAL
000660,1,entry_pattern_a_stage,TRANSITION,EARLY_TREND,STRUCTURAL
000660,1,investability_market_cap_source_file,artifacts/investability/history/source/krx_market_cap_20230630.csv,artifacts/patterns/pattern_a/validation/investability_history/source/krx_market_cap_20220304.csv,STRUCTURAL
000660,1,entry_open,115300.0,119000.0,NUMERIC
000660,1,fast_score,79.8,73.04,NUMERIC
000660,1,investability_market_cap,83865872448000.0,90636294442500.0,NUMERIC
000660,1,investability_avg_trading_value_20d,435160840020.8,530579332144.45,NUMERIC
000660,1,terminal_return,46.57,42.02,NUMERIC
000660,1,mfe,66.0,60.84,NUMERIC
000660,1,mae,-4.86,-38.57,NUMERIC
000660,1,peak_giveback,19.43,18.82,NUMERIC
000660,1,profit_capture,0.7056,0.6907,NUMERIC
000660,1,holding_weeks,41.0,106.6,NUMERIC
000810,1,entry_signal_date,2022-12-23,2022-12-16,STRUCTURAL
000810,1,entry_execution_date,2022-12-26,2022-12-19,STRUCTURAL
000810,1,entry_pattern_a_stage,EARLY_TREND,TRANSITION,STRUCTURAL
000810,1,investability_market_cap_source_file,artifacts/investability/history/source/krx_market_cap_20221223.csv,artifacts/patterns/pattern_a/validation/investability_history/source/krx_market_cap_20221216.csv,STRUCTURAL
000810,1,entry_open,215000.0,212000.0,NUMERIC
000810,1,fast_score,79.3,76.85,NUMERIC
000810,1,investability_market_cap,10256652210500.0,10138215118000.0,NUMERIC
000810,1,investability_avg_trading_value_20d,18405259414.8,18485981339.8,NUMERIC
000810,1,terminal_return,78.37,80.9,NUMERIC
000810,1,mfe,83.02,85.61,NUMERIC
000810,1,mae,-11.4,-10.14,NUMERIC
000810,1,peak_giveback,4.65,4.71,NUMERIC
000810,1,profit_capture,0.944,0.945,NUMERIC
000810,1,holding_weeks,74.2,75.2,NUMERIC
000880,1,entry_signal_date,2023-06-30,2023-06-02,STRUCTURAL
000880,1,entry_execution_date,2023-07-03,2023-06-05,STRUCTURAL
000880,1,investability_market_cap_source_file,artifacts/investability/history/source/krx_market_cap_20230630.csv,artifacts/patterns/pattern_a/validation/investability_history/source/krx_market_cap_20230602.csv,STRUCTURAL
000880,1,entry_open,30100.0,30850.0,NUMERIC
000880,1,fast_score,78.49,79.8,NUMERIC
000880,1,investability_market_cap,2245014113250.0,2301233164500.0,NUMERIC
000880,1,investability_avg_trading_value_20d,8479727050.0,8544560407.5,NUMERIC
000880,1,terminal_return,235.22,227.07,NUMERIC
000880,1,mfe,245.85,237.44,NUMERIC
000880,1,mae,-28.57,-30.31,NUMERIC
000880,1,peak_giveback,10.63,10.37,NUMERIC
000880,1,profit_capture,0.9568,0.9563,NUMERIC
000880,1,holding_weeks,97.0,100.8,NUMERIC
001040,1,entry_signal_date,2023-03-31,2023-01-06,STRUCTURAL
001040,1,entry_execution_date,2023-04-03,2023-01-09,STRUCTURAL
001040,1,investability_market_cap_source_file,artifacts/investability/history/source/krx_market_cap_20230331.csv,artifacts/patterns/pattern_a/validation/investability_history/source/krx_market_cap_20230106.csv,STRUCTURAL
001040,1,entry_open,104300.0,81800.0,NUMERIC
001040,1,fast_score,79.3,70.79,NUMERIC
001040,1,investability_market_cap,3043160891400.0,2357501438400.0,NUMERIC
001040,1,investability_avg_trading_value_20d,10121392511.5,4412405600.0,NUMERIC
001040,1,terminal_return,25.5,60.02,NUMERIC
001040,1,mfe,46.6,86.92,NUMERIC
001040,1,mae,-42.19,-26.28,NUMERIC
001040,1,peak_giveback,21.1,26.9,NUMERIC
001040,1,profit_capture,0.5472,0.6905,NUMERIC
001040,1,holding_weeks,65.6,77.0,NUMERIC
001130,1,investability_market_cap_source_file,artifacts/investability/history/source/krx_market_cap_20250627.csv,artifacts/patterns/pattern_a/validation/investability_history/source/krx_market_cap_20250627.csv,STRUCTURAL
001500,1,investability_market_cap_source_file,artifacts/investability/history/source/krx_market_cap_20250627.csv,artifacts/patterns/pattern_a/validation/investability_history/source/krx_market_cap_20250627.csv,STRUCTURAL
001510,1,investability_market_cap_source_file,artifacts/investability/history/source/krx_market_cap_20250627.csv,artifacts/patterns/pattern_a/validation/investability_history/source/krx_market_cap_20250627.csv,STRUCTURAL
001680,1,investability_market_cap_source_file,artifacts/investability/history/source/krx_market_cap_20250328.csv,artifacts/patterns/pattern_a/validation/investability_history/source/krx_market_cap_20250328.csv,STRUCTURAL
001740,1,entry_signal_date,2023-06-30,2023-06-02,STRUCTURAL
001740,1,entry_execution_date,2023-07-03,2023-06-05,STRUCTURAL
001740,1,investability_market_cap_source_file,artifacts/investability/history/source/krx_market_cap_20230630.csv,artifacts/patterns/pattern_a/validation/investability_history/source/krx_market_cap_20230602.csv,STRUCTURAL
001740,1,entry_open,5150.0,4665.0,NUMERIC
001740,1,fast_score,78.55,70.85,NUMERIC
001740,1,investability_market_cap,1197753586200.0,1098726714900.0,NUMERIC
001740,1,investability_avg_trading_value_20d,8775361704.5,3379015902.75,NUMERIC
001740,1,terminal_return,47.38,62.7,NUMERIC
001740,1,mfe,215.34,248.12,NUMERIC
001740,1,mae,-26.12,-18.44,NUMERIC
001740,1,peak_giveback,167.96,185.42,NUMERIC
001740,1,profit_capture,0.22,0.2527,NUMERIC
001740,1,holding_weeks,152.0,155.8,NUMERIC
001800,1,investability_market_cap_source_file,artifacts/investability/history/source/krx_market_cap_20240927.csv,artifacts/patterns/pattern_a/validation/investability_history/source/krx_market_cap_20240927.csv,STRUCTURAL
002200,1,investability_market_cap_source_file,artifacts/investability/history/source/krx_market_cap_20241227.csv,artifacts/patterns/pattern_a/validation/investability_history/source/krx_market_cap_20241227.csv,STRUCTURAL
003230,1,entry_signal_date,2022-12-23,2022-04-22,STRUCTURAL
003230,1,entry_execution_date,2022-12-26,2022-04-25,STRUCTURAL
003230,1,investability_market_cap_source_file,artifacts/investability/history/source/krx_market_cap_20221223.csv,artifacts/patterns/pattern_a/validation/investability_history/source/krx_market_cap_20220422.csv,STRUCTURAL
003230,1,entry_open,124500.0,104500.0,NUMERIC
003230,1,fast_score,80.24,80.99,NUMERIC
003230,1,investability_market_cap,937860367500.0,802266097500.0,NUMERIC
003230,1,investability_avg_trading_value_20d,7020416700.0,13696628245.0,NUMERIC
003230,1,terminal_return,60.48,91.2,NUMERIC
003230,1,mfe,66.67,98.56,NUMERIC
003230,1,mae,-17.19,-18.09,NUMERIC
003230,1,peak_giveback,6.19,7.36,NUMERIC
003230,1,profit_capture,0.9072,0.9253,NUMERIC
003230,1,holding_weeks,38.0,71.4,NUMERIC
003720,1,investability_market_cap_source_file,artifacts/investability/history/source/krx_market_cap_20240927.csv,artifacts/patterns/pattern_a/validation/investability_history/source/krx_market_cap_20240927.csv,STRUCTURAL
004140,1,investability_market_cap_source_file,artifacts/investability/history/source/krx_market_cap_20250627.csv,artifacts/patterns/pattern_a/validation/investability_history/source/krx_market_cap_20250627.csv,STRUCTURAL
004150,1,investability_market_cap_source_file,artifacts/investability/history/source/krx_market_cap_20250627.csv,artifacts/patterns/pattern_a/validation/investability_history/source/krx_market_cap_20250627.csv,STRUCTURAL
004170,1,investability_market_cap_source_file,artifacts/investability/history/source/krx_market_cap_20250627.csv,artifacts/patterns/pattern_a/validation/investability_history/source/krx_market_cap_20250627.csv,STRUCTURAL
004370,1,entry_signal_date,2022-12-23,2022-02-04,STRUCTURAL
004370,1,entry_execution_date,2022-12-26,2022-02-07,STRUCTURAL
004370,1,investability_market_cap_source_file,artifacts/investability/history/source/krx_market_cap_20221223.csv,artifacts/patterns/pattern_a/validation/investability_history/source/krx_market_cap_20220204.csv,STRUCTURAL
004370,1,entry_open,348500.0,336500.0,NUMERIC
004370,1,fast_score,79.3,81.55,NUMERIC
004370,1,investability_market_cap,2119800737000.0,2074180922000.0,NUMERIC
004370,1,investability_avg_trading_value_20d,5626102925.0,10125925575.0,NUMERIC
004370,1,terminal_return,7.75,11.59,NUMERIC
004370,1,mfe,43.47,48.59,NUMERIC
004370,1,mae,-7.03,-21.99,NUMERIC
004370,1,peak_giveback,35.72,37.0,NUMERIC
004370,1,profit_capture,0.1783,0.2385,NUMERIC
004370,1,holding_weeks,54.4,98.4,NUMERIC
004800,1,investability_market_cap_source_file,artifacts/investability/history/source/krx_market_cap_20250627.csv,artifacts/patterns/pattern_a/validation/investability_history/source/krx_market_cap_20250627.csv,STRUCTURAL
005380,1,entry_signal_date,2023-06-30,2023-04-07,STRUCTURAL
005380,1,entry_execution_date,2023-07-03,2023-04-10,STRUCTURAL
005380,1,investability_market_cap_source_file,artifacts/investability/history/source/krx_market_cap_20230630.csv,artifacts/patterns/pattern_a/validation/investability_history/source/krx_market_cap_20230407.csv,STRUCTURAL
005380,1,entry_open,207500.0,186000.0,NUMERIC
005380,1,fast_score,82.05,81.55,NUMERIC
005380,1,investability_market_cap,43681255989000.0,39154481760600.0,NUMERIC
005380,1,investability_avg_trading_value_20d,107826228350.7,92328641596.4,NUMERIC
005380,1,terminal_return,14.46,27.69,NUMERIC
005380,1,mfe,44.34,61.02,NUMERIC
005380,1,mae,-18.41,-8.98,NUMERIC
005380,1,peak_giveback,29.88,33.33,NUMERIC
005380,1,profit_capture,0.3261,0.4538,NUMERIC
005380,1,holding_weeks,61.2,72.4,NUMERIC
005490,1,entry_signal_date,2023-03-31,2023-03-03,STRUCTURAL
005490,1,entry_execution_date,2023-04-03,2023-03-06,STRUCTURAL
005490,1,investability_market_cap_source_file,artifacts/investability/history/source/krx_market_cap_20230331.csv,artifacts/patterns/pattern_a/validation/investability_history/source/krx_market_cap_20230303.csv,STRUCTURAL
005490,1,entry_open,385000.0,334000.0,NUMERIC
005490,1,fast_score,80.24,77.24,NUMERIC
005490,1,investability_market_cap,31122212640000.0,28077648360000.0,NUMERIC
005490,1,investability_avg_trading_value_20d,289794438000.0,250844134025.0,NUMERIC
005490,1,terminal_return,37.4,58.38,NUMERIC
005490,1,mfe,98.44,128.74,NUMERIC
005490,1,mae,-7.53,-5.84,NUMERIC
005490,1,peak_giveback,61.04,70.36,NUMERIC
005490,1,profit_capture,0.3799,0.4535,NUMERIC
005490,1,holding_weeks,24.8,28.8,NUMERIC
005680,1,investability_market_cap_source_file,artifacts/investability/history/source/krx_market_cap_20250627.csv,artifacts/patterns/pattern_a/validation/investability_history/source/krx_market_cap_20250627.csv,STRUCTURAL
005710,1,investability_market_cap_source_file,artifacts/investability/history/source/krx_market_cap_20250328.csv,artifacts/patterns/pattern_a/validation/investability_history/source/krx_market_cap_20250328.csv,STRUCTURAL
005740,1,investability_market_cap_source_file,artifacts/investability/history/source/krx_market_cap_20250627.csv,artifacts/patterns/pattern_a/validation/investability_history/source/krx_market_cap_20250627.csv,STRUCTURAL
005830,1,investability_market_cap_source_file,artifacts/investability/history/source/krx_market_cap_20221223.csv,artifacts/patterns/pattern_a/validation/investability_history/source/krx_market_cap_20221223.csv,STRUCTURAL
005850,1,entry_signal_date,2025-03-28,2024-06-07,STRUCTURAL
005850,1,entry_execution_date,2025-03-31,2024-06-10,STRUCTURAL
005850,1,daily_risk,ELEVATED,NORMAL,STRUCTURAL
005850,1,investability_market_cap_source_file,artifacts/investability/history/source/krx_market_cap_20250328.csv,artifacts/patterns/pattern_a/validation/investability_history/source/krx_market_cap_20240607.csv,STRUCTURAL
005850,1,entry_open,38050.0,37050.0,NUMERIC
005850,1,fast_score,69.24,76.94,NUMERIC
005850,1,investability_market_cap,1806847428000.0,1744141926000.0,NUMERIC
005850,1,investability_avg_trading_value_20d,9151076903.75,6536509065.0,NUMERIC
005850,1,terminal_return,93.43,98.65,NUMERIC
005850,1,mfe,108.94,114.57,NUMERIC
005850,1,mae,-23.52,-27.53,NUMERIC
005850,1,peak_giveback,15.51,15.92,NUMERIC
005850,1,profit_capture,0.8576,0.861,NUMERIC
005850,1,holding_weeks,57.0,96.0,NUMERIC
005930,1,entry_signal_date,2023-06-30,2023-06-02,STRUCTURAL
005930,1,entry_execution_date,2023-07-03,2023-06-05,STRUCTURAL
005930,1,investability_market_cap_source_file,artifacts/investability/history/source/krx_market_cap_20230630.csv,artifacts/patterns/pattern_a/validation/investability_history/source/krx_market_cap_20230602.csv,STRUCTURAL
005930,1,fast_score,82.05,79.3,NUMERIC
005930,1,investability_avg_trading_value_20d,896696805614.25,931146264818.6,NUMERIC
005930,1,holding_weeks,152.0,155.8,NUMERIC
006730,1,investability_market_cap_source_file,artifacts/investability/history/source/krx_market_cap_20250627.csv,artifacts/patterns/pattern_a/validation/investability_history/source/krx_market_cap_20250627.csv,STRUCTURAL
006800,1,investability_market_cap_source_file,artifacts/investability/history/source/krx_market_cap_20240927.csv,artifacts/patterns/pattern_a/validation/investability_history/source/krx_market_cap_20240927.csv,STRUCTURAL
007340,1,investability_market_cap_source_file,artifacts/investability/history/source/krx_market_cap_20250627.csv,artifacts/patterns/pattern_a/validation/investability_history/source/krx_market_cap_20250627.csv,STRUCTURAL
007660,1,investability_market_cap_source_file,artifacts/investability/history/source/krx_market_cap_20250627.csv,artifacts/patterns/pattern_a/validation/investability_history/source/krx_market_cap_20250627.csv,STRUCTURAL
008060,1,investability_market_cap_source_file,artifacts/investability/history/source/krx_market_cap_20241227.csv,artifacts/patterns/pattern_a/validation/investability_history/source/krx_market_cap_20241227.csv,STRUCTURAL
008930,1,investability_market_cap_source_file,artifacts/investability/history/source/krx_market_cap_20250627.csv,artifacts/patterns/pattern_a/validation/investability_history/source/krx_market_cap_20250627.csv,STRUCTURAL
009160,1,investability_market_cap_source_file,artifacts/investability/history/source/krx_market_cap_20250627.csv,artifacts/patterns/pattern_a/validation/investability_history/source/krx_market_cap_20250627.csv,STRUCTURAL
009450,1,investability_market_cap_source_file,artifacts/investability/history/source/krx_market_cap_20240927.csv,artifacts/patterns/pattern_a/validation/investability_history/source/krx_market_cap_20240927.csv,STRUCTURAL
009680,1,investability_market_cap_source_file,artifacts/investability/history/source/krx_market_cap_20250328.csv,artifacts/patterns/pattern_a/validation/investability_history/source/krx_market_cap_20250328.csv,STRUCTURAL
009970,1,investability_market_cap_source_file,artifacts/investability/history/source/krx_market_cap_20250328.csv,artifacts/patterns/pattern_a/validation/investability_history/source/krx_market_cap_20250328.csv,STRUCTURAL
010130,1,investability_market_cap_source_file,artifacts/investability/history/source/krx_market_cap_20240927.csv,artifacts/patterns/pattern_a/validation/investability_history/source/krx_market_cap_20240927.csv,STRUCTURAL
010660,1,investability_market_cap_source_file,artifacts/investability/history/source/krx_market_cap_20250627.csv,artifacts/patterns/pattern_a/validation/investability_history/source/krx_market_cap_20250627.csv,STRUCTURAL
011560,1,investability_market_cap_source_file,artifacts/investability/history/source/krx_market_cap_20250627.csv,artifacts/patterns/pattern_a/validation/investability_history/source/krx_market_cap_20250627.csv,STRUCTURAL
011780,1,investability_market_cap_source_file,artifacts/investability/history/source/krx_market_cap_20240927.csv,artifacts/patterns/pattern_a/validation/investability_history/source/krx_market_cap_20240927.csv,STRUCTURAL
012330,1,investability_market_cap_source_file,artifacts/investability/history/source/krx_market_cap_20250627.csv,artifacts/patterns/pattern_a/validation/investability_history/source/krx_market_cap_20250627.csv,STRUCTURAL
012750,1,investability_market_cap_source_file,artifacts/investability/history/source/krx_market_cap_20241227.csv,artifacts/patterns/pattern_a/validation/investability_history/source/krx_market_cap_20241227.csv,STRUCTURAL
013890,1,investability_market_cap_source_file,artifacts/investability/history/source/krx_market_cap_20241227.csv,artifacts/patterns/pattern_a/validation/investability_history/source/krx_market_cap_20241227.csv,STRUCTURAL
014620,1,investability_market_cap_source_file,artifacts/investability/history/source/krx_market_cap_20241227.csv,artifacts/patterns/pattern_a/validation/investability_history/source/krx_market_cap_20241227.csv,STRUCTURAL
014830,1,investability_market_cap_source_file,artifacts/investability/history/source/krx_market_cap_20250627.csv,artifacts/patterns/pattern_a/validation/investability_history/source/krx_market_cap_20250627.csv,STRUCTURAL
015230,1,investability_market_cap_source_file,artifacts/investability/history/source/krx_market_cap_20250627.csv,artifacts/patterns/pattern_a/validation/investability_history/source/krx_market_cap_20250627.csv,STRUCTURAL
015860,1,investability_market_cap_source_file,artifacts/investability/history/source/krx_market_cap_20250627.csv,artifacts/patterns/pattern_a/validation/investability_history/source/krx_market_cap_20250627.csv,STRUCTURAL
016090,1,investability_market_cap_source_file,artifacts/investability/history/source/krx_market_cap_20241227.csv,artifacts/patterns/pattern_a/validation/investability_history/source/krx_market_cap_20241227.csv,STRUCTURAL
017940,1,investability_market_cap_source_file,artifacts/investability/history/source/krx_market_cap_20250627.csv,artifacts/patterns/pattern_a/validation/investability_history/source/krx_market_cap_20250627.csv,STRUCTURAL
018260,1,entry_signal_date,2025-06-27,2023-09-01,STRUCTURAL
018260,1,entry_execution_date,2025-06-30,2023-09-04,STRUCTURAL
018260,1,daily_risk,ELEVATED,NORMAL,STRUCTURAL
018260,1,investability_market_cap_source_file,artifacts/investability/history/source/krx_market_cap_20250627.csv,artifacts/patterns/pattern_a/validation/investability_history/source/krx_market_cap_20230901.csv,STRUCTURAL
018260,1,entry_open,171100.0,142000.0,NUMERIC
018260,1,fast_score,75.74,76.3,NUMERIC
018260,1,investability_market_cap,13409572740000.0,11072763180000.0,NUMERIC
018260,1,investability_avg_trading_value_20d,71217288252.5,27490138045.0,NUMERIC
018260,1,terminal_return,42.31,71.48,NUMERIC
018260,1,mfe,127.06,173.59,NUMERIC
018260,1,mae,-16.01,-23.24,NUMERIC
018260,1,peak_giveback,84.75,102.11,NUMERIC
018260,1,profit_capture,0.333,0.4118,NUMERIC
018260,1,holding_weeks,55.4,143.2,NUMERIC
018310,1,investability_market_cap_source_file,artifacts/investability/history/source/krx_market_cap_20240927.csv,artifacts/patterns/pattern_a/validation/investability_history/source/krx_market_cap_20240927.csv,STRUCTURAL
019210,1,investability_market_cap_source_file,artifacts/investability/history/source/krx_market_cap_20250627.csv,artifacts/patterns/pattern_a/validation/investability_history/source/krx_market_cap_20250627.csv,STRUCTURAL
021240,1,investability_market_cap_source_file,artifacts/investability/history/source/krx_market_cap_20241227.csv,artifacts/patterns/pattern_a/validation/investability_history/source/krx_market_cap_20241227.csv,STRUCTURAL
023530,1,entry_signal_date,2022-06-24,2022-06-03,STRUCTURAL
023530,1,entry_execution_date,2022-06-27,2022-06-07,STRUCTURAL
023530,1,investability_market_cap_source_file,artifacts/investability/history/source/krx_market_cap_20220624.csv,artifacts/patterns/pattern_a/validation/investability_history/source/krx_market_cap_20220603.csv,STRUCTURAL
023530,1,entry_open,101500.0,106500.0,NUMERIC
023530,1,fast_score,69.31,75.13,NUMERIC
023530,1,investability_market_cap,2857164255000.0,3012752407500.0,NUMERIC
023530,1,investability_avg_trading_value_20d,12114846025.0,10787851665.0,NUMERIC
023530,1,terminal_return,40.49,33.9,NUMERIC
023530,1,mfe,75.37,67.14,NUMERIC
023530,1,mae,-48.97,-51.36,NUMERIC
023530,1,peak_giveback,34.88,33.24,NUMERIC
023530,1,profit_capture,0.5372,0.5049,NUMERIC
023530,1,holding_weeks,192.0,194.8,NUMERIC
023600,1,investability_market_cap_source_file,artifacts/investability/history/source/krx_market_cap_20250627.csv,artifacts/patterns/pattern_a/validation/investability_history/source/krx_market_cap_20250627.csv,STRUCTURAL
023760,1,investability_market_cap_source_file,artifacts/investability/history/source/krx_market_cap_20250627.csv,artifacts/patterns/pattern_a/validation/investability_history/source/krx_market_cap_20250627.csv,STRUCTURAL
023910,1,investability_market_cap_source_file,artifacts/investability/history/source/krx_market_cap_20250627.csv,artifacts/patterns/pattern_a/validation/investability_history/source/krx_market_cap_20250627.csv,STRUCTURAL
024110,1,entry_signal_date,2023-09-22,2023-09-01,STRUCTURAL
024110,1,entry_execution_date,2023-09-25,2023-09-04,STRUCTURAL
024110,1,investability_market_cap_source_file,artifacts/investability/history/source/krx_market_cap_20230922.csv,artifacts/patterns/pattern_a/validation/investability_history/source/krx_market_cap_20230901.csv,STRUCTURAL
024110,1,entry_open,11450.0,10710.0,NUMERIC
024110,1,investability_market_cap,9130526200050.0,8580302350440.0,NUMERIC
024110,1,investability_avg_trading_value_20d,9199247791.5,6172413391.0,NUMERIC
024110,1,terminal_return,99.56,113.35,NUMERIC
024110,1,mfe,158.08,175.91,NUMERIC
024110,1,mae,-4.37,0.0,NUMERIC
024110,1,peak_giveback,58.52,62.56,NUMERIC
024110,1,profit_capture,0.6298,0.6444,NUMERIC
024110,1,holding_weeks,126.2,129.2,NUMERIC
025860,1,investability_market_cap_source_file,artifacts/investability/history/source/krx_market_cap_20250627.csv,artifacts/patterns/pattern_a/validation/investability_history/source/krx_market_cap_20250627.csv,STRUCTURAL
027410,1,investability_market_cap_source_file,artifacts/investability/history/source/krx_market_cap_20250627.csv,artifacts/patterns/pattern_a/validation/investability_history/source/krx_market_cap_20250627.csv,STRUCTURAL
028260,1,entry_signal_date,2023-12-22,2022-07-01,STRUCTURAL
028260,1,entry_execution_date,2023-12-26,2022-07-04,STRUCTURAL
028260,1,investability_market_cap_source_file,artifacts/investability/history/source/krx_market_cap_20231222.csv,artifacts/patterns/pattern_a/validation/investability_history/source/krx_market_cap_20220701.csv,STRUCTURAL
028260,1,entry_open,127600.0,123000.0,NUMERIC
028260,1,fast_score,82.3,72.04,NUMERIC
028260,1,investability_market_cap,23681497092000.0,22893667422500.0,NUMERIC
028260,1,investability_avg_trading_value_20d,39287877695.0,42025913606.4,NUMERIC
028260,1,terminal_return,135.5,144.31,NUMERIC
028260,1,mfe,143.73,152.85,NUMERIC
028260,1,mae,-15.28,-19.27,NUMERIC
028260,1,peak_giveback,8.23,8.54,NUMERIC
028260,1,profit_capture,0.9427,0.9441,NUMERIC
028260,1,holding_weeks,102.2,175.4,NUMERIC
029460,1,investability_market_cap_source_file,artifacts/investability/history/source/krx_market_cap_20250627.csv,artifacts/patterns/pattern_a/validation/investability_history/source/krx_market_cap_20250627.csv,STRUCTURAL
029780,1,investability_market_cap_source_file,artifacts/investability/history/source/krx_market_cap_20250627.csv,artifacts/patterns/pattern_a/validation/investability_history/source/krx_market_cap_20250627.csv,STRUCTURAL
030000,1,investability_market_cap_source_file,artifacts/investability/history/source/krx_market_cap_20250627.csv,artifacts/patterns/pattern_a/validation/investability_history/source/krx_market_cap_20250627.csv,STRUCTURAL
030190,1,investability_market_cap_source_file,artifacts/investability/history/source/krx_market_cap_20241227.csv,artifacts/patterns/pattern_a/validation/investability_history/source/krx_market_cap_20241227.csv,STRUCTURAL
030200,1,entry_signal_date,2023-12-22,2023-10-06,STRUCTURAL
030200,1,entry_execution_date,2023-12-26,2023-10-10,STRUCTURAL
030200,1,investability_market_cap_source_file,artifacts/investability/history/source/krx_market_cap_20231222.csv,artifacts/patterns/pattern_a/validation/investability_history/source/krx_market_cap_20231006.csv,STRUCTURAL
030200,1,entry_open,35500.0,33450.0,NUMERIC
030200,1,fast_score,79.85,77.35,NUMERIC
030200,1,investability_market_cap,9128270904000.0,8483619004000.0,NUMERIC
030200,1,investability_avg_trading_value_20d,24781194364.9,26619388291.2,NUMERIC
030200,1,terminal_return,41.69,50.37,NUMERIC
030200,1,mfe,66.76,76.98,NUMERIC
030200,1,mae,-7.18,-3.89,NUMERIC
030200,1,peak_giveback,25.07,26.61,NUMERIC
030200,1,profit_capture,0.6245,0.6543,NUMERIC
030200,1,holding_weeks,93.8,104.6,NUMERIC
032350,1,investability_market_cap_source_file,artifacts/investability/history/source/krx_market_cap_20250627.csv,artifacts/patterns/pattern_a/validation/investability_history/source/krx_market_cap_20250627.csv,STRUCTURAL
032830,1,entry_signal_date,2022-12-23,2022-05-27,STRUCTURAL
032830,1,entry_execution_date,2022-12-26,2022-05-30,STRUCTURAL
032830,1,entry_pattern_a_stage,EARLY_TREND,TRANSITION,STRUCTURAL
032830,1,investability_market_cap_source_file,artifacts/investability/history/source/krx_market_cap_20221223.csv,artifacts/patterns/pattern_a/validation/investability_history/source/krx_market_cap_20220527.csv,STRUCTURAL
032830,1,entry_open,74000.0,69500.0,NUMERIC
032830,1,fast_score,79.8,69.35,NUMERIC
032830,1,investability_market_cap,14840000000000.0,13960000000000.0,NUMERIC
032830,1,investability_avg_trading_value_20d,21836834151.1,16971053950.0,NUMERIC
032830,1,terminal_return,154.05,170.5,NUMERIC
032830,1,mfe,170.27,187.77,NUMERIC
032830,1,mae,-18.92,-19.42,NUMERIC
032830,1,peak_giveback,16.22,17.27,NUMERIC
032830,1,profit_capture,0.9047,0.908,NUMERIC
032830,1,holding_weeks,151.4,180.0,NUMERIC
033780,1,investability_market_cap_source_file,artifacts/investability/history/source/krx_market_cap_20240927.csv,artifacts/patterns/pattern_a/validation/investability_history/source/krx_market_cap_20240927.csv,STRUCTURAL
034230,1,investability_market_cap_source_file,artifacts/investability/history/source/krx_market_cap_20250627.csv,artifacts/patterns/pattern_a/validation/investability_history/source/krx_market_cap_20250627.csv,STRUCTURAL
034310,1,investability_market_cap_source_file,artifacts/investability/history/source/krx_market_cap_20250627.csv,artifacts/patterns/pattern_a/validation/investability_history/source/krx_market_cap_20250627.csv,STRUCTURAL
034730,1,entry_signal_date,2025-06-27,2024-02-23,STRUCTURAL
034730,1,entry_execution_date,2025-06-30,2024-02-26,STRUCTURAL
034730,1,daily_risk,ELEVATED,NORMAL,STRUCTURAL
034730,1,investability_market_cap_source_file,artifacts/investability/history/source/krx_market_cap_20250627.csv,artifacts/patterns/pattern_a/validation/investability_history/source/krx_market_cap_20240223.csv,STRUCTURAL
034730,1,entry_open,198800.0,199800.0,NUMERIC
034730,1,fast_score,70.99,72.74,NUMERIC
034730,1,investability_market_cap,14326534112800.0,14932459116000.0,NUMERIC
034730,1,investability_avg_trading_value_20d,89962537725.0,59112548285.0,NUMERIC
034730,1,terminal_return,63.48,62.66,NUMERIC
034730,1,mfe,70.77,69.92,NUMERIC
034730,1,mae,-11.02,-42.54,NUMERIC
034730,1,peak_giveback,7.29,7.26,NUMERIC
034730,1,profit_capture,0.897,0.8962,NUMERIC
034730,1,holding_weeks,29.4,94.2,NUMERIC
035420,1,investability_market_cap_source_file,artifacts/investability/history/source/krx_market_cap_20250627.csv,artifacts/patterns/pattern_a/validation/investability_history/source/krx_market_cap_20250627.csv,STRUCTURAL
035890,1,investability_market_cap_source_file,artifacts/investability/history/source/krx_market_cap_20240927.csv,artifacts/patterns/pattern_a/validation/investability_history/source/krx_market_cap_20240927.csv,STRUCTURAL
036190,1,investability_market_cap_source_file,artifacts/investability/history/source/krx_market_cap_20250627.csv,artifacts/patterns/pattern_a/validation/investability_history/source/krx_market_cap_20250627.csv,STRUCTURAL
036620,1,investability_market_cap_source_file,artifacts/investability/history/source/krx_market_cap_20250328.csv,artifacts/patterns/pattern_a/validation/investability_history/source/krx_market_cap_20250328.csv,STRUCTURAL
036890,1,investability_market_cap_source_file,artifacts/investability/history/source/krx_market_cap_20250627.csv,artifacts/patterns/pattern_a/validation/investability_history/source/krx_market_cap_20250627.csv,STRUCTURAL
039340,1,investability_market_cap_source_file,artifacts/investability/history/source/krx_market_cap_20241227.csv,artifacts/patterns/pattern_a/validation/investability_history/source/krx_market_cap_20241227.csv,STRUCTURAL
044450,1,investability_market_cap_source_file,artifacts/investability/history/source/krx_market_cap_20240927.csv,artifacts/patterns/pattern_a/validation/investability_history/source/krx_market_cap_20240927.csv,STRUCTURAL
052330,1,investability_market_cap_source_file,artifacts/investability/history/source/krx_market_cap_20250328.csv,artifacts/patterns/pattern_a/validation/investability_history/source/krx_market_cap_20250328.csv,STRUCTURAL
053350,1,investability_market_cap_source_file,artifacts/investability/history/source/krx_market_cap_20250328.csv,artifacts/patterns/pattern_a/validation/investability_history/source/krx_market_cap_20250328.csv,STRUCTURAL
054950,1,investability_market_cap_source_file,artifacts/investability/history/source/krx_market_cap_20250627.csv,artifacts/patterns/pattern_a/validation/investability_history/source/krx_market_cap_20250627.csv,STRUCTURAL
060980,1,investability_market_cap_source_file,artifacts/investability/history/source/krx_market_cap_20250328.csv,artifacts/patterns/pattern_a/validation/investability_history/source/krx_market_cap_20250328.csv,STRUCTURAL
064760,1,investability_market_cap_source_file,artifacts/investability/history/source/krx_market_cap_20250627.csv,artifacts/patterns/pattern_a/validation/investability_history/source/krx_market_cap_20250627.csv,STRUCTURAL
064960,1,investability_market_cap_source_file,artifacts/investability/history/source/krx_market_cap_20250627.csv,artifacts/patterns/pattern_a/validation/investability_history/source/krx_market_cap_20250627.csv,STRUCTURAL
065660,1,investability_market_cap_source_file,artifacts/investability/history/source/krx_market_cap_20241227.csv,artifacts/patterns/pattern_a/validation/investability_history/source/krx_market_cap_20241227.csv,STRUCTURAL
066620,1,investability_market_cap_source_file,artifacts/investability/history/source/krx_market_cap_20250627.csv,artifacts/patterns/pattern_a/validation/investability_history/source/krx_market_cap_20250627.csv,STRUCTURAL
067830,1,investability_market_cap_source_file,artifacts/investability/history/source/krx_market_cap_20250627.csv,artifacts/patterns/pattern_a/validation/investability_history/source/krx_market_cap_20250627.csv,STRUCTURAL
068270,1,investability_market_cap_source_file,artifacts/investability/history/source/krx_market_cap_20231222.csv,artifacts/patterns/pattern_a/validation/investability_history/source/krx_market_cap_20231222.csv,STRUCTURAL
069460,1,investability_market_cap_source_file,artifacts/investability/history/source/krx_market_cap_20250627.csv,artifacts/patterns/pattern_a/validation/investability_history/source/krx_market_cap_20250627.csv,STRUCTURAL
069620,1,entry_signal_date,2022-03-25,2022-03-18,STRUCTURAL
069620,1,entry_execution_date,2022-03-28,2022-03-21,STRUCTURAL
069620,1,investability_market_cap_source_file,artifacts/investability/history/source/krx_market_cap_20220325.csv,artifacts/patterns/pattern_a/validation/investability_history/source/krx_market_cap_20220318.csv,STRUCTURAL
069620,1,entry_open,166500.0,171500.0,NUMERIC
069620,1,fast_score,71.99,77.99,NUMERIC
069620,1,investability_market_cap,1946544600000.0,2027650625000.0,NUMERIC
069620,1,investability_avg_trading_value_20d,9564240550.0,10169443900.0,NUMERIC
069620,1,terminal_return,-25.17,-27.35,NUMERIC
069620,1,mfe,19.76,16.27,NUMERIC
069620,1,mae,-46.97,-48.51,NUMERIC
069620,1,peak_giveback,44.93,43.62,NUMERIC
069620,1,profit_capture,-1.2738,-1.681,NUMERIC
069620,1,holding_weeks,214.8,215.8,NUMERIC
069960,1,investability_market_cap_source_file,artifacts/investability/history/source/krx_market_cap_20250328.csv,artifacts/patterns/pattern_a/validation/investability_history/source/krx_market_cap_20250328.csv,STRUCTURAL
072710,1,investability_market_cap_source_file,artifacts/investability/history/source/krx_market_cap_20250627.csv,artifacts/patterns/pattern_a/validation/investability_history/source/krx_market_cap_20250627.csv,STRUCTURAL
078930,1,entry_signal_date,2024-03-29,2022-05-06,STRUCTURAL
078930,1,entry_execution_date,2024-04-01,2022-05-09,STRUCTURAL
078930,1,entry_pattern_a_stage,EARLY_TREND,TRANSITION,STRUCTURAL
078930,1,investability_market_cap_source_file,artifacts/investability/history/source/krx_market_cap_20240329.csv,artifacts/patterns/pattern_a/validation/investability_history/source/krx_market_cap_20220506.csv,STRUCTURAL
078930,1,entry_open,48700.0,47700.0,NUMERIC
078930,1,fast_score,75.49,79.3,NUMERIC
078930,1,investability_market_cap,4483166988500.0,4432063530600.0,NUMERIC
078930,1,investability_avg_trading_value_20d,7543043970.0,10407616867.5,NUMERIC
078930,1,terminal_return,69.2,72.75,NUMERIC
078930,1,mfe,72.48,76.1,NUMERIC
078930,1,mae,-28.75,-27.67,NUMERIC
078930,1,peak_giveback,3.28,3.35,NUMERIC
078930,1,profit_capture,0.9547,0.956,NUMERIC
078930,1,holding_weeks,101.4,195.0,NUMERIC
079960,1,investability_market_cap_source_file,artifacts/investability/history/source/krx_market_cap_20250627.csv,artifacts/patterns/pattern_a/validation/investability_history/source/krx_market_cap_20250627.csv,STRUCTURAL
084110,1,investability_market_cap_source_file,artifacts/investability/history/source/krx_market_cap_20240927.csv,artifacts/patterns/pattern_a/validation/investability_history/source/krx_market_cap_20240927.csv,STRUCTURAL
086280,1,investability_market_cap_source_file,artifacts/investability/history/source/krx_market_cap_20240927.csv,artifacts/patterns/pattern_a/validation/investability_history/source/krx_market_cap_20240927.csv,STRUCTURAL
088350,1,investability_market_cap_source_file,artifacts/investability/history/source/krx_market_cap_20250627.csv,artifacts/patterns/pattern_a/validation/investability_history/source/krx_market_cap_20250627.csv,STRUCTURAL
089970,1,investability_market_cap_source_file,artifacts/investability/history/source/krx_market_cap_20250328.csv,artifacts/patterns/pattern_a/validation/investability_history/source/krx_market_cap_20250328.csv,STRUCTURAL
090350,1,investability_market_cap_source_file,artifacts/investability/history/source/krx_market_cap_20250627.csv,artifacts/patterns/pattern_a/validation/investability_history/source/krx_market_cap_20250627.csv,STRUCTURAL
090850,1,investability_market_cap_source_file,artifacts/investability/history/source/krx_market_cap_20250627.csv,artifacts/patterns/pattern_a/validation/investability_history/source/krx_market_cap_20250627.csv,STRUCTURAL
092230,1,investability_market_cap_source_file,artifacts/investability/history/source/krx_market_cap_20250627.csv,artifacts/patterns/pattern_a/validation/investability_history/source/krx_market_cap_20250627.csv,STRUCTURAL
092730,1,investability_market_cap_source_file,artifacts/investability/history/source/krx_market_cap_20250627.csv,artifacts/patterns/pattern_a/validation/investability_history/source/krx_market_cap_20250627.csv,STRUCTURAL
095610,1,investability_market_cap_source_file,artifacts/investability/history/source/krx_market_cap_20250627.csv,artifacts/patterns/pattern_a/validation/investability_history/source/krx_market_cap_20250627.csv,STRUCTURAL
096530,1,investability_market_cap_source_file,artifacts/investability/history/source/krx_market_cap_20250627.csv,artifacts/patterns/pattern_a/validation/investability_history/source/krx_market_cap_20250627.csv,STRUCTURAL
099430,1,investability_market_cap_source_file,artifacts/investability/history/source/krx_market_cap_20241227.csv,artifacts/patterns/pattern_a/validation/investability_history/source/krx_market_cap_20241227.csv,STRUCTURAL
102710,1,investability_market_cap_source_file,artifacts/investability/history/source/krx_market_cap_20250328.csv,artifacts/patterns/pattern_a/validation/investability_history/source/krx_market_cap_20250328.csv,STRUCTURAL
105560,1,entry_signal_date,2023-09-22,2023-01-06,STRUCTURAL
105560,1,entry_execution_date,2023-09-25,2023-01-09,STRUCTURAL
105560,1,investability_market_cap_source_file,artifacts/investability/history/source/krx_market_cap_20230922.csv,artifacts/patterns/pattern_a/validation/investability_history/source/krx_market_cap_20230106.csv,STRUCTURAL
105560,1,entry_open,57600.0,57300.0,NUMERIC
105560,1,fast_score,82.3,80.24,NUMERIC
105560,1,investability_market_cap,23201886640000.0,23184463755600.0,NUMERIC
105560,1,investability_avg_trading_value_20d,46800555489.5,64533462182.35,NUMERIC
105560,1,terminal_return,68.06,68.94,NUMERIC
105560,1,mfe,80.38,81.33,NUMERIC
105560,1,mae,-15.1,-19.46,NUMERIC
105560,1,peak_giveback,12.32,12.39,NUMERIC
105560,1,profit_capture,0.8467,0.8477,NUMERIC
105560,1,holding_weeks,57.6,93.0,NUMERIC
109740,1,investability_market_cap_source_file,artifacts/investability/history/source/krx_market_cap_20250627.csv,artifacts/patterns/pattern_a/validation/investability_history/source/krx_market_cap_20250627.csv,STRUCTURAL
111770,1,investability_market_cap_source_file,artifacts/investability/history/source/krx_market_cap_20250328.csv,artifacts/patterns/pattern_a/validation/investability_history/source/krx_market_cap_20250328.csv,STRUCTURAL
112610,1,investability_market_cap_source_file,artifacts/investability/history/source/krx_market_cap_20240927.csv,artifacts/patterns/pattern_a/validation/investability_history/source/krx_market_cap_20240927.csv,STRUCTURAL
114810,1,investability_market_cap_source_file,artifacts/investability/history/source/krx_market_cap_20250627.csv,artifacts/patterns/pattern_a/validation/investability_history/source/krx_market_cap_20250627.csv,STRUCTURAL
122870,1,investability_market_cap_source_file,artifacts/investability/history/source/krx_market_cap_20250328.csv,artifacts/patterns/pattern_a/validation/investability_history/source/krx_market_cap_20250328.csv,STRUCTURAL
127120,1,investability_market_cap_source_file,artifacts/investability/history/source/krx_market_cap_20241227.csv,artifacts/patterns/pattern_a/validation/investability_history/source/krx_market_cap_20241227.csv,STRUCTURAL
140860,1,investability_market_cap_source_file,artifacts/investability/history/source/krx_market_cap_20241227.csv,artifacts/patterns/pattern_a/validation/investability_history/source/krx_market_cap_20241227.csv,STRUCTURAL
145020,1,entry_signal_date,2023-12-22,2023-12-01,STRUCTURAL
145020,1,entry_execution_date,2023-12-26,2023-12-04,STRUCTURAL
145020,1,investability_market_cap_source_file,artifacts/investability/history/source/krx_market_cap_20231222.csv,artifacts/patterns/pattern_a/validation/investability_history/source/krx_market_cap_20231201.csv,STRUCTURAL
145020,1,entry_open,148000.0,154700.0,NUMERIC
145020,1,fast_score,73.24,78.49,NUMERIC
145020,1,investability_market_cap,1829331703500.0,1894974615000.0,NUMERIC
145020,1,investability_avg_trading_value_20d,8665652290.0,9855163295.0,NUMERIC
145020,1,terminal_return,65.88,58.69,NUMERIC
145020,1,mfe,77.36,69.68,NUMERIC
145020,1,mae,-3.04,-9.83,NUMERIC
145020,1,peak_giveback,11.48,10.99,NUMERIC
145020,1,profit_capture,0.8516,0.8423,NUMERIC
145020,1,holding_weeks,29.6,32.6,NUMERIC
145990,1,investability_market_cap_source_file,artifacts/investability/history/source/krx_market_cap_20250627.csv,artifacts/patterns/pattern_a/validation/investability_history/source/krx_market_cap_20250627.csv,STRUCTURAL
183190,1,investability_market_cap_source_file,artifacts/investability/history/source/krx_market_cap_20250627.csv,artifacts/patterns/pattern_a/validation/investability_history/source/krx_market_cap_20250627.csv,STRUCTURAL
183300,1,investability_market_cap_source_file,artifacts/investability/history/source/krx_market_cap_20250627.csv,artifacts/patterns/pattern_a/validation/investability_history/source/krx_market_cap_20250627.csv,STRUCTURAL
192080,1,investability_market_cap_source_file,artifacts/investability/history/source/krx_market_cap_20250627.csv,artifacts/patterns/pattern_a/validation/investability_history/source/krx_market_cap_20250627.csv,STRUCTURAL
200670,1,investability_market_cap_source_file,artifacts/investability/history/source/krx_market_cap_20240927.csv,artifacts/patterns/pattern_a/validation/investability_history/source/krx_market_cap_20240927.csv,STRUCTURAL
207940,1,entry_signal_date,2024-03-29,2022-07-29,STRUCTURAL
207940,1,entry_execution_date,2024-04-01,2022-08-01,STRUCTURAL
207940,1,investability_market_cap_source_file,artifacts/investability/history/source/krx_market_cap_20240329.csv,artifacts/patterns/pattern_a/validation/investability_history/source/krx_market_cap_20220729.csv,STRUCTURAL
207940,1,entry_open,1233321.0,1261285.0,NUMERIC
207940,1,fast_score,79.8,79.1,NUMERIC
207940,1,investability_market_cap,59145594000000.0,61565510000000.0,NUMERIC
207940,1,investability_avg_trading_value_20d,60202253103.9,45594886300.0,NUMERIC
207940,1,terminal_return,25.51,22.73,NUMERIC
207940,1,mfe,61.11,57.54,NUMERIC
207940,1,mae,-13.96,-22.05,NUMERIC
207940,1,peak_giveback,35.6,34.81,NUMERIC
207940,1,profit_capture,0.4174,0.395,NUMERIC
207940,1,holding_weeks,115.4,197.4,NUMERIC
214150,1,entry_signal_date,2022-12-23,2022-12-02,STRUCTURAL
214150,1,entry_execution_date,2022-12-26,2022-12-05,STRUCTURAL
214150,1,investability_market_cap_source_file,artifacts/investability/history/source/krx_market_cap_20221223.csv,artifacts/patterns/pattern_a/validation/investability_history/source/krx_market_cap_20221202.csv,STRUCTURAL
214150,1,entry_open,18650.0,19750.0,NUMERIC
214150,1,fast_score,76.04,78.49,NUMERIC
214150,1,investability_market_cap,1208085492300.0,1259906853900.0,NUMERIC
214150,1,investability_avg_trading_value_20d,4189376757.5,9062109460.0,NUMERIC
214150,1,terminal_return,98.93,87.85,NUMERIC
214150,1,mfe,125.2,112.66,NUMERIC
214150,1,mae,-9.65,-14.68,NUMERIC
214150,1,peak_giveback,26.27,24.81,NUMERIC
214150,1,profit_capture,0.7902,0.7798,NUMERIC
214150,1,holding_weeks,38.0,41.0,NUMERIC
226400,1,investability_market_cap_source_file,artifacts/investability/history/source/krx_market_cap_20240927.csv,artifacts/patterns/pattern_a/validation/investability_history/source/krx_market_cap_20240927.csv,STRUCTURAL
241560,1,investability_market_cap_source_file,artifacts/investability/history/source/krx_market_cap_20250328.csv,artifacts/patterns/pattern_a/validation/investability_history/source/krx_market_cap_20250328.csv,STRUCTURAL
251120,1,investability_market_cap_source_file,artifacts/investability/history/source/krx_market_cap_20250627.csv,artifacts/patterns/pattern_a/validation/investability_history/source/krx_market_cap_20250627.csv,STRUCTURAL
267290,1,investability_market_cap_source_file,artifacts/investability/history/source/krx_market_cap_20250627.csv,artifacts/patterns/pattern_a/validation/investability_history/source/krx_market_cap_20250627.csv,STRUCTURAL
271560,1,entry_signal_date,2022-12-23,2022-12-02,STRUCTURAL
271560,1,entry_execution_date,2022-12-26,2022-12-05,STRUCTURAL
271560,1,investability_market_cap_source_file,artifacts/investability/history/source/krx_market_cap_20221223.csv,artifacts/patterns/pattern_a/validation/investability_history/source/krx_market_cap_20221202.csv,STRUCTURAL
271560,1,entry_open,125500.0,115500.0,NUMERIC
271560,1,fast_score,79.3,77.99,NUMERIC
271560,1,investability_market_cap,5001320698000.0,4566423246000.0,NUMERIC
271560,1,investability_avg_trading_value_20d,14682777654.55,14229013211.45,NUMERIC
271560,1,terminal_return,6.77,16.02,NUMERIC
271560,1,mfe,19.6,29.96,NUMERIC
271560,1,mae,-34.82,-29.18,NUMERIC
271560,1,peak_giveback,12.83,13.94,NUMERIC
271560,1,profit_capture,0.3454,0.5347,NUMERIC
271560,1,holding_weeks,177.4,180.4,NUMERIC
272210,1,investability_market_cap_source_file,artifacts/investability/history/source/krx_market_cap_20230630.csv,artifacts/patterns/pattern_a/validation/investability_history/source/krx_market_cap_20230630.csv,STRUCTURAL
310200,1,investability_market_cap_source_file,artifacts/investability/history/source/krx_market_cap_20250627.csv,artifacts/patterns/pattern_a/validation/investability_history/source/krx_market_cap_20250627.csv,STRUCTURAL
316140,1,entry_signal_date,2024-03-29,2023-01-27,STRUCTURAL
316140,1,entry_execution_date,2024-04-01,2023-01-30,STRUCTURAL
316140,1,investability_market_cap_source_file,artifacts/investability/history/source/krx_market_cap_20240329.csv,artifacts/patterns/pattern_a/validation/investability_history/source/krx_market_cap_20230127.csv,STRUCTURAL
316140,1,entry_open,14450.0,13460.0,NUMERIC
316140,1,fast_score,79.8,76.85,NUMERIC
316140,1,investability_market_cap,10767916281520.0,9814256200520.0,NUMERIC
316140,1,investability_avg_trading_value_20d,66049367083.0,42037555494.2,NUMERIC
316140,1,terminal_return,94.46,108.77,NUMERIC
316140,1,mfe,102.42,117.31,NUMERIC
316140,1,mae,-9.0,-19.17,NUMERIC
316140,1,peak_giveback,7.96,8.54,NUMERIC
316140,1,profit_capture,0.9223,0.9272,NUMERIC
316140,1,holding_weeks,85.2,142.8,NUMERIC
383800,1,investability_market_cap_source_file,artifacts/investability/history/source/krx_market_cap_20250627.csv,artifacts/patterns/pattern_a/validation/investability_history/source/krx_market_cap_20250627.csv,STRUCTURAL
950170,1,investability_market_cap_source_file,artifacts/investability/history/source/krx_market_cap_20250627.csv,artifacts/patterns/pattern_a/validation/investability_history/source/krx_market_cap_20250627.csv,STRUCTURAL
