ticker,trade_sequence,legacy_trade_sequence,current_trade_sequence,legacy_present,current_present,legacy_entry_signal_date,current_entry_signal_date,market_cap_reference_date,market_cap_source,source_available_in_legacy_generation,source_available_in_current_generation,delta_classification
000070,1,1,1,True,True,2025-06-27,2025-06-27,2025-06-27,artifacts/patterns/pattern_a/validation/investability_history/source/krx_market_cap_20250627.csv,True,True,LEGACY_PROVENANCE_PATH_VERSION
000150,1,,1,False,True,,2022-11-25,2022-11-25,artifacts/patterns/pattern_a/validation/investability_history/source/krx_market_cap_20221125.csv,False,True,EXPECTED_PIT_AVAILABILITY_EXPANSION
000240,1,1,1,True,True,2024-09-27,2024-09-27,2024-09-27,artifacts/patterns/pattern_a/validation/investability_history/source/krx_market_cap_20240927.csv,True,True,LEGACY_PROVENANCE_PATH_VERSION
000270,1,1,1,True,True,2023-03-31,2023-03-31,2023-03-31,artifacts/patterns/pattern_a/validation/investability_history/source/krx_market_cap_20230331.csv,True,True,LEGACY_PROVENANCE_PATH_VERSION
000370,1,1,1,True,True,2025-06-27,2025-06-27,2025-06-27,artifacts/patterns/pattern_a/validation/investability_history/source/krx_market_cap_20250627.csv,True,True,LEGACY_PROVENANCE_PATH_VERSION
000660,1,1,1,True,True,2023-06-30,2022-03-04,2022-03-04,artifacts/patterns/pattern_a/validation/investability_history/source/krx_market_cap_20220304.csv,False,True,EXPECTED_PIT_AVAILABILITY_EXPANSION
000810,1,1,1,True,True,2022-12-23,2022-12-16,2022-12-16,artifacts/patterns/pattern_a/validation/investability_history/source/krx_market_cap_20221216.csv,False,True,EXPECTED_PIT_AVAILABILITY_EXPANSION
000880,1,1,1,True,True,2023-06-30,2023-06-02,2023-06-02,artifacts/patterns/pattern_a/validation/investability_history/source/krx_market_cap_20230602.csv,False,True,EXPECTED_PIT_AVAILABILITY_EXPANSION
001040,1,1,1,True,True,2023-03-31,2023-01-06,2023-01-06,artifacts/patterns/pattern_a/validation/investability_history/source/krx_market_cap_20230106.csv,False,True,EXPECTED_PIT_AVAILABILITY_EXPANSION
001130,1,1,1,True,True,2025-06-27,2025-06-27,2025-06-27,artifacts/patterns/pattern_a/validation/investability_history/source/krx_market_cap_20250627.csv,True,True,LEGACY_PROVENANCE_PATH_VERSION
001500,1,1,1,True,True,2025-06-27,2025-06-27,2025-06-27,artifacts/patterns/pattern_a/validation/investability_history/source/krx_market_cap_20250627.csv,True,True,LEGACY_PROVENANCE_PATH_VERSION
001510,1,1,1,True,True,2025-06-27,2025-06-27,2025-06-27,artifacts/patterns/pattern_a/validation/investability_history/source/krx_market_cap_20250627.csv,True,True,LEGACY_PROVENANCE_PATH_VERSION
001680,1,1,1,True,True,2025-03-28,2025-03-28,2025-03-28,artifacts/patterns/pattern_a/validation/investability_history/source/krx_market_cap_20250328.csv,True,True,LEGACY_PROVENANCE_PATH_VERSION
001740,1,1,1,True,True,2023-06-30,2023-06-02,2023-06-02,artifacts/patterns/pattern_a/validation/investability_history/source/krx_market_cap_20230602.csv,False,True,EXPECTED_PIT_AVAILABILITY_EXPANSION
001800,1,1,1,True,True,2024-09-27,2024-09-27,2024-09-27,artifacts/patterns/pattern_a/validation/investability_history/source/krx_market_cap_20240927.csv,True,True,LEGACY_PROVENANCE_PATH_VERSION
002200,1,1,1,True,True,2024-12-27,2024-12-27,2024-12-27,artifacts/patterns/pattern_a/validation/investability_history/source/krx_market_cap_20241227.csv,True,True,LEGACY_PROVENANCE_PATH_VERSION
003230,1,1,1,True,True,2022-12-23,2022-04-22,2022-04-22,artifacts/patterns/pattern_a/validation/investability_history/source/krx_market_cap_20220422.csv,False,True,EXPECTED_PIT_AVAILABILITY_EXPANSION
003490,1,1,1,True,True,2025-01-31,2025-01-31,2025-01-31,artifacts/patterns/pattern_a/production/investability/source/krx_market_cap_20250131.csv,True,True,UNCHANGED_BEHAVIORAL_ROW
003550,1,,1,False,True,,2022-08-12,2022-08-12,artifacts/patterns/pattern_a/validation/investability_history/source/krx_market_cap_20220812.csv,False,True,EXPECTED_PIT_AVAILABILITY_EXPANSION
003720,1,1,1,True,True,2024-09-27,2024-09-27,2024-09-27,artifacts/patterns/pattern_a/validation/investability_history/source/krx_market_cap_20240927.csv,True,True,LEGACY_PROVENANCE_PATH_VERSION
004140,1,1,1,True,True,2025-06-27,2025-06-27,2025-06-27,artifacts/patterns/pattern_a/validation/investability_history/source/krx_market_cap_20250627.csv,True,True,LEGACY_PROVENANCE_PATH_VERSION
004150,1,1,1,True,True,2025-06-27,2025-06-27,2025-06-27,artifacts/patterns/pattern_a/validation/investability_history/source/krx_market_cap_20250627.csv,True,True,LEGACY_PROVENANCE_PATH_VERSION
004170,1,1,1,True,True,2025-06-27,2025-06-27,2025-06-27,artifacts/patterns/pattern_a/validation/investability_history/source/krx_market_cap_20250627.csv,True,True,LEGACY_PROVENANCE_PATH_VERSION
004370,1,1,1,True,True,2022-12-23,2022-02-04,2022-02-04,artifacts/patterns/pattern_a/validation/investability_history/source/krx_market_cap_20220204.csv,False,True,EXPECTED_PIT_AVAILABILITY_EXPANSION
004370,2,,2,False,True,,2024-05-31,2024-05-31,artifacts/patterns/pattern_a/validation/investability_history/source/krx_market_cap_20240531.csv,False,True,EXPECTED_PIT_AVAILABILITY_EXPANSION
004800,1,1,1,True,True,2025-06-27,2025-06-27,2025-06-27,artifacts/patterns/pattern_a/validation/investability_history/source/krx_market_cap_20250627.csv,True,True,LEGACY_PROVENANCE_PATH_VERSION
005180,1,,1,False,True,,2023-11-03,2023-11-03,artifacts/patterns/pattern_a/validation/investability_history/source/krx_market_cap_20231103.csv,False,True,EXPECTED_PIT_AVAILABILITY_EXPANSION
005380,1,1,1,True,True,2023-06-30,2023-04-07,2023-04-07,artifacts/patterns/pattern_a/validation/investability_history/source/krx_market_cap_20230407.csv,False,True,EXPECTED_PIT_AVAILABILITY_EXPANSION
005490,1,1,1,True,True,2023-03-31,2023-03-03,2023-03-03,artifacts/patterns/pattern_a/validation/investability_history/source/krx_market_cap_20230303.csv,False,True,EXPECTED_PIT_AVAILABILITY_EXPANSION
005680,1,1,1,True,True,2025-06-27,2025-06-27,2025-06-27,artifacts/patterns/pattern_a/validation/investability_history/source/krx_market_cap_20250627.csv,True,True,LEGACY_PROVENANCE_PATH_VERSION
005710,1,1,1,True,True,2025-03-28,2025-03-28,2025-03-28,artifacts/patterns/pattern_a/validation/investability_history/source/krx_market_cap_20250328.csv,True,True,LEGACY_PROVENANCE_PATH_VERSION
005740,1,1,1,True,True,2025-06-27,2025-06-27,2025-06-27,artifacts/patterns/pattern_a/validation/investability_history/source/krx_market_cap_20250627.csv,True,True,LEGACY_PROVENANCE_PATH_VERSION
005830,1,1,1,True,True,2022-12-23,2022-12-23,2022-12-23,artifacts/patterns/pattern_a/validation/investability_history/source/krx_market_cap_20221223.csv,True,True,LEGACY_PROVENANCE_PATH_VERSION
005850,1,1,1,True,True,2025-03-28,2024-06-07,2024-06-07,artifacts/patterns/pattern_a/validation/investability_history/source/krx_market_cap_20240607.csv,False,True,EXPECTED_PIT_AVAILABILITY_EXPANSION
005930,1,1,1,True,True,2023-06-30,2023-06-02,2023-06-02,artifacts/patterns/pattern_a/validation/investability_history/source/krx_market_cap_20230602.csv,False,True,EXPECTED_PIT_AVAILABILITY_EXPANSION
005940,1,,1,False,True,,2024-02-23,2024-02-23,artifacts/patterns/pattern_a/validation/investability_history/source/krx_market_cap_20240223.csv,False,True,EXPECTED_PIT_AVAILABILITY_EXPANSION
006260,1,,1,False,True,,2022-06-03,2022-06-03,artifacts/patterns/pattern_a/validation/investability_history/source/krx_market_cap_20220603.csv,False,True,EXPECTED_PIT_AVAILABILITY_EXPANSION
006730,1,1,1,True,True,2025-06-27,2025-06-27,2025-06-27,artifacts/patterns/pattern_a/validation/investability_history/source/krx_market_cap_20250627.csv,True,True,LEGACY_PROVENANCE_PATH_VERSION
006800,1,1,1,True,True,2024-09-27,2024-09-27,2024-09-27,artifacts/patterns/pattern_a/validation/investability_history/source/krx_market_cap_20240927.csv,True,True,LEGACY_PROVENANCE_PATH_VERSION
007340,1,1,1,True,True,2025-06-27,2025-06-27,2025-06-27,artifacts/patterns/pattern_a/validation/investability_history/source/krx_market_cap_20250627.csv,True,True,LEGACY_PROVENANCE_PATH_VERSION
007660,1,1,1,True,True,2025-06-27,2025-06-27,2025-06-27,artifacts/patterns/pattern_a/validation/investability_history/source/krx_market_cap_20250627.csv,True,True,LEGACY_PROVENANCE_PATH_VERSION
008060,1,1,1,True,True,2024-12-27,2024-12-27,2024-12-27,artifacts/patterns/pattern_a/validation/investability_history/source/krx_market_cap_20241227.csv,True,True,LEGACY_PROVENANCE_PATH_VERSION
008930,1,1,1,True,True,2025-06-27,2025-06-27,2025-06-27,artifacts/patterns/pattern_a/validation/investability_history/source/krx_market_cap_20250627.csv,True,True,LEGACY_PROVENANCE_PATH_VERSION
009160,1,1,1,True,True,2025-06-27,2025-06-27,2025-06-27,artifacts/patterns/pattern_a/validation/investability_history/source/krx_market_cap_20250627.csv,True,True,LEGACY_PROVENANCE_PATH_VERSION
009450,1,1,1,True,True,2024-09-27,2024-09-27,2024-09-27,artifacts/patterns/pattern_a/validation/investability_history/source/krx_market_cap_20240927.csv,True,True,LEGACY_PROVENANCE_PATH_VERSION
009680,1,1,1,True,True,2025-03-28,2025-03-28,2025-03-28,artifacts/patterns/pattern_a/validation/investability_history/source/krx_market_cap_20250328.csv,True,True,LEGACY_PROVENANCE_PATH_VERSION
009830,1,,1,False,True,,2022-06-10,2022-06-10,artifacts/patterns/pattern_a/validation/investability_history/source/krx_market_cap_20220610.csv,False,True,EXPECTED_PIT_AVAILABILITY_EXPANSION
009970,1,1,1,True,True,2025-03-28,2025-03-28,2025-03-28,artifacts/patterns/pattern_a/validation/investability_history/source/krx_market_cap_20250328.csv,True,True,LEGACY_PROVENANCE_PATH_VERSION
010130,1,1,1,True,True,2024-09-27,2024-09-27,2024-09-27,artifacts/patterns/pattern_a/validation/investability_history/source/krx_market_cap_20240927.csv,True,True,LEGACY_PROVENANCE_PATH_VERSION
010660,1,1,1,True,True,2025-06-27,2025-06-27,2025-06-27,artifacts/patterns/pattern_a/validation/investability_history/source/krx_market_cap_20250627.csv,True,True,LEGACY_PROVENANCE_PATH_VERSION
010950,1,,1,False,True,,2024-04-05,2024-04-05,artifacts/patterns/pattern_a/validation/investability_history/source/krx_market_cap_20240405.csv,False,True,EXPECTED_PIT_AVAILABILITY_EXPANSION
011210,1,,1,False,True,,2022-09-02,2022-09-02,artifacts/patterns/pattern_a/validation/investability_history/source/krx_market_cap_20220902.csv,False,True,EXPECTED_PIT_AVAILABILITY_EXPANSION
011560,1,1,1,True,True,2025-06-27,2025-06-27,2025-06-27,artifacts/patterns/pattern_a/validation/investability_history/source/krx_market_cap_20250627.csv,True,True,LEGACY_PROVENANCE_PATH_VERSION
011780,1,1,1,True,True,2024-09-27,2024-09-27,2024-09-27,artifacts/patterns/pattern_a/validation/investability_history/source/krx_market_cap_20240927.csv,True,True,LEGACY_PROVENANCE_PATH_VERSION
012330,1,1,1,True,True,2025-06-27,2025-06-27,2025-06-27,artifacts/patterns/pattern_a/validation/investability_history/source/krx_market_cap_20250627.csv,True,True,LEGACY_PROVENANCE_PATH_VERSION
012750,1,1,1,True,True,2024-12-27,2024-12-27,2024-12-27,artifacts/patterns/pattern_a/validation/investability_history/source/krx_market_cap_20241227.csv,True,True,LEGACY_PROVENANCE_PATH_VERSION
013890,1,1,1,True,True,2024-12-27,2024-12-27,2024-12-27,artifacts/patterns/pattern_a/validation/investability_history/source/krx_market_cap_20241227.csv,True,True,LEGACY_PROVENANCE_PATH_VERSION
014620,1,1,1,True,True,2024-12-27,2024-12-27,2024-12-27,artifacts/patterns/pattern_a/validation/investability_history/source/krx_market_cap_20241227.csv,True,True,LEGACY_PROVENANCE_PATH_VERSION
014830,1,1,1,True,True,2025-06-27,2025-06-27,2025-06-27,artifacts/patterns/pattern_a/validation/investability_history/source/krx_market_cap_20250627.csv,True,True,LEGACY_PROVENANCE_PATH_VERSION
015230,1,1,1,True,True,2025-06-27,2025-06-27,2025-06-27,artifacts/patterns/pattern_a/validation/investability_history/source/krx_market_cap_20250627.csv,True,True,LEGACY_PROVENANCE_PATH_VERSION
015760,1,,1,False,True,,2024-02-02,2024-02-02,artifacts/patterns/pattern_a/validation/investability_history/source/krx_market_cap_20240202.csv,False,True,EXPECTED_PIT_AVAILABILITY_EXPANSION
015860,1,1,1,True,True,2025-06-27,2025-06-27,2025-06-27,artifacts/patterns/pattern_a/validation/investability_history/source/krx_market_cap_20250627.csv,True,True,LEGACY_PROVENANCE_PATH_VERSION
016090,1,1,1,True,True,2024-12-27,2024-12-27,2024-12-27,artifacts/patterns/pattern_a/validation/investability_history/source/krx_market_cap_20241227.csv,True,True,LEGACY_PROVENANCE_PATH_VERSION
017670,1,,1,False,True,,2023-10-06,2023-10-06,artifacts/patterns/pattern_a/validation/investability_history/source/krx_market_cap_20231006.csv,False,True,EXPECTED_PIT_AVAILABILITY_EXPANSION
017940,1,1,1,True,True,2025-06-27,2025-06-27,2025-06-27,artifacts/patterns/pattern_a/validation/investability_history/source/krx_market_cap_20250627.csv,True,True,LEGACY_PROVENANCE_PATH_VERSION
017960,1,1,1,True,True,2025-01-31,2025-01-31,2025-01-31,artifacts/patterns/pattern_a/production/investability/source/krx_market_cap_20250131.csv,True,True,UNCHANGED_BEHAVIORAL_ROW
018260,1,1,1,True,True,2025-06-27,2023-09-01,2023-09-01,artifacts/patterns/pattern_a/validation/investability_history/source/krx_market_cap_20230901.csv,False,True,EXPECTED_PIT_AVAILABILITY_EXPANSION
018310,1,1,1,True,True,2024-09-27,2024-09-27,2024-09-27,artifacts/patterns/pattern_a/validation/investability_history/source/krx_market_cap_20240927.csv,True,True,LEGACY_PROVENANCE_PATH_VERSION
019210,1,1,1,True,True,2025-06-27,2025-06-27,2025-06-27,artifacts/patterns/pattern_a/validation/investability_history/source/krx_market_cap_20250627.csv,True,True,LEGACY_PROVENANCE_PATH_VERSION
021240,1,1,1,True,True,2024-12-27,2024-12-27,2024-12-27,artifacts/patterns/pattern_a/validation/investability_history/source/krx_market_cap_20241227.csv,True,True,LEGACY_PROVENANCE_PATH_VERSION
023160,1,1,1,True,True,2025-01-31,2025-01-31,2025-01-31,artifacts/patterns/pattern_a/production/investability/source/krx_market_cap_20250131.csv,True,True,UNCHANGED_BEHAVIORAL_ROW
023530,1,1,1,True,True,2022-06-24,2022-06-03,2022-06-03,artifacts/patterns/pattern_a/validation/investability_history/source/krx_market_cap_20220603.csv,False,True,EXPECTED_PIT_AVAILABILITY_EXPANSION
023600,1,1,1,True,True,2025-06-27,2025-06-27,2025-06-27,artifacts/patterns/pattern_a/validation/investability_history/source/krx_market_cap_20250627.csv,True,True,LEGACY_PROVENANCE_PATH_VERSION
023760,1,1,1,True,True,2025-06-27,2025-06-27,2025-06-27,artifacts/patterns/pattern_a/validation/investability_history/source/krx_market_cap_20250627.csv,True,True,LEGACY_PROVENANCE_PATH_VERSION
023910,1,1,1,True,True,2025-06-27,2025-06-27,2025-06-27,artifacts/patterns/pattern_a/validation/investability_history/source/krx_market_cap_20250627.csv,True,True,LEGACY_PROVENANCE_PATH_VERSION
024110,1,1,1,True,True,2023-09-22,2023-09-01,2023-09-01,artifacts/patterns/pattern_a/validation/investability_history/source/krx_market_cap_20230901.csv,False,True,EXPECTED_PIT_AVAILABILITY_EXPANSION
025860,1,1,1,True,True,2025-06-27,2025-06-27,2025-06-27,artifacts/patterns/pattern_a/validation/investability_history/source/krx_market_cap_20250627.csv,True,True,LEGACY_PROVENANCE_PATH_VERSION
027410,1,1,1,True,True,2025-06-27,2025-06-27,2025-06-27,artifacts/patterns/pattern_a/validation/investability_history/source/krx_market_cap_20250627.csv,True,True,LEGACY_PROVENANCE_PATH_VERSION
028050,1,,1,False,True,,2023-02-17,2023-02-17,artifacts/patterns/pattern_a/validation/investability_history/source/krx_market_cap_20230217.csv,False,True,EXPECTED_PIT_AVAILABILITY_EXPANSION
028260,1,1,1,True,True,2023-12-22,2022-07-01,2022-07-01,artifacts/patterns/pattern_a/validation/investability_history/source/krx_market_cap_20220701.csv,False,True,EXPECTED_PIT_AVAILABILITY_EXPANSION
029460,1,1,1,True,True,2025-06-27,2025-06-27,2025-06-27,artifacts/patterns/pattern_a/validation/investability_history/source/krx_market_cap_20250627.csv,True,True,LEGACY_PROVENANCE_PATH_VERSION
029780,1,1,1,True,True,2025-06-27,2025-06-27,2025-06-27,artifacts/patterns/pattern_a/validation/investability_history/source/krx_market_cap_20250627.csv,True,True,LEGACY_PROVENANCE_PATH_VERSION
030000,1,1,1,True,True,2025-06-27,2025-06-27,2025-06-27,artifacts/patterns/pattern_a/validation/investability_history/source/krx_market_cap_20250627.csv,True,True,LEGACY_PROVENANCE_PATH_VERSION
030190,1,1,1,True,True,2024-12-27,2024-12-27,2024-12-27,artifacts/patterns/pattern_a/validation/investability_history/source/krx_market_cap_20241227.csv,True,True,LEGACY_PROVENANCE_PATH_VERSION
030200,1,1,1,True,True,2023-12-22,2023-10-06,2023-10-06,artifacts/patterns/pattern_a/validation/investability_history/source/krx_market_cap_20231006.csv,False,True,EXPECTED_PIT_AVAILABILITY_EXPANSION
032350,1,1,1,True,True,2025-06-27,2025-06-27,2025-06-27,artifacts/patterns/pattern_a/validation/investability_history/source/krx_market_cap_20250627.csv,True,True,LEGACY_PROVENANCE_PATH_VERSION
032830,1,1,1,True,True,2022-12-23,2022-05-27,2022-05-27,artifacts/patterns/pattern_a/validation/investability_history/source/krx_market_cap_20220527.csv,False,True,EXPECTED_PIT_AVAILABILITY_EXPANSION
033780,1,1,1,True,True,2024-09-27,2024-09-27,2024-09-27,artifacts/patterns/pattern_a/validation/investability_history/source/krx_market_cap_20240927.csv,True,True,LEGACY_PROVENANCE_PATH_VERSION
034230,1,1,1,True,True,2025-06-27,2025-06-27,2025-06-27,artifacts/patterns/pattern_a/validation/investability_history/source/krx_market_cap_20250627.csv,True,True,LEGACY_PROVENANCE_PATH_VERSION
034310,1,1,1,True,True,2025-06-27,2025-06-27,2025-06-27,artifacts/patterns/pattern_a/validation/investability_history/source/krx_market_cap_20250627.csv,True,True,LEGACY_PROVENANCE_PATH_VERSION
034730,1,1,1,True,True,2025-06-27,2024-02-23,2024-02-23,artifacts/patterns/pattern_a/validation/investability_history/source/krx_market_cap_20240223.csv,False,True,EXPECTED_PIT_AVAILABILITY_EXPANSION
035420,1,1,1,True,True,2025-06-27,2025-06-27,2025-06-27,artifacts/patterns/pattern_a/validation/investability_history/source/krx_market_cap_20250627.csv,True,True,LEGACY_PROVENANCE_PATH_VERSION
035890,1,1,1,True,True,2024-09-27,2024-09-27,2024-09-27,artifacts/patterns/pattern_a/validation/investability_history/source/krx_market_cap_20240927.csv,True,True,LEGACY_PROVENANCE_PATH_VERSION
036190,1,1,1,True,True,2025-06-27,2025-06-27,2025-06-27,artifacts/patterns/pattern_a/validation/investability_history/source/krx_market_cap_20250627.csv,True,True,LEGACY_PROVENANCE_PATH_VERSION
036620,1,1,1,True,True,2025-03-28,2025-03-28,2025-03-28,artifacts/patterns/pattern_a/validation/investability_history/source/krx_market_cap_20250328.csv,True,True,LEGACY_PROVENANCE_PATH_VERSION
036890,1,1,1,True,True,2025-06-27,2025-06-27,2025-06-27,artifacts/patterns/pattern_a/validation/investability_history/source/krx_market_cap_20250627.csv,True,True,LEGACY_PROVENANCE_PATH_VERSION
037460,1,1,1,True,True,2025-01-31,2025-01-31,2025-01-31,artifacts/patterns/pattern_a/production/investability/source/krx_market_cap_20250131.csv,True,True,UNCHANGED_BEHAVIORAL_ROW
039340,1,1,1,True,True,2024-12-27,2024-12-27,2024-12-27,artifacts/patterns/pattern_a/validation/investability_history/source/krx_market_cap_20241227.csv,True,True,LEGACY_PROVENANCE_PATH_VERSION
042660,1,,1,False,True,,2023-04-21,2023-04-21,artifacts/patterns/pattern_a/validation/investability_history/source/krx_market_cap_20230421.csv,False,True,EXPECTED_PIT_AVAILABILITY_EXPANSION
044450,1,1,1,True,True,2024-09-27,2024-09-27,2024-09-27,artifacts/patterns/pattern_a/validation/investability_history/source/krx_market_cap_20240927.csv,True,True,LEGACY_PROVENANCE_PATH_VERSION
052330,1,1,1,True,True,2025-03-28,2025-03-28,2025-03-28,artifacts/patterns/pattern_a/validation/investability_history/source/krx_market_cap_20250328.csv,True,True,LEGACY_PROVENANCE_PATH_VERSION
053350,1,1,1,True,True,2025-03-28,2025-03-28,2025-03-28,artifacts/patterns/pattern_a/validation/investability_history/source/krx_market_cap_20250328.csv,True,True,LEGACY_PROVENANCE_PATH_VERSION
054950,1,1,1,True,True,2025-06-27,2025-06-27,2025-06-27,artifacts/patterns/pattern_a/validation/investability_history/source/krx_market_cap_20250627.csv,True,True,LEGACY_PROVENANCE_PATH_VERSION
055550,1,,1,False,True,,2023-01-06,2023-01-06,artifacts/patterns/pattern_a/validation/investability_history/source/krx_market_cap_20230106.csv,False,True,EXPECTED_PIT_AVAILABILITY_EXPANSION
058610,1,1,1,True,True,2025-01-31,2025-01-31,2025-01-31,artifacts/patterns/pattern_a/production/investability/source/krx_market_cap_20250131.csv,True,True,UNCHANGED_BEHAVIORAL_ROW
060980,1,1,1,True,True,2025-03-28,2025-03-28,2025-03-28,artifacts/patterns/pattern_a/validation/investability_history/source/krx_market_cap_20250328.csv,True,True,LEGACY_PROVENANCE_PATH_VERSION
064760,1,1,1,True,True,2025-06-27,2025-06-27,2025-06-27,artifacts/patterns/pattern_a/validation/investability_history/source/krx_market_cap_20250627.csv,True,True,LEGACY_PROVENANCE_PATH_VERSION
064960,1,1,1,True,True,2025-06-27,2025-06-27,2025-06-27,artifacts/patterns/pattern_a/validation/investability_history/source/krx_market_cap_20250627.csv,True,True,LEGACY_PROVENANCE_PATH_VERSION
065660,1,1,1,True,True,2024-12-27,2024-12-27,2024-12-27,artifacts/patterns/pattern_a/validation/investability_history/source/krx_market_cap_20241227.csv,True,True,LEGACY_PROVENANCE_PATH_VERSION
066570,1,,1,False,True,,2023-07-14,2023-07-14,artifacts/patterns/pattern_a/validation/investability_history/source/krx_market_cap_20230714.csv,False,True,EXPECTED_PIT_AVAILABILITY_EXPANSION
066620,1,1,1,True,True,2025-06-27,2025-06-27,2025-06-27,artifacts/patterns/pattern_a/validation/investability_history/source/krx_market_cap_20250627.csv,True,True,LEGACY_PROVENANCE_PATH_VERSION
067830,1,1,1,True,True,2025-06-27,2025-06-27,2025-06-27,artifacts/patterns/pattern_a/validation/investability_history/source/krx_market_cap_20250627.csv,True,True,LEGACY_PROVENANCE_PATH_VERSION
068270,1,1,1,True,True,2023-12-22,2023-12-22,2023-12-22,artifacts/patterns/pattern_a/validation/investability_history/source/krx_market_cap_20231222.csv,True,True,LEGACY_PROVENANCE_PATH_VERSION
069460,1,1,1,True,True,2025-06-27,2025-06-27,2025-06-27,artifacts/patterns/pattern_a/validation/investability_history/source/krx_market_cap_20250627.csv,True,True,LEGACY_PROVENANCE_PATH_VERSION
069620,1,1,1,True,True,2022-03-25,2022-03-18,2022-03-18,artifacts/patterns/pattern_a/validation/investability_history/source/krx_market_cap_20220318.csv,False,True,EXPECTED_PIT_AVAILABILITY_EXPANSION
069960,1,1,1,True,True,2025-03-28,2025-03-28,2025-03-28,artifacts/patterns/pattern_a/validation/investability_history/source/krx_market_cap_20250328.csv,True,True,LEGACY_PROVENANCE_PATH_VERSION
072710,1,1,1,True,True,2025-06-27,2025-06-27,2025-06-27,artifacts/patterns/pattern_a/validation/investability_history/source/krx_market_cap_20250627.csv,True,True,LEGACY_PROVENANCE_PATH_VERSION
078930,1,1,1,True,True,2024-03-29,2022-05-06,2022-05-06,artifacts/patterns/pattern_a/validation/investability_history/source/krx_market_cap_20220506.csv,False,True,EXPECTED_PIT_AVAILABILITY_EXPANSION
079550,1,,1,False,True,,2023-11-10,2023-11-10,artifacts/patterns/pattern_a/validation/investability_history/source/krx_market_cap_20231110.csv,False,True,EXPECTED_PIT_AVAILABILITY_EXPANSION
079960,1,1,1,True,True,2025-06-27,2025-06-27,2025-06-27,artifacts/patterns/pattern_a/validation/investability_history/source/krx_market_cap_20250627.csv,True,True,LEGACY_PROVENANCE_PATH_VERSION
084110,1,1,1,True,True,2024-09-27,2024-09-27,2024-09-27,artifacts/patterns/pattern_a/validation/investability_history/source/krx_market_cap_20240927.csv,True,True,LEGACY_PROVENANCE_PATH_VERSION
086280,1,1,1,True,True,2024-09-27,2024-09-27,2024-09-27,artifacts/patterns/pattern_a/validation/investability_history/source/krx_market_cap_20240927.csv,True,True,LEGACY_PROVENANCE_PATH_VERSION
086790,1,,1,False,True,,2023-01-06,2023-01-06,artifacts/patterns/pattern_a/validation/investability_history/source/krx_market_cap_20230106.csv,False,True,EXPECTED_PIT_AVAILABILITY_EXPANSION
088350,1,1,1,True,True,2025-06-27,2025-06-27,2025-06-27,artifacts/patterns/pattern_a/validation/investability_history/source/krx_market_cap_20250627.csv,True,True,LEGACY_PROVENANCE_PATH_VERSION
089970,1,1,1,True,True,2025-03-28,2025-03-28,2025-03-28,artifacts/patterns/pattern_a/validation/investability_history/source/krx_market_cap_20250328.csv,True,True,LEGACY_PROVENANCE_PATH_VERSION
090350,1,1,1,True,True,2025-06-27,2025-06-27,2025-06-27,artifacts/patterns/pattern_a/validation/investability_history/source/krx_market_cap_20250627.csv,True,True,LEGACY_PROVENANCE_PATH_VERSION
090850,1,1,1,True,True,2025-06-27,2025-06-27,2025-06-27,artifacts/patterns/pattern_a/validation/investability_history/source/krx_market_cap_20250627.csv,True,True,LEGACY_PROVENANCE_PATH_VERSION
092230,1,1,1,True,True,2025-06-27,2025-06-27,2025-06-27,artifacts/patterns/pattern_a/validation/investability_history/source/krx_market_cap_20250627.csv,True,True,LEGACY_PROVENANCE_PATH_VERSION
092730,1,1,1,True,True,2025-06-27,2025-06-27,2025-06-27,artifacts/patterns/pattern_a/validation/investability_history/source/krx_market_cap_20250627.csv,True,True,LEGACY_PROVENANCE_PATH_VERSION
095610,1,1,1,True,True,2025-06-27,2025-06-27,2025-06-27,artifacts/patterns/pattern_a/validation/investability_history/source/krx_market_cap_20250627.csv,True,True,LEGACY_PROVENANCE_PATH_VERSION
096530,1,1,1,True,True,2025-06-27,2025-06-27,2025-06-27,artifacts/patterns/pattern_a/validation/investability_history/source/krx_market_cap_20250627.csv,True,True,LEGACY_PROVENANCE_PATH_VERSION
097520,1,1,1,True,True,2025-01-31,2025-01-31,2025-01-31,artifacts/patterns/pattern_a/production/investability/source/krx_market_cap_20250131.csv,True,True,UNCHANGED_BEHAVIORAL_ROW
099430,1,1,1,True,True,2024-12-27,2024-12-27,2024-12-27,artifacts/patterns/pattern_a/validation/investability_history/source/krx_market_cap_20241227.csv,True,True,LEGACY_PROVENANCE_PATH_VERSION
102710,1,1,1,True,True,2025-03-28,2025-03-28,2025-03-28,artifacts/patterns/pattern_a/validation/investability_history/source/krx_market_cap_20250328.csv,True,True,LEGACY_PROVENANCE_PATH_VERSION
105560,1,1,1,True,True,2023-09-22,2023-01-06,2023-01-06,artifacts/patterns/pattern_a/validation/investability_history/source/krx_market_cap_20230106.csv,False,True,EXPECTED_PIT_AVAILABILITY_EXPANSION
108380,1,1,1,True,True,2025-01-31,2025-01-31,2025-01-31,artifacts/patterns/pattern_a/production/investability/source/krx_market_cap_20250131.csv,True,True,UNCHANGED_BEHAVIORAL_ROW
109740,1,1,1,True,True,2025-06-27,2025-06-27,2025-06-27,artifacts/patterns/pattern_a/validation/investability_history/source/krx_market_cap_20250627.csv,True,True,LEGACY_PROVENANCE_PATH_VERSION
111770,1,1,1,True,True,2025-03-28,2025-03-28,2025-03-28,artifacts/patterns/pattern_a/validation/investability_history/source/krx_market_cap_20250328.csv,True,True,LEGACY_PROVENANCE_PATH_VERSION
112610,1,1,1,True,True,2024-09-27,2024-09-27,2024-09-27,artifacts/patterns/pattern_a/validation/investability_history/source/krx_market_cap_20240927.csv,True,True,LEGACY_PROVENANCE_PATH_VERSION
114810,1,1,1,True,True,2025-06-27,2025-06-27,2025-06-27,artifacts/patterns/pattern_a/validation/investability_history/source/krx_market_cap_20250627.csv,True,True,LEGACY_PROVENANCE_PATH_VERSION
122870,1,1,1,True,True,2025-03-28,2025-03-28,2025-03-28,artifacts/patterns/pattern_a/validation/investability_history/source/krx_market_cap_20250328.csv,True,True,LEGACY_PROVENANCE_PATH_VERSION
127120,1,1,1,True,True,2024-12-27,2024-12-27,2024-12-27,artifacts/patterns/pattern_a/validation/investability_history/source/krx_market_cap_20241227.csv,True,True,LEGACY_PROVENANCE_PATH_VERSION
139130,1,1,1,True,True,2025-01-31,2025-01-31,2025-01-31,artifacts/patterns/pattern_a/production/investability/source/krx_market_cap_20250131.csv,True,True,UNCHANGED_BEHAVIORAL_ROW
140860,1,1,1,True,True,2024-12-27,2024-12-27,2024-12-27,artifacts/patterns/pattern_a/validation/investability_history/source/krx_market_cap_20241227.csv,True,True,LEGACY_PROVENANCE_PATH_VERSION
145020,1,1,1,True,True,2023-12-22,2023-12-01,2023-12-01,artifacts/patterns/pattern_a/validation/investability_history/source/krx_market_cap_20231201.csv,False,True,EXPECTED_PIT_AVAILABILITY_EXPANSION
145990,1,1,1,True,True,2025-06-27,2025-06-27,2025-06-27,artifacts/patterns/pattern_a/validation/investability_history/source/krx_market_cap_20250627.csv,True,True,LEGACY_PROVENANCE_PATH_VERSION
183190,1,1,1,True,True,2025-06-27,2025-06-27,2025-06-27,artifacts/patterns/pattern_a/validation/investability_history/source/krx_market_cap_20250627.csv,True,True,LEGACY_PROVENANCE_PATH_VERSION
183300,1,1,1,True,True,2025-06-27,2025-06-27,2025-06-27,artifacts/patterns/pattern_a/validation/investability_history/source/krx_market_cap_20250627.csv,True,True,LEGACY_PROVENANCE_PATH_VERSION
192080,1,1,1,True,True,2025-06-27,2025-06-27,2025-06-27,artifacts/patterns/pattern_a/validation/investability_history/source/krx_market_cap_20250627.csv,True,True,LEGACY_PROVENANCE_PATH_VERSION
200670,1,1,1,True,True,2024-09-27,2024-09-27,2024-09-27,artifacts/patterns/pattern_a/validation/investability_history/source/krx_market_cap_20240927.csv,True,True,LEGACY_PROVENANCE_PATH_VERSION
204320,1,1,1,True,True,2025-01-31,2025-01-31,2025-01-31,artifacts/patterns/pattern_a/production/investability/source/krx_market_cap_20250131.csv,True,True,UNCHANGED_BEHAVIORAL_ROW
204620,1,1,1,True,True,2025-01-31,2025-01-31,2025-01-31,artifacts/patterns/pattern_a/production/investability/source/krx_market_cap_20250131.csv,True,True,UNCHANGED_BEHAVIORAL_ROW
207940,1,1,1,True,True,2024-03-29,2022-07-29,2022-07-29,artifacts/patterns/pattern_a/validation/investability_history/source/krx_market_cap_20220729.csv,False,True,EXPECTED_PIT_AVAILABILITY_EXPANSION
214150,1,1,1,True,True,2022-12-23,2022-12-02,2022-12-02,artifacts/patterns/pattern_a/validation/investability_history/source/krx_market_cap_20221202.csv,False,True,EXPECTED_PIT_AVAILABILITY_EXPANSION
226400,1,1,1,True,True,2024-09-27,2024-09-27,2024-09-27,artifacts/patterns/pattern_a/validation/investability_history/source/krx_market_cap_20240927.csv,True,True,LEGACY_PROVENANCE_PATH_VERSION
241560,1,1,1,True,True,2025-03-28,2025-03-28,2025-03-28,artifacts/patterns/pattern_a/validation/investability_history/source/krx_market_cap_20250328.csv,True,True,LEGACY_PROVENANCE_PATH_VERSION
251120,1,1,1,True,True,2025-06-27,2025-06-27,2025-06-27,artifacts/patterns/pattern_a/validation/investability_history/source/krx_market_cap_20250627.csv,True,True,LEGACY_PROVENANCE_PATH_VERSION
267290,1,1,1,True,True,2025-06-27,2025-06-27,2025-06-27,artifacts/patterns/pattern_a/validation/investability_history/source/krx_market_cap_20250627.csv,True,True,LEGACY_PROVENANCE_PATH_VERSION
271560,1,1,1,True,True,2022-12-23,2022-12-02,2022-12-02,artifacts/patterns/pattern_a/validation/investability_history/source/krx_market_cap_20221202.csv,False,True,EXPECTED_PIT_AVAILABILITY_EXPANSION
272210,1,1,1,True,True,2023-06-30,2023-06-30,2023-06-30,artifacts/patterns/pattern_a/validation/investability_history/source/krx_market_cap_20230630.csv,True,True,LEGACY_PROVENANCE_PATH_VERSION
274090,1,1,1,True,True,2025-01-31,2025-01-31,2025-01-31,artifacts/patterns/pattern_a/production/investability/source/krx_market_cap_20250131.csv,True,True,UNCHANGED_BEHAVIORAL_ROW
285490,1,1,1,True,True,2025-01-31,2025-01-31,2025-01-31,artifacts/patterns/pattern_a/production/investability/source/krx_market_cap_20250131.csv,True,True,UNCHANGED_BEHAVIORAL_ROW
300720,1,1,1,True,True,2025-01-31,2025-01-31,2025-01-31,artifacts/patterns/pattern_a/production/investability/source/krx_market_cap_20250131.csv,True,True,UNCHANGED_BEHAVIORAL_ROW
306200,1,1,1,True,True,2025-01-31,2025-01-31,2025-01-31,artifacts/patterns/pattern_a/production/investability/source/krx_market_cap_20250131.csv,True,True,UNCHANGED_BEHAVIORAL_ROW
310200,1,1,1,True,True,2025-06-27,2025-06-27,2025-06-27,artifacts/patterns/pattern_a/validation/investability_history/source/krx_market_cap_20250627.csv,True,True,LEGACY_PROVENANCE_PATH_VERSION
316140,1,1,1,True,True,2024-03-29,2023-01-27,2023-01-27,artifacts/patterns/pattern_a/validation/investability_history/source/krx_market_cap_20230127.csv,False,True,EXPECTED_PIT_AVAILABILITY_EXPANSION
352820,1,1,1,True,True,2025-01-31,2025-01-31,2025-01-31,artifacts/patterns/pattern_a/production/investability/source/krx_market_cap_20250131.csv,True,True,UNCHANGED_BEHAVIORAL_ROW
383800,1,1,1,True,True,2025-06-27,2025-06-27,2025-06-27,artifacts/patterns/pattern_a/validation/investability_history/source/krx_market_cap_20250627.csv,True,True,LEGACY_PROVENANCE_PATH_VERSION
950170,1,1,1,True,True,2025-06-27,2025-06-27,2025-06-27,artifacts/patterns/pattern_a/validation/investability_history/source/krx_market_cap_20250627.csv,True,True,LEGACY_PROVENANCE_PATH_VERSION
