ticker,sequences,count
000070,[1],1
000120,[1],1
000150,"[1, 2, 3, 4, 5]",5
000210,"[1, 2, 3]",3
000240,[1],1
000270,"[1, 2, 3, 4]",4
000370,[1],1
000430,[1],1
000490,[1],1
000520,[1],1
000640,"[1, 2]",2
000660,"[1, 2, 3, 4, 5]",5
000670,"[1, 2]",2
000700,[1],1
000720,"[1, 2, 3]",3
000810,"[1, 2, 3]",3
000990,[1],1
001040,"[1, 2, 3]",3
001120,"[1, 2]",2
001200,"[1, 2]",2
001230,[1],1
001250,"[1, 2]",2
001290,[1],1
001390,[1],1
001450,[1],1
001500,[1],1
001510,[1],1
001540,"[1, 2]",2
001680,[1],1
001720,[1],1
001740,"[1, 2, 3, 4, 5]",5
001800,[1],1
001820,[1],1
001940,[1],1
002230,[1],1
002240,[1],1
002310,[1],1
002320,[1],1
002350,[1],1
002380,[1],1
002790,"[1, 2]",2
002810,[1],1
002840,[1],1
002960,[1],1
002990,"[1, 2]",2
003000,"[1, 2]",2
003010,[1],1
003030,[1],1
003070,[1],1
003090,"[1, 2, 3]",3
003160,[1],1
003200,[1],1
003230,"[1, 2, 3, 4, 5]",5
003240,[1],1
003300,[1],1
003470,[1],1
003490,"[1, 2, 3]",3
003530,[1],1
003540,[1],1
003550,[1],1
003650,[1],1
003670,[1],1
003690,[1],1
003720,"[1, 2]",2
004000,[1],1
004020,"[1, 2]",2
004090,[1],1
004150,[1],1
004170,"[1, 2, 3]",3
004370,"[1, 2, 3, 4]",4
004690,[1],1
004710,[1],1
004800,[1],1
004960,[1],1
004990,[1],1
005010,[1],1
005180,"[1, 2, 3, 4]",4
005290,[1],1
005300,[1],1
005380,"[1, 2, 3, 4]",4
005430,[1],1
005490,"[1, 2, 3, 4]",4
005500,[1],1
005680,[1],1
005690,[1],1
005830,"[1, 2, 3]",3
005850,"[1, 2, 3, 4, 5]",5
005930,"[1, 2, 3, 4]",4
005940,"[1, 2, 3, 4]",4
005960,"[1, 2]",2
006040,[1],1
006120,[1],1
006260,"[1, 2, 3]",3
006280,"[1, 2]",2
006340,[1],1
006360,"[1, 2, 3, 4, 5]",5
006650,[1],1
006730,[1],1
006800,[1],1
006910,[1],1
007070,"[1, 2]",2
007160,"[1, 2]",2
007340,[1],1
007660,[1],1
007690,"[1, 2]",2
007810,[1],1
008060,[1],1
008730,[1],1
008770,[1],1
008930,"[1, 2]",2
009070,[1],1
009150,"[1, 2, 3]",3
009160,[1],1
009270,"[1, 2, 3]",3
009450,"[1, 2]",2
009470,[1],1
009830,"[1, 2, 3, 4, 5]",5
009970,[1],1
010130,"[1, 2, 3]",3
010820,"[1, 2]",2
010950,"[1, 2, 3, 4]",4
011070,"[1, 2, 3, 4]",4
011170,"[1, 2]",2
011200,[1],1
011210,"[1, 2, 3]",3
011560,[1],1
011690,[1],1
011760,"[1, 2]",2
011780,"[1, 2]",2
011790,"[1, 2]",2
011930,[1],1
012330,[1],1
012450,[1],1
012610,[1],1
012750,[1],1
013030,[1],1
013120,"[1, 2]",2
013520,[1],1
013570,[1],1
013700,[1],1
014620,[1],1
014680,[1],1
014830,"[1, 2]",2
014940,"[1, 2]",2
015230,[1],1
015360,[1],1
015750,[1],1
015760,[1],1
015860,[1],1
016360,[1],1
016610,[1],1
017670,"[1, 2]",2
017800,[1],1
017810,[1],1
017890,[1],1
017940,[1],1
017960,"[1, 2]",2
018260,"[1, 2]",2
018880,"[1, 2]",2
019180,[1],1
019210,[1],1
020000,[1],1
020150,[1],1
021080,[1],1
021240,"[1, 2]",2
023160,[1],1
023410,[1],1
023530,"[1, 2, 3]",3
023590,[1],1
024110,"[1, 2]",2
024720,[1],1
024840,[1],1
025540,[1],1
025860,[1],1
025980,[1],1
026890,[1],1
026960,[1],1
027410,[1],1
027710,[1],1
028050,"[1, 2, 3, 4]",4
028100,"[1, 2]",2
028260,"[1, 2, 3, 4]",4
028670,[1],1
029460,[1],1
029530,[1],1
029780,[1],1
030000,[1],1
030190,[1],1
030200,"[1, 2]",2
030520,[1],1
030530,"[1, 2]",2
030610,"[1, 2]",2
031330,[1],1
031430,[1],1
031980,"[1, 2]",2
032190,[1],1
032350,[1],1
032640,"[1, 2, 3, 4]",4
032830,[1],1
033100,[1],1
033240,"[1, 2]",2
033270,[1],1
033500,"[1, 2]",2
033640,[1],1
033780,[1],1
033790,[1],1
034020,[1],1
034220,"[1, 2]",2
034230,[1],1
034310,[1],1
034730,"[1, 2, 3, 4]",4
034830,[1],1
035000,[1],1
035080,[1],1
035250,[1],1
035420,"[1, 2, 3, 4]",4
035510,[1],1
035600,"[1, 2]",2
035610,[1],1
035720,[1],1
035760,"[1, 2]",2
035810,[1],1
035890,[1],1
035900,"[1, 2]",2
036200,[1],1
036460,[1],1
036570,[1],1
036620,[1],1
036810,[1],1
036830,[1],1
036890,[1],1
036930,[1],1
037030,"[1, 2]",2
037070,[1],1
037350,[1],1
037460,[1],1
037710,[1],1
039200,[1],1
039440,[1],1
039560,[1],1
039830,[1],1
041190,"[1, 2]",2
041440,"[1, 2]",2
041510,"[1, 2]",2
041520,"[1, 2]",2
041830,[1],1
041920,"[1, 2]",2
041960,[1],1
042370,[1],1
042660,"[1, 2, 3]",3
042700,[1],1
043260,[1],1
044450,[1],1
044820,[1],1
045100,[1],1
045390,[1],1
047040,"[1, 2]",2
047050,[1],1
047770,[1],1
047810,[1],1
049430,"[1, 2]",2
049630,[1],1
049720,[1],1
050890,"[1, 2]",2
051160,[1],1
051600,[1],1
051910,"[1, 2]",2
052020,[1],1
052330,[1],1
052710,[1],1
053030,[1],1
053080,[1],1
053690,[1],1
053800,[1],1
054210,[1],1
054950,[1],1
055550,"[1, 2]",2
058430,[1],1
058470,[1],1
058610,"[1, 2]",2
058970,[1],1
059090,[1],1
059120,[1],1
059210,[1],1
060980,[1],1
064760,[1],1
064820,[1],1
064960,[1],1
065660,[1],1
065680,[1],1
065710,[1],1
066570,"[1, 2, 3, 4]",4
066970,[1],1
067080,[1],1
067290,[1],1
068270,"[1, 2, 3, 4]",4
069080,[1],1
069260,[1],1
069620,"[1, 2, 3, 4]",4
069960,[1],1
071050,[1],1
071200,"[1, 2]",2
072710,[1],1
073010,"[1, 2]",2
073240,[1],1
073490,[1],1
074600,"[1, 2]",2
077970,[1],1
078020,[1],1
078350,[1],1
078520,[1],1
078600,"[1, 2]",2
078930,"[1, 2, 3, 4, 5]",5
079370,"[1, 2]",2
079550,"[1, 2]",2
079940,[1],1
079960,[1],1
080220,[1],1
081660,"[1, 2]",2
082920,[1],1
083450,[1],1
083500,[1],1
083650,[1],1
083930,"[1, 2]",2
084110,[1],1
084370,[1],1
085620,[1],1
085660,[1],1
085910,[1],1
086280,[1],1
086390,[1],1
086450,[1],1
086520,"[1, 2]",2
086670,[1],1
086790,"[1, 2]",2
086820,[1],1
088350,[1],1
089010,[1],1
089030,[1],1
089470,[1],1
089860,[1],1
089890,[1],1
089970,[1],1
089980,[1],1
090360,[1],1
090430,[1],1
090850,[1],1
091580,"[1, 2]",2
091700,[1],1
092070,"[1, 2]",2
092460,[1],1
092730,[1],1
093050,"[1, 2]",2
093190,[1],1
093320,[1],1
094800,[1],1
094820,[1],1
094840,[1],1
095340,"[1, 2, 3]",3
095570,[1],1
095610,"[1, 2]",2
096530,"[1, 2]",2
096760,[1],1
096770,[1],1
097230,[1],1
097520,[1],1
097950,[1],1
098120,[1],1
098460,[1],1
099430,"[1, 2]",2
100090,"[1, 2]",2
100120,"[1, 2]",2
101160,[1],1
101170,[1],1
101490,[1],1
101530,[1],1
102120,"[1, 2]",2
102260,[1],1
102460,[1],1
102710,[1],1
102940,[1],1
104480,"[1, 2]",2
104700,[1],1
104830,[1],1
105560,"[1, 2]",2
105840,[1],1
107640,[1],1
108380,[1],1
108670,[1],1
111770,[1],1
112610,"[1, 2, 3]",3
114090,[1],1
114810,[1],1
114840,[1],1
120110,[1],1
121440,[1],1
122870,[1],1
122990,[1],1
123410,[1],1
123690,[1],1
123890,[1],1
124500,[1],1
126640,[1],1
126720,[1],1
127120,[1],1
129920,[1],1
131030,[1],1
131290,[1],1
131970,[1],1
137400,"[1, 2]",2
138080,[1],1
138930,[1],1
139130,[1],1
139480,[1],1
140410,[1],1
140860,[1],1
144960,"[1, 2, 3]",3
145020,"[1, 2, 3]",3
145990,[1],1
146320,[1],1
160980,[1],1
161390,[1],1
161890,[1],1
166090,[1],1
170900,"[1, 2]",2
170920,[1],1
171090,[1],1
174900,[1],1
176750,[1],1
178320,[1],1
178920,[1],1
181710,[1],1
183190,[1],1
187870,[1],1
190510,[1],1
192080,[1],1
192400,[1],1
192440,[1],1
194370,[1],1
194480,[1],1
194700,[1],1
195870,[1],1
195940,"[1, 2]",2
200670,"[1, 2, 3]",3
200880,[1],1
203650,"[1, 2]",2
204270,[1],1
204320,"[1, 2]",2
204620,[1],1
207940,"[1, 2, 3]",3
210540,[1],1
212560,[1],1
213420,"[1, 2]",2
214150,[1],1
214180,[1],1
214320,"[1, 2]",2
214430,[1],1
215200,[1],1
216080,[1],1
217730,[1],1
218410,[1],1
219130,[1],1
220260,[1],1
222040,[1],1
226320,[1],1
226950,[1],1
228760,[1],1
232140,[1],1
232680,"[1, 2]",2
234080,[1],1
234690,[1],1
236200,"[1, 2]",2
237690,"[1, 2]",2
240810,[1],1
241560,"[1, 2]",2
241710,[1],1
241770,[1],1
244920,[1],1
249420,[1],1
251270,[1],1
251370,[1],1
252990,[1],1
253590,[1],1
254490,[1],1
256840,[1],1
256940,[1],1
259630,[1],1
263750,"[1, 2]",2
264450,[1],1
264660,"[1, 2]",2
264850,[1],1
265740,[1],1
267250,[1],1
267270,"[1, 2]",2
267290,[1],1
267320,[1],1
268280,[1],1
271560,"[1, 2, 3]",3
272110,[1],1
272210,"[1, 2]",2
274090,[1],1
277810,[1],1
281820,[1],1
282330,"[1, 2, 3]",3
285130,[1],1
290550,[1],1
290650,"[1, 2]",2
293480,[1],1
294870,"[1, 2]",2
298020,"[1, 2]",2
298380,"[1, 2]",2
300720,[1],1
306200,"[1, 2]",2
307950,[1],1
310200,[1],1
316140,"[1, 2]",2
317400,[1],1
319400,[1],1
319660,[1],1
323410,[1],1
326030,[1],1
331920,[1],1
333430,[1],1
334970,[1],1
336260,[1],1
339950,[1],1
348210,[1],1
348340,[1],1
352820,"[1, 2]",2
353810,[1],1
356860,[1],1
357780,[1],1
361390,"[1, 2]",2
362320,[1],1
365270,[1],1
366030,[1],1
368770,[1],1
373220,[1],1
375500,[1],1
376300,[1],1
381970,[1],1
383220,"[1, 2]",2
383800,"[1, 2]",2
388050,[1],1
389500,[1],1
397030,[1],1
403870,"[1, 2]",2
417840,[1],1
453340,"[1, 2]",2
950190,[1],1
950210,[1],1
