request_index,request_started_at,previous_request_started_at,interval_seconds,endpoint_class,sector_code,page,page_size,http_status,content_type,content_length,response_sha256,response_prefix_sha256,block_markers,elapsed_seconds,secrets_recorded,response_count,response_count_basis
1,2026-09-02T00:45:30.174370+00:00,,,sector_inventory,,,,200,text/html;charset=EUC-KR,88133,abc245829b30dbeb363422f456182bc1d7b985b8bc5b70c4d359fbd4f5a0663c,b0246c49d51b91cd4ceda0a6ce1657e606a6fd357f5864ec458627be1462bf4a,[],0.05,False,79,parsed_rows_from_deduplicated_raw_snapshot
2,2026-09-02T00:45:32.179403+00:00,2026-09-02T00:45:30.174370+00:00,2.005,pagination_probe,286.0,1.0,100.0,200,text/html;charset=EUC-KR,125371,1006ea3d4383720ffee402d0ef724eb0093a171fe69c88663d64481b8895f0cd,4c3e2f1404c5e43f35b141bb03cabd91f1b4b47fc374072f33676a5bcf234c96,[],0.043,False,59,parsed_rows_from_deduplicated_raw_snapshot
3,2026-09-02T00:45:34.184427+00:00,2026-09-02T00:45:32.179403+00:00,2.005,sector_detail,301.0,1.0,100.0,200,text/html;charset=EUC-KR,61236,3e53333434a8a50639b536488fa0941d34335a892f40fe93ba94ea9e9ad1af17,4c3e2f1404c5e43f35b141bb03cabd91f1b4b47fc374072f33676a5bcf234c96,[],0.065,False,11,parsed_rows_from_deduplicated_raw_snapshot
4,2026-09-02T00:45:36.189456+00:00,2026-09-02T00:45:34.184427+00:00,2.005,sector_detail,280.0,1.0,100.0,200,text/html;charset=EUC-KR,87784,95a074c2f02c5ab8c952c25f75903654be289b6fd652224288d0fe1dc49240b9,4c3e2f1404c5e43f35b141bb03cabd91f1b4b47fc374072f33676a5bcf234c96,[],0.051,False,31,parsed_rows_from_deduplicated_raw_snapshot
5,2026-09-02T00:45:38.190837+00:00,2026-09-02T00:45:36.189456+00:00,2.001,sector_detail,285.0,1.0,100.0,200,text/html;charset=EUC-KR,122572,2e31521828c48a72601d2abdf45592343dadac6e09353811a219dc19a7f4d22b,4c3e2f1404c5e43f35b141bb03cabd91f1b4b47fc374072f33676a5bcf234c96,[],0.061,False,57,parsed_rows_from_deduplicated_raw_snapshot
6,2026-09-02T00:45:40.195843+00:00,2026-09-02T00:45:38.190837+00:00,2.005,sector_detail,305.0,1.0,100.0,200,text/html;charset=EUC-KR,58456,e1eab98693778d8b2ab60a6a1cfc2361cce81796afef3ced6c9144122a6612bc,4c3e2f1404c5e43f35b141bb03cabd91f1b4b47fc374072f33676a5bcf234c96,[],0.043,False,9,parsed_rows_from_deduplicated_raw_snapshot
7,2026-09-02T00:45:42.200857+00:00,2026-09-02T00:45:40.195843+00:00,2.005,sector_detail,261.0,1.0,100.0,200,text/html;charset=EUC-KR,280567,e217d9aad2e41f60fce34eac9893baf375178147b85cba477397a39e97a7a029,4c3e2f1404c5e43f35b141bb03cabd91f1b4b47fc374072f33676a5bcf234c96,[],0.095,False,175,parsed_rows_from_deduplicated_raw_snapshot
8,2026-09-02T00:45:44.205862+00:00,2026-09-02T00:45:42.200857+00:00,2.005,sector_detail,261.0,2.0,100.0,200,text/html;charset=EUC-KR,280566,306f2abe97c1e44de9fda119858204f0a903e48a4d20e356299eed762c8401b3,4c3e2f1404c5e43f35b141bb03cabd91f1b4b47fc374072f33676a5bcf234c96,[],0.091,False,175,parsed_rows_from_deduplicated_raw_snapshot
9,2026-09-02T00:45:46.210911+00:00,2026-09-02T00:45:44.205862+00:00,2.005,sector_detail,268.0,1.0,100.0,200,text/html;charset=EUC-KR,169388,c4ea0450ccb2108e922d1470ce66ec4f326758e22cd08c3eb01de88afda00a47,4c3e2f1404c5e43f35b141bb03cabd91f1b4b47fc374072f33676a5bcf234c96,[],0.087,False,92,parsed_rows_from_deduplicated_raw_snapshot
10,2026-09-02T00:45:48.215231+00:00,2026-09-02T00:45:46.210911+00:00,2.004,sector_detail,297.0,1.0,100.0,200,text/html;charset=EUC-KR,61008,93e60d6b9fa6bcf340347ed439ae23060b02bebdccb230d5b8794042316953e1,4c3e2f1404c5e43f35b141bb03cabd91f1b4b47fc374072f33676a5bcf234c96,[],0.044,False,11,parsed_rows_from_deduplicated_raw_snapshot
11,2026-09-02T00:45:50.220241+00:00,2026-09-02T00:45:48.215231+00:00,2.005,sector_detail,296.0,1.0,100.0,200,text/html;charset=EUC-KR,57126,2d472d2ed54ed932399a86fad54c8af52d0aa9d2874cfa7f386b43ae90a05304,4c3e2f1404c5e43f35b141bb03cabd91f1b4b47fc374072f33676a5bcf234c96,[],0.039,False,8,parsed_rows_from_deduplicated_raw_snapshot
12,2026-09-02T00:45:52.223250+00:00,2026-09-02T00:45:50.220241+00:00,2.003,sector_detail,317.0,1.0,100.0,200,text/html;charset=EUC-KR,71881,4af35381ed05cd97f1b9f1564a6eee7c22c99c0de55006712b0deedccb1c51d4,4c3e2f1404c5e43f35b141bb03cabd91f1b4b47fc374072f33676a5bcf234c96,[],0.041,False,19,parsed_rows_from_deduplicated_raw_snapshot
13,2026-09-02T00:45:54.228277+00:00,2026-09-02T00:45:52.223250+00:00,2.005,sector_detail,319.0,1.0,100.0,200,text/html;charset=EUC-KR,54365,a5b564c0d0c08f0b5805e70d2584f91907e06710e19e682782cdcf7e511f4922,4c3e2f1404c5e43f35b141bb03cabd91f1b4b47fc374072f33676a5bcf234c96,[],0.033,False,6,parsed_rows_from_deduplicated_raw_snapshot
14,2026-09-02T00:45:56.231265+00:00,2026-09-02T00:45:54.228277+00:00,2.003,sector_detail,298.0,1.0,100.0,200,text/html;charset=EUC-KR,73145,87be556136005a4cd57cfbe5d63544a102d3ecfa2658d865099ef044a1bed718,4c3e2f1404c5e43f35b141bb03cabd91f1b4b47fc374072f33676a5bcf234c96,[],0.061,False,20,parsed_rows_from_deduplicated_raw_snapshot
15,2026-09-02T00:45:58.235114+00:00,2026-09-02T00:45:56.231265+00:00,2.004,sector_detail,294.0,1.0,100.0,200,text/html;charset=EUC-KR,119716,77bcb8f608fed4667c10f2af4ad92af6ed73e7589981762b243b347ac9a8fd81,4c3e2f1404c5e43f35b141bb03cabd91f1b4b47fc374072f33676a5bcf234c96,[],0.046,False,55,parsed_rows_from_deduplicated_raw_snapshot
16,2026-09-02T00:46:00.240138+00:00,2026-09-02T00:45:58.235114+00:00,2.005,sector_detail,290.0,1.0,100.0,200,text/html;charset=EUC-KR,78302,64278b007310309af1d4c49ac53bb7f01615f92e5a0c94e546dcb91ae37c079e,4c3e2f1404c5e43f35b141bb03cabd91f1b4b47fc374072f33676a5bcf234c96,[],0.035,False,24,parsed_rows_from_deduplicated_raw_snapshot
17,2026-09-02T00:46:02.243990+00:00,2026-09-02T00:46:00.240138+00:00,2.004,sector_detail,310.0,1.0,100.0,200,text/html;charset=EUC-KR,71682,3ca2f1531fd37c99db90491d4a51bb5057e64d60f30623e25832437b46b8a7ed,4c3e2f1404c5e43f35b141bb03cabd91f1b4b47fc374072f33676a5bcf234c96,[],0.042,False,19,parsed_rows_from_deduplicated_raw_snapshot
18,2026-09-02T00:46:04.249007+00:00,2026-09-02T00:46:02.243990+00:00,2.005,sector_detail,327.0,1.0,100.0,200,text/html;charset=EUC-KR,54348,9b93521bab99530909088a1970dca7c40b4b12956de12de51038b7da0a5cdec1,4c3e2f1404c5e43f35b141bb03cabd91f1b4b47fc374072f33676a5bcf234c96,[],0.044,False,6,parsed_rows_from_deduplicated_raw_snapshot
19,2026-09-02T00:46:06.249387+00:00,2026-09-02T00:46:04.249007+00:00,2.0,sector_detail,321.0,1.0,100.0,200,text/html;charset=EUC-KR,98620,d04fcaac1c23d0d011e8f17411b9fe6773b0c17e11a839333b6251a2d0bb2c87,4c3e2f1404c5e43f35b141bb03cabd91f1b4b47fc374072f33676a5bcf234c96,[],0.061,False,39,parsed_rows_from_deduplicated_raw_snapshot
20,2026-09-02T00:46:08.254421+00:00,2026-09-02T00:46:06.249387+00:00,2.005,sector_detail,337.0,1.0,100.0,200,text/html;charset=EUC-KR,47724,cb893790c62b33ccbbd5f32b3cd6ec9de38b5faf429ab08488b351106ca5f0b7,4c3e2f1404c5e43f35b141bb03cabd91f1b4b47fc374072f33676a5bcf234c96,[],0.045,False,1,parsed_rows_from_deduplicated_raw_snapshot
21,2026-09-02T00:46:10.259421+00:00,2026-09-02T00:46:08.254421+00:00,2.005,sector_detail,320.0,1.0,100.0,200,text/html;charset=EUC-KR,61118,fc46b6f447cda7364878d0c6938797a9f7027c4c42e4909bdb821ec9eb86c550,4c3e2f1404c5e43f35b141bb03cabd91f1b4b47fc374072f33676a5bcf234c96,[],0.042,False,11,parsed_rows_from_deduplicated_raw_snapshot
22,2026-09-02T00:46:12.262437+00:00,2026-09-02T00:46:10.259421+00:00,2.003,sector_detail,332.0,1.0,100.0,200,text/html;charset=EUC-KR,47721,d1870ae8cf0ce1da7c0a36aaf629fb68c58e65423f833651ef1eb4edfe73267f,4c3e2f1404c5e43f35b141bb03cabd91f1b4b47fc374072f33676a5bcf234c96,[],0.053,False,1,parsed_rows_from_deduplicated_raw_snapshot
23,2026-09-02T00:46:14.265466+00:00,2026-09-02T00:46:12.262437+00:00,2.003,sector_detail,309.0,1.0,100.0,200,text/html;charset=EUC-KR,67648,3af1c7419ce609de593822929d8648541afa26d97b3f9d5e3a735e73643587d5,4c3e2f1404c5e43f35b141bb03cabd91f1b4b47fc374072f33676a5bcf234c96,[],0.038,False,16,parsed_rows_from_deduplicated_raw_snapshot
24,2026-09-02T00:46:16.270494+00:00,2026-09-02T00:46:14.265466+00:00,2.005,sector_detail,271.0,1.0,100.0,200,text/html;charset=EUC-KR,63776,5781096176ac06e386623748a7dd668348c67dc1050dea47e30ffbb97ce9e4b3,4c3e2f1404c5e43f35b141bb03cabd91f1b4b47fc374072f33676a5bcf234c96,[],0.046,False,13,parsed_rows_from_deduplicated_raw_snapshot
25,2026-09-02T00:46:18.275498+00:00,2026-09-02T00:46:16.270494+00:00,2.005,sector_detail,302.0,1.0,100.0,200,text/html;charset=EUC-KR,55781,95f59f4e0b28f591664fdf46f18e2c9419e0e2f9bd13390ce2b8a8b963af7ca1,4c3e2f1404c5e43f35b141bb03cabd91f1b4b47fc374072f33676a5bcf234c96,[],0.032,False,7,parsed_rows_from_deduplicated_raw_snapshot
26,2026-09-02T00:46:20.276439+00:00,2026-09-02T00:46:18.275498+00:00,2.001,sector_detail,318.0,1.0,100.0,200,text/html;charset=EUC-KR,65119,75591c2471d36bfd436c0e89835e3efff5745d48fbe82e24f35e8ae79e9d787d,4c3e2f1404c5e43f35b141bb03cabd91f1b4b47fc374072f33676a5bcf234c96,[],0.033,False,14,parsed_rows_from_deduplicated_raw_snapshot
27,2026-09-02T00:46:22.281443+00:00,2026-09-02T00:46:20.276439+00:00,2.005,sector_detail,303.0,1.0,100.0,200,text/html;charset=EUC-KR,61001,aa50b7f3030d4770caf6ef75a2e8c40765fe61077282badd920e7d0b69fc98bd,4c3e2f1404c5e43f35b141bb03cabd91f1b4b47fc374072f33676a5bcf234c96,[],0.042,False,11,parsed_rows_from_deduplicated_raw_snapshot
28,2026-09-02T00:46:24.286450+00:00,2026-09-02T00:46:22.281443+00:00,2.005,sector_detail,293.0,1.0,100.0,200,text/html;charset=EUC-KR,74423,efe64c4e169dfa7442462bddba2005fc7342dff90dd5bfc89f3485e23fa5e297,4c3e2f1404c5e43f35b141bb03cabd91f1b4b47fc374072f33676a5bcf234c96,[],0.041,False,21,parsed_rows_from_deduplicated_raw_snapshot
29,2026-09-02T00:46:26.288962+00:00,2026-09-02T00:46:24.286450+00:00,2.003,sector_detail,274.0,1.0,100.0,200,text/html;charset=EUC-KR,156031,49e15deaeff8c0e70167bb8f927655910d7e9a68c1e64fac219ea0e725d15042,4c3e2f1404c5e43f35b141bb03cabd91f1b4b47fc374072f33676a5bcf234c96,[],0.054,False,82,parsed_rows_from_deduplicated_raw_snapshot
30,2026-09-02T00:46:28.293981+00:00,2026-09-02T00:46:26.288962+00:00,2.005,sector_detail,288.0,1.0,100.0,200,text/html;charset=EUC-KR,62484,e214a781739426d800cd36fa528d4d80a24e368d717f30455d95fd1a115d0242,4c3e2f1404c5e43f35b141bb03cabd91f1b4b47fc374072f33676a5bcf234c96,[],0.029,False,12,parsed_rows_from_deduplicated_raw_snapshot
31,2026-09-02T00:46:30.295821+00:00,2026-09-02T00:46:28.293981+00:00,2.002,sector_detail,324.0,1.0,100.0,200,text/html;charset=EUC-KR,87650,a281babede837c3c1150ac76b9087bc2f5fd413412ab0646cbb43e75bba2f94e,4c3e2f1404c5e43f35b141bb03cabd91f1b4b47fc374072f33676a5bcf234c96,[],0.044,False,31,parsed_rows_from_deduplicated_raw_snapshot
32,2026-09-02T00:46:32.299669+00:00,2026-09-02T00:46:30.295821+00:00,2.004,sector_detail,311.0,1.0,100.0,200,text/html;charset=EUC-KR,82507,7c7bf3c86ad0fd46ba3dc26246ad6e4da041d219dc552ba8551595f196e3855c,4c3e2f1404c5e43f35b141bb03cabd91f1b4b47fc374072f33676a5bcf234c96,[],0.086,False,27,parsed_rows_from_deduplicated_raw_snapshot
33,2026-09-02T00:46:34.301930+00:00,2026-09-02T00:46:32.299669+00:00,2.002,sector_detail,266.0,1.0,100.0,200,text/html;charset=EUC-KR,133433,ed4507674f5340d1f6a6d11d209669d07e26d09d2aafe9fc316be79938bc38fc,4c3e2f1404c5e43f35b141bb03cabd91f1b4b47fc374072f33676a5bcf234c96,[],0.059,False,65,parsed_rows_from_deduplicated_raw_snapshot
34,2026-09-02T00:46:36.306955+00:00,2026-09-02T00:46:34.301930+00:00,2.005,sector_detail,336.0,1.0,100.0,200,text/html;charset=EUC-KR,50445,dd8ab24b416f9bcb0320214016716ece90719c6f93b18db80edcdf2caa83f330,4c3e2f1404c5e43f35b141bb03cabd91f1b4b47fc374072f33676a5bcf234c96,[],0.033,False,3,parsed_rows_from_deduplicated_raw_snapshot
35,2026-09-02T00:46:38.311954+00:00,2026-09-02T00:46:36.306955+00:00,2.005,sector_detail,265.0,1.0,100.0,200,text/html;charset=EUC-KR,63727,8096faf172c60f8d958d487bb3540410bc4ebcf14e7f7df0d9e5f0714c5f0333,4c3e2f1404c5e43f35b141bb03cabd91f1b4b47fc374072f33676a5bcf234c96,[],0.054,False,13,parsed_rows_from_deduplicated_raw_snapshot
36,2026-09-02T00:46:40.316984+00:00,2026-09-02T00:46:38.311954+00:00,2.005,sector_detail,315.0,1.0,100.0,200,text/html;charset=EUC-KR,62530,7fcfb4a24c7960e2ea12f73944f470b97d0e18113e611040e8081c895d4eee0d,4c3e2f1404c5e43f35b141bb03cabd91f1b4b47fc374072f33676a5bcf234c96,[],0.042,False,12,parsed_rows_from_deduplicated_raw_snapshot
37,2026-09-02T00:46:42.321389+00:00,2026-09-02T00:46:40.316984+00:00,2.004,sector_detail,331.0,1.0,100.0,200,text/html;charset=EUC-KR,47748,108bfcf52bafa999e572c49282105ef46173bf2d2b923f5751e437de568e8d53,4c3e2f1404c5e43f35b141bb03cabd91f1b4b47fc374072f33676a5bcf234c96,[],0.037,False,1,parsed_rows_from_deduplicated_raw_snapshot
38,2026-09-02T00:46:44.325653+00:00,2026-09-02T00:46:42.321389+00:00,2.004,sector_detail,300.0,1.0,100.0,200,text/html;charset=EUC-KR,67890,63d9f3aef0c6e0be93a8df1c1328b8365ed7116935c50b1fede97fda54c2c6e4,4c3e2f1404c5e43f35b141bb03cabd91f1b4b47fc374072f33676a5bcf234c96,[],0.047,False,16,parsed_rows_from_deduplicated_raw_snapshot
39,2026-09-02T00:46:46.328278+00:00,2026-09-02T00:46:44.325653+00:00,2.003,sector_detail,328.0,1.0,100.0,200,text/html;charset=EUC-KR,53083,28505aeded590c3a4a481ad0b6f54021530f87be487fde11fcf109c459efb6fd,4c3e2f1404c5e43f35b141bb03cabd91f1b4b47fc374072f33676a5bcf234c96,[],0.033,False,5,parsed_rows_from_deduplicated_raw_snapshot
40,2026-09-02T00:46:48.333305+00:00,2026-09-02T00:46:46.328278+00:00,2.005,sector_detail,292.0,1.0,100.0,200,text/html;charset=EUC-KR,122651,5c460b855b53bfa1df7f49bf83c70de94203af9cba54234b8f4969c22a03725b,4c3e2f1404c5e43f35b141bb03cabd91f1b4b47fc374072f33676a5bcf234c96,[],0.161,False,57,parsed_rows_from_deduplicated_raw_snapshot
41,2026-09-02T00:46:50.338334+00:00,2026-09-02T00:46:48.333305+00:00,2.005,sector_detail,312.0,1.0,100.0,200,text/html;charset=EUC-KR,62433,196327f75069faa38a5bdcbb0d6ae3f4a9f3a69e3766218e98973e54e3143d48,4c3e2f1404c5e43f35b141bb03cabd91f1b4b47fc374072f33676a5bcf234c96,[],0.037,False,12,parsed_rows_from_deduplicated_raw_snapshot
42,2026-09-02T00:46:52.342700+00:00,2026-09-02T00:46:50.338334+00:00,2.004,sector_detail,282.0,1.0,100.0,200,text/html;charset=EUC-KR,186945,5d3c69f61939683731d0c1d4fcade3b72fc0035e271177f60b0efb9eebe46e42,4c3e2f1404c5e43f35b141bb03cabd91f1b4b47fc374072f33676a5bcf234c96,[],0.061,False,105,parsed_rows_from_deduplicated_raw_snapshot
43,2026-09-02T00:46:54.347735+00:00,2026-09-02T00:46:52.342700+00:00,2.005,sector_detail,282.0,2.0,100.0,200,text/html;charset=EUC-KR,186946,80d0c548a0754eaa07398c4033c43d2f38b59526ece7f336c7ba0ef339ff691d,4c3e2f1404c5e43f35b141bb03cabd91f1b4b47fc374072f33676a5bcf234c96,[],0.051,False,105,parsed_rows_from_deduplicated_raw_snapshot
44,2026-09-02T00:46:56.352751+00:00,2026-09-02T00:46:54.347735+00:00,2.005,sector_detail,308.0,1.0,100.0,200,text/html;charset=EUC-KR,54399,f1e51c2b56f404cb97ad9c14eddc36bf512849330a3efa93c409eaa2407b945e,4c3e2f1404c5e43f35b141bb03cabd91f1b4b47fc374072f33676a5bcf234c96,[],0.047,False,6,parsed_rows_from_deduplicated_raw_snapshot
45,2026-09-02T00:46:58.357794+00:00,2026-09-02T00:46:56.352751+00:00,2.005,sector_detail,275.0,1.0,100.0,200,text/html;charset=EUC-KR,47727,3b6ba62c4e2a9c5556e7aaff9875fff8559d547fb83baa32edc1f78d5a7d478b,4c3e2f1404c5e43f35b141bb03cabd91f1b4b47fc374072f33676a5bcf234c96,[],0.04,False,1,parsed_rows_from_deduplicated_raw_snapshot
46,2026-09-02T00:47:00.362817+00:00,2026-09-02T00:46:58.357794+00:00,2.005,sector_detail,269.0,1.0,100.0,200,text/html;charset=EUC-KR,142533,4afb505fccd36c1feb998711428478b57273060fddd95ed3b4a60faf855d9d7e,4c3e2f1404c5e43f35b141bb03cabd91f1b4b47fc374072f33676a5bcf234c96,[],0.076,False,72,parsed_rows_from_deduplicated_raw_snapshot
47,2026-09-02T00:47:02.367843+00:00,2026-09-02T00:47:00.362817+00:00,2.005,sector_detail,281.0,1.0,100.0,200,text/html;charset=EUC-KR,185068,1b981089adc69a82abe238df89dcae059aa25cc180a6089c8160c15ccd1432d3,4c3e2f1404c5e43f35b141bb03cabd91f1b4b47fc374072f33676a5bcf234c96,[],0.063,False,104,parsed_rows_from_deduplicated_raw_snapshot
48,2026-09-02T00:47:04.372868+00:00,2026-09-02T00:47:02.367843+00:00,2.005,sector_detail,281.0,2.0,100.0,200,text/html;charset=EUC-KR,185069,eb211c26b3fcf7af29f07b382ab0a7f41de8340542af1b9384bed20da0b690ba,4c3e2f1404c5e43f35b141bb03cabd91f1b4b47fc374072f33676a5bcf234c96,[],0.061,False,104,parsed_rows_from_deduplicated_raw_snapshot
49,2026-09-02T00:47:06.377908+00:00,2026-09-02T00:47:04.372868+00:00,2.005,sector_detail,277.0,1.0,100.0,200,text/html;charset=EUC-KR,164710,817021747aa62a94b949c1a6b92007d76de6be6e12ac8a37147e8b644d461c41,4c3e2f1404c5e43f35b141bb03cabd91f1b4b47fc374072f33676a5bcf234c96,[],0.057,False,89,parsed_rows_from_deduplicated_raw_snapshot
50,2026-09-02T00:47:08.382937+00:00,2026-09-02T00:47:06.377908+00:00,2.005,sector_detail,287.0,1.0,100.0,200,text/html;charset=EUC-KR,143785,954531325cf3dbffe3a2aaf7d5c5c24431e8b6e0e5c6840519f104c6532248d8,4c3e2f1404c5e43f35b141bb03cabd91f1b4b47fc374072f33676a5bcf234c96,[],0.084,False,73,parsed_rows_from_deduplicated_raw_snapshot
51,2026-09-02T00:47:10.387964+00:00,2026-09-02T00:47:08.382937+00:00,2.005,sector_detail,314.0,1.0,100.0,200,text/html;charset=EUC-KR,57072,a65c0471c84170505f7c773590d75b5346509c9328df6e04c8adf5fbe7edefa5,4c3e2f1404c5e43f35b141bb03cabd91f1b4b47fc374072f33676a5bcf234c96,[],0.063,False,8,parsed_rows_from_deduplicated_raw_snapshot
52,2026-09-02T00:47:12.393004+00:00,2026-09-02T00:47:10.387964+00:00,2.005,sector_detail,329.0,1.0,100.0,200,text/html;charset=EUC-KR,57155,7c5169b3da6f3e29b9766e84074001d39b5030854460423518646271686c70fc,4c3e2f1404c5e43f35b141bb03cabd91f1b4b47fc374072f33676a5bcf234c96,[],0.046,False,8,parsed_rows_from_deduplicated_raw_snapshot
53,2026-09-02T00:47:14.398033+00:00,2026-09-02T00:47:12.393004+00:00,2.005,sector_detail,25.0,1.0,100.0,200,text/html;charset=EUC-KR,2128988,a5f16fded40360f2c66bf90acc6a01ede7b3bf63bd37f0443a012779dc65ca50,4c3e2f1404c5e43f35b141bb03cabd91f1b4b47fc374072f33676a5bcf234c96,[],0.39,False,1542,parsed_rows_from_deduplicated_raw_snapshot
54,2026-09-02T00:47:16.403096+00:00,2026-09-02T00:47:14.398033+00:00,2.005,sector_detail,25.0,2.0,100.0,200,text/html;charset=EUC-KR,2128992,d8f40970c190e65c9016cb631c511d83497271f6c602e2ea70aee6e3fb7a6ade,4c3e2f1404c5e43f35b141bb03cabd91f1b4b47fc374072f33676a5bcf234c96,[],0.33,False,1542,parsed_rows_from_deduplicated_raw_snapshot
55,2026-09-02T00:47:18.408091+00:00,2026-09-02T00:47:16.403096+00:00,2.005,sector_detail,276.0,1.0,100.0,200,text/html;charset=EUC-KR,78584,14e35683a93b8e5fbd0d605283c648282686650199e2252644742ac23bda7297,4c3e2f1404c5e43f35b141bb03cabd91f1b4b47fc374072f33676a5bcf234c96,[],0.05,False,24,parsed_rows_from_deduplicated_raw_snapshot
56,2026-09-02T00:47:20.413137+00:00,2026-09-02T00:47:18.408091+00:00,2.005,sector_detail,338.0,1.0,100.0,200,text/html;charset=EUC-KR,47748,f88ad550bd42386cd187abd10ce4e33bf15aa9a113a961cabd5d144299d34b27,4c3e2f1404c5e43f35b141bb03cabd91f1b4b47fc374072f33676a5bcf234c96,[],0.035,False,1,parsed_rows_from_deduplicated_raw_snapshot
57,2026-09-02T00:47:22.418187+00:00,2026-09-02T00:47:20.413137+00:00,2.005,sector_detail,263.0,1.0,100.0,200,text/html;charset=EUC-KR,91896,83386c968d3b9778526dd7ba85a78da313a814239adf466188addabe0536fa0a,4c3e2f1404c5e43f35b141bb03cabd91f1b4b47fc374072f33676a5bcf234c96,[],0.053,False,34,parsed_rows_from_deduplicated_raw_snapshot
58,2026-09-02T00:47:24.423193+00:00,2026-09-02T00:47:22.418187+00:00,2.005,sector_detail,289.0,1.0,100.0,200,text/html;charset=EUC-KR,114482,d258ed2c34c11a64776739cfd60df0720827dd6e80fcfd5076d0b2dcd5d51baf,4c3e2f1404c5e43f35b141bb03cabd91f1b4b47fc374072f33676a5bcf234c96,[],0.054,False,51,parsed_rows_from_deduplicated_raw_snapshot
59,2026-09-02T00:47:26.426310+00:00,2026-09-02T00:47:24.423193+00:00,2.003,sector_detail,334.0,1.0,100.0,200,text/html;charset=EUC-KR,57124,6ba8542161f6046172182401876cbc5b188ea5741c553047fe2d6da631ded9e7,4c3e2f1404c5e43f35b141bb03cabd91f1b4b47fc374072f33676a5bcf234c96,[],0.043,False,8,parsed_rows_from_deduplicated_raw_snapshot
60,2026-09-02T00:47:28.431295+00:00,2026-09-02T00:47:26.426310+00:00,2.005,sector_detail,262.0,1.0,100.0,200,text/html;charset=EUC-KR,101105,2e8160dcaa88bf11d03b565021dcf71339e6b985964b80be32a3a9b9815020ec,4c3e2f1404c5e43f35b141bb03cabd91f1b4b47fc374072f33676a5bcf234c96,[],0.049,False,41,parsed_rows_from_deduplicated_raw_snapshot
61,2026-09-02T00:47:30.435619+00:00,2026-09-02T00:47:28.431295+00:00,2.004,sector_detail,339.0,1.0,100.0,200,text/html;charset=EUC-KR,47765,0a9bf6adfe3abcd31b5e7d99b809ad8ed4a527cef7b333312ff57327b497d6ac,4c3e2f1404c5e43f35b141bb03cabd91f1b4b47fc374072f33676a5bcf234c96,[],0.043,False,1,parsed_rows_from_deduplicated_raw_snapshot
62,2026-09-02T00:47:32.440619+00:00,2026-09-02T00:47:30.435619+00:00,2.005,sector_detail,316.0,1.0,100.0,200,text/html;charset=EUC-KR,86599,cde4690761f744bcde0cd283260b73d21fa46d51b73f529e897f0527974db98f,4c3e2f1404c5e43f35b141bb03cabd91f1b4b47fc374072f33676a5bcf234c96,[],0.039,False,30,parsed_rows_from_deduplicated_raw_snapshot
63,2026-09-02T00:47:34.445645+00:00,2026-09-02T00:47:32.440619+00:00,2.005,sector_detail,325.0,1.0,100.0,200,text/html;charset=EUC-KR,53133,255dc27727bf67c2af07afeb6e0063be77f121b62e0be307bfd6abd1a9915661,4c3e2f1404c5e43f35b141bb03cabd91f1b4b47fc374072f33676a5bcf234c96,[],0.047,False,5,parsed_rows_from_deduplicated_raw_snapshot
64,2026-09-02T00:47:36.450654+00:00,2026-09-02T00:47:34.445645+00:00,2.005,sector_detail,304.0,1.0,100.0,200,text/html;charset=EUC-KR,119934,746b624a2366ba04e6f95a8636c43e02cd3b9338c8027bd39f2fe83ed2932a5f,4c3e2f1404c5e43f35b141bb03cabd91f1b4b47fc374072f33676a5bcf234c96,[],0.047,False,55,parsed_rows_from_deduplicated_raw_snapshot
65,2026-09-02T00:47:38.455682+00:00,2026-09-02T00:47:36.450654+00:00,2.005,sector_detail,299.0,1.0,100.0,200,text/html;charset=EUC-KR,185552,1d59e0029b1bec5075f68902bec4e8889fcff8bc0c26aa680125e6a0a5b07e7c,4c3e2f1404c5e43f35b141bb03cabd91f1b4b47fc374072f33676a5bcf234c96,[],0.053,False,104,parsed_rows_from_deduplicated_raw_snapshot
66,2026-09-02T00:47:40.460677+00:00,2026-09-02T00:47:38.455682+00:00,2.005,sector_detail,299.0,2.0,100.0,200,text/html;charset=EUC-KR,185552,8828b25e3ba7c7ed0083ccdf2c3f74439109a930e0850a825ee771cce634a572,4c3e2f1404c5e43f35b141bb03cabd91f1b4b47fc374072f33676a5bcf234c96,[],0.067,False,104,parsed_rows_from_deduplicated_raw_snapshot
67,2026-09-02T00:47:42.462941+00:00,2026-09-02T00:47:40.460677+00:00,2.002,sector_detail,306.0,1.0,100.0,200,text/html;charset=EUC-KR,93308,5efe4b290c8344485a696dfa919eb73146efe69ffc196a72136b5ccc79d0eda5,4c3e2f1404c5e43f35b141bb03cabd91f1b4b47fc374072f33676a5bcf234c96,[],0.036,False,35,parsed_rows_from_deduplicated_raw_snapshot
68,2026-09-02T00:47:44.467975+00:00,2026-09-02T00:47:42.462941+00:00,2.005,sector_detail,284.0,1.0,100.0,200,text/html;charset=EUC-KR,92107,68d506e9784736a0acfd5d9c3a96694ef01707b73d186c5f9c787732fb8b930c,4c3e2f1404c5e43f35b141bb03cabd91f1b4b47fc374072f33676a5bcf234c96,[],0.039,False,34,parsed_rows_from_deduplicated_raw_snapshot
69,2026-09-02T00:47:46.473003+00:00,2026-09-02T00:47:44.467975+00:00,2.005,sector_detail,323.0,1.0,100.0,200,text/html;charset=EUC-KR,61109,d968f3823317bca6f0e1540ba9f64bedf8428d9757fe5223a73596301cb995b3,4c3e2f1404c5e43f35b141bb03cabd91f1b4b47fc374072f33676a5bcf234c96,[],0.043,False,11,parsed_rows_from_deduplicated_raw_snapshot
70,2026-09-02T00:47:48.478035+00:00,2026-09-02T00:47:46.473003+00:00,2.005,sector_detail,283.0,1.0,100.0,200,text/html;charset=EUC-KR,140030,344d7786b9fb0ba8b6570e48af92f931416d46d1c992ebb2b5cf34c1f1efe54c,4c3e2f1404c5e43f35b141bb03cabd91f1b4b47fc374072f33676a5bcf234c96,[],0.052,False,70,parsed_rows_from_deduplicated_raw_snapshot
71,2026-09-02T00:47:50.483062+00:00,2026-09-02T00:47:48.478035+00:00,2.005,sector_detail,333.0,1.0,100.0,200,text/html;charset=EUC-KR,51725,1aa22edbc8fe722164820f58fe82d60b2a998615ac558ec1ee1868e678f67413,4c3e2f1404c5e43f35b141bb03cabd91f1b4b47fc374072f33676a5bcf234c96,[],0.026,False,4,parsed_rows_from_deduplicated_raw_snapshot
72,2026-09-02T00:47:52.488080+00:00,2026-09-02T00:47:50.483062+00:00,2.005,sector_detail,313.0,1.0,100.0,200,text/html;charset=EUC-KR,71869,f9dda43a6243b19fb8e762afb9732d5357acfd670785dced03f600dc8821f65e,4c3e2f1404c5e43f35b141bb03cabd91f1b4b47fc374072f33676a5bcf234c96,[],0.051,False,19,parsed_rows_from_deduplicated_raw_snapshot
73,2026-09-02T00:47:54.493123+00:00,2026-09-02T00:47:52.488080+00:00,2.005,sector_detail,278.0,1.0,100.0,200,text/html;charset=EUC-KR,277550,bc74c59c5e970d807896d56d431a9270241f89ba838972addcf8bf9bb21bf2bb,4c3e2f1404c5e43f35b141bb03cabd91f1b4b47fc374072f33676a5bcf234c96,[],0.091,False,172,parsed_rows_from_deduplicated_raw_snapshot
74,2026-09-02T00:47:56.497629+00:00,2026-09-02T00:47:54.493123+00:00,2.004,sector_detail,278.0,2.0,100.0,200,text/html;charset=EUC-KR,277550,d9d4649f3ef8bd40cab1921deccb8f9986ed3b69bbc46c2aef930a63161b39de,4c3e2f1404c5e43f35b141bb03cabd91f1b4b47fc374072f33676a5bcf234c96,[],0.074,False,172,parsed_rows_from_deduplicated_raw_snapshot
75,2026-09-02T00:47:58.502624+00:00,2026-09-02T00:47:56.497629+00:00,2.005,sector_detail,330.0,1.0,100.0,200,text/html;charset=EUC-KR,50443,62f3276d627b42fe44ecd9a1f7eab97328787255236ea0d682609b498b791773,4c3e2f1404c5e43f35b141bb03cabd91f1b4b47fc374072f33676a5bcf234c96,[],0.035,False,3,parsed_rows_from_deduplicated_raw_snapshot
76,2026-09-02T00:48:00.504969+00:00,2026-09-02T00:47:58.502624+00:00,2.002,sector_detail,272.0,1.0,100.0,200,text/html;charset=EUC-KR,210902,2e2193b14f606d5db86ea954999a71b93d2b3554cdc85687938844762c59c2f8,4c3e2f1404c5e43f35b141bb03cabd91f1b4b47fc374072f33676a5bcf234c96,[],0.072,False,123,parsed_rows_from_deduplicated_raw_snapshot
77,2026-09-02T00:48:02.507152+00:00,2026-09-02T00:48:00.504969+00:00,2.002,sector_detail,272.0,2.0,100.0,200,text/html;charset=EUC-KR,210936,199257879bd1de990dd44d76a0a74dfa1ffca11bbea4e71d54caf97cfd5c6a9d,4c3e2f1404c5e43f35b141bb03cabd91f1b4b47fc374072f33676a5bcf234c96,[],0.068,False,123,parsed_rows_from_deduplicated_raw_snapshot
78,2026-09-02T00:48:04.512179+00:00,2026-09-02T00:48:02.507152+00:00,2.005,sector_detail,307.0,1.0,100.0,200,text/html;charset=EUC-KR,67638,89e3a052573cfb9126bfa80a3d79451aa8696d7b2381b5bb59f4fdd5d55d97e2,4c3e2f1404c5e43f35b141bb03cabd91f1b4b47fc374072f33676a5bcf234c96,[],0.037,False,16,parsed_rows_from_deduplicated_raw_snapshot
79,2026-09-02T00:48:06.516866+00:00,2026-09-02T00:48:04.512179+00:00,2.005,sector_detail,267.0,1.0,100.0,200,text/html;charset=EUC-KR,204180,6e471f7aa4f0610d89e0320a2a8fa649602d0e3b960e2c3746b64ec877ce1cab,4c3e2f1404c5e43f35b141bb03cabd91f1b4b47fc374072f33676a5bcf234c96,[],0.067,False,118,parsed_rows_from_deduplicated_raw_snapshot
80,2026-09-02T00:48:08.520715+00:00,2026-09-02T00:48:06.516866+00:00,2.004,sector_detail,267.0,2.0,100.0,200,text/html;charset=EUC-KR,204216,ddf1074b9bbbccc03e85c36a4476771198885ff00246c8389f75327b4fe9141f,4c3e2f1404c5e43f35b141bb03cabd91f1b4b47fc374072f33676a5bcf234c96,[],0.075,False,118,parsed_rows_from_deduplicated_raw_snapshot
81,2026-09-02T00:48:10.525735+00:00,2026-09-02T00:48:08.520715+00:00,2.005,sector_detail,264.0,1.0,100.0,200,text/html;charset=EUC-KR,65203,55434a315f534ccf858b16d673511e8e46d4b3655d3b514e181d3342f918419a,4c3e2f1404c5e43f35b141bb03cabd91f1b4b47fc374072f33676a5bcf234c96,[],0.091,False,14,parsed_rows_from_deduplicated_raw_snapshot
82,2026-09-02T00:48:12.530768+00:00,2026-09-02T00:48:10.525735+00:00,2.005,sector_detail,279.0,1.0,100.0,200,text/html;charset=EUC-KR,150363,13d8e762126fcee5c9f779bedc1a472f8d96245f0c721ea87cdd43eafe9c38f1,4c3e2f1404c5e43f35b141bb03cabd91f1b4b47fc374072f33676a5bcf234c96,[],0.062,False,78,parsed_rows_from_deduplicated_raw_snapshot
83,2026-09-02T00:48:14.535679+00:00,2026-09-02T00:48:12.530768+00:00,2.005,sector_detail,270.0,1.0,100.0,200,text/html;charset=EUC-KR,253146,11d8168c4ed66c0eac74a4956aef1096c13536a7a5498020b9633034e3cf8b4e,4c3e2f1404c5e43f35b141bb03cabd91f1b4b47fc374072f33676a5bcf234c96,[],0.069,False,155,parsed_rows_from_deduplicated_raw_snapshot
84,2026-09-02T00:48:16.540690+00:00,2026-09-02T00:48:14.535679+00:00,2.005,sector_detail,270.0,2.0,100.0,200,text/html;charset=EUC-KR,253146,3787503bdfc23ec68084ea6887802ce0e40c7dc7f31cc09c04cb53ce1ba3b091,4c3e2f1404c5e43f35b141bb03cabd91f1b4b47fc374072f33676a5bcf234c96,[],0.082,False,155,parsed_rows_from_deduplicated_raw_snapshot
85,2026-09-02T00:48:18.545720+00:00,2026-09-02T00:48:16.540690+00:00,2.005,sector_detail,322.0,1.0,100.0,200,text/html;charset=EUC-KR,99766,9f6c25f235cc182958c28d9148396b0c3bb89278a84589c5612743b80a580988,4c3e2f1404c5e43f35b141bb03cabd91f1b4b47fc374072f33676a5bcf234c96,[],0.074,False,40,parsed_rows_from_deduplicated_raw_snapshot
86,2026-09-02T00:48:20.550743+00:00,2026-09-02T00:48:18.545720+00:00,2.005,sector_detail,273.0,1.0,100.0,200,text/html;charset=EUC-KR,62491,7228d41654dcf3a5f506abaf48b351e199233bbf04434ed2ba17a2f2110ddd7d,4c3e2f1404c5e43f35b141bb03cabd91f1b4b47fc374072f33676a5bcf234c96,[],0.059,False,12,parsed_rows_from_deduplicated_raw_snapshot
87,2026-09-02T00:48:22.555774+00:00,2026-09-02T00:48:20.550743+00:00,2.005,sector_detail,295.0,1.0,100.0,200,text/html;charset=EUC-KR,91939,16e0e3dab463dceae1730fcac2b8547ea20b26421ea574b620459c73f2c2d99f,4c3e2f1404c5e43f35b141bb03cabd91f1b4b47fc374072f33676a5bcf234c96,[],0.053,False,34,parsed_rows_from_deduplicated_raw_snapshot
88,2026-09-02T00:48:24.560804+00:00,2026-09-02T00:48:22.555774+00:00,2.005,sector_detail,291.0,1.0,100.0,200,text/html;charset=EUC-KR,86601,7bfa7388383b3342a33439a18cc18059aad0dfb380429750ee59990e996afbcb,4c3e2f1404c5e43f35b141bb03cabd91f1b4b47fc374072f33676a5bcf234c96,[],0.043,False,30,parsed_rows_from_deduplicated_raw_snapshot
89,2026-09-02T00:48:26.565857+00:00,2026-09-02T00:48:24.560804+00:00,2.005,sector_detail,326.0,1.0,100.0,200,text/html;charset=EUC-KR,63776,d5290776bfc399b10a6ccc9bb204e7ec8f3cd3089cd86941e75a237df8fe800b,4c3e2f1404c5e43f35b141bb03cabd91f1b4b47fc374072f33676a5bcf234c96,[],0.058,False,13,parsed_rows_from_deduplicated_raw_snapshot
