ticker,candidate_rank,rcept_no,report_nm,rcept_dt,event_match_score,selection_status,rejection_reason
005930,1,20180531002185,임원ㆍ주요주주특정증권등소유상황보고서,20180531,0,REJECTED_EVENT_MISMATCH,No target keywords found in report title
005930,2,20180531001432,임원ㆍ주요주주특정증권등소유상황보고서,20180531,0,REJECTED_EVENT_MISMATCH,No target keywords found in report title
005930,3,20180531001089,임원ㆍ주요주주특정증권등소유상황보고서,20180531,0,REJECTED_EVENT_MISMATCH,No target keywords found in report title
005930,4,20180531000218,대규모기업집단현황공시[연1회공시및1/4분기용(대표회사)],20180531,0,REJECTED_EVENT_MISMATCH,No target keywords found in report title
005930,5,20180530800761,기업설명회(IR)개최(안내공시),20180530,0,REJECTED_EVENT_MISMATCH,No target keywords found in report title
005930,6,20180530000514,임원ㆍ주요주주특정증권등소유상황보고서,20180530,0,REJECTED_EVENT_MISMATCH,No target keywords found in report title
005930,7,20180529000439,임원ㆍ주요주주특정증권등소유상황보고서,20180530,0,REJECTED_EVENT_MISMATCH,No target keywords found in report title
005930,8,20180529000335,임원ㆍ주요주주특정증권등소유상황보고서,20180529,0,REJECTED_EVENT_MISMATCH,No target keywords found in report title
005930,9,20180529000327,임원ㆍ주요주주특정증권등소유상황보고서,20180529,0,REJECTED_EVENT_MISMATCH,No target keywords found in report title
005930,10,20180529000189,임원ㆍ주요주주특정증권등소유상황보고서,20180529,0,REJECTED_EVENT_MISMATCH,No target keywords found in report title
005930,11,20180529000149,임원ㆍ주요주주특정증권등소유상황보고서,20180529,0,REJECTED_EVENT_MISMATCH,No target keywords found in report title
005930,12,20180529000100,임원ㆍ주요주주특정증권등소유상황보고서,20180529,0,REJECTED_EVENT_MISMATCH,No target keywords found in report title
005930,13,20180529000080,임원ㆍ주요주주특정증권등소유상황보고서,20180529,0,REJECTED_EVENT_MISMATCH,No target keywords found in report title
005930,14,20180529000005,임원ㆍ주요주주특정증권등소유상황보고서,20180529,0,REJECTED_EVENT_MISMATCH,No target keywords found in report title
005930,15,20180528000002,임원ㆍ주요주주특정증권등소유상황보고서,20180528,0,REJECTED_EVENT_MISMATCH,No target keywords found in report title
005930,16,20180525000318,임원ㆍ주요주주특정증권등소유상황보고서,20180525,0,REJECTED_EVENT_MISMATCH,No target keywords found in report title
005930,17,20180525000262,임원ㆍ주요주주특정증권등소유상황보고서,20180525,0,REJECTED_EVENT_MISMATCH,No target keywords found in report title
005930,18,20180525000029,임원ㆍ주요주주특정증권등소유상황보고서,20180525,0,REJECTED_EVENT_MISMATCH,No target keywords found in report title
005930,19,20180525000005,임원ㆍ주요주주특정증권등소유상황보고서,20180525,0,REJECTED_EVENT_MISMATCH,No target keywords found in report title
005930,20,20180525000001,임원ㆍ주요주주특정증권등소유상황보고서,20180525,0,REJECTED_EVENT_MISMATCH,No target keywords found in report title
005930,21,20180524000152,임원ㆍ주요주주특정증권등소유상황보고서,20180524,0,REJECTED_EVENT_MISMATCH,No target keywords found in report title
005930,22,20180524000018,임원ㆍ주요주주특정증권등소유상황보고서,20180524,0,REJECTED_EVENT_MISMATCH,No target keywords found in report title
005930,23,20180523000473,임원ㆍ주요주주특정증권등소유상황보고서,20180524,0,REJECTED_EVENT_MISMATCH,No target keywords found in report title
005930,24,20180521000446,임원ㆍ주요주주특정증권등소유상황보고서,20180521,0,REJECTED_EVENT_MISMATCH,No target keywords found in report title
005930,25,20180521000332,임원ㆍ주요주주특정증권등소유상황보고서,20180521,0,REJECTED_EVENT_MISMATCH,No target keywords found in report title
005930,26,20180518000105,임원ㆍ주요주주특정증권등소유상황보고서,20180518,0,REJECTED_EVENT_MISMATCH,No target keywords found in report title
005930,27,20180518000038,임원ㆍ주요주주특정증권등소유상황보고서,20180518,0,REJECTED_EVENT_MISMATCH,No target keywords found in report title
005930,28,20180518000024,임원ㆍ주요주주특정증권등소유상황보고서,20180518,0,REJECTED_EVENT_MISMATCH,No target keywords found in report title
005930,29,20180517000119,임원ㆍ주요주주특정증권등소유상황보고서,20180517,0,REJECTED_EVENT_MISMATCH,No target keywords found in report title
005930,30,20180516000208,임원ㆍ주요주주특정증권등소유상황보고서,20180516,0,REJECTED_EVENT_MISMATCH,No target keywords found in report title
005930,31,20180515001699,분기보고서 (2018.03),20180515,0,REJECTED_EVENT_MISMATCH,No target keywords found in report title
005930,32,20180515001513,임원ㆍ주요주주특정증권등소유상황보고서,20180515,0,REJECTED_EVENT_MISMATCH,No target keywords found in report title
005930,33,20180515001495,임원ㆍ주요주주특정증권등소유상황보고서,20180515,0,REJECTED_EVENT_MISMATCH,No target keywords found in report title
005930,34,20180515001458,임원ㆍ주요주주특정증권등소유상황보고서,20180515,0,REJECTED_EVENT_MISMATCH,No target keywords found in report title
005930,35,20180515001400,동일인등출자계열회사와의상품ㆍ용역거래변경,20180515,0,REJECTED_EVENT_MISMATCH,No target keywords found in report title
005930,36,20180515001386,동일인등출자계열회사와의상품ㆍ용역거래변경,20180515,0,REJECTED_EVENT_MISMATCH,No target keywords found in report title
005930,37,20180515001374,동일인등출자계열회사와의상품ㆍ용역거래변경,20180515,0,REJECTED_EVENT_MISMATCH,No target keywords found in report title
005930,38,20180515001352,동일인등출자계열회사와의상품ㆍ용역거래변경,20180515,0,REJECTED_EVENT_MISMATCH,No target keywords found in report title
005930,39,20180515001338,동일인등출자계열회사와의상품ㆍ용역거래변경,20180515,0,REJECTED_EVENT_MISMATCH,No target keywords found in report title
005930,40,20180515000914,임원ㆍ주요주주특정증권등소유상황보고서,20180515,0,REJECTED_EVENT_MISMATCH,No target keywords found in report title
005930,41,20180515000173,임원ㆍ주요주주특정증권등소유상황보고서,20180515,0,REJECTED_EVENT_MISMATCH,No target keywords found in report title
005930,42,20180514005276,임원ㆍ주요주주특정증권등소유상황보고서,20180514,0,REJECTED_EVENT_MISMATCH,No target keywords found in report title
005930,43,20180514800681,최대주주등소유주식변동신고서,20180514,0,REJECTED_EVENT_MISMATCH,No target keywords found in report title
005930,44,20180514002604,임원ㆍ주요주주특정증권등소유상황보고서,20180514,0,REJECTED_EVENT_MISMATCH,No target keywords found in report title
005930,45,20180514001984,임원ㆍ주요주주특정증권등소유상황보고서,20180514,0,REJECTED_EVENT_MISMATCH,No target keywords found in report title
005930,46,20180511001735,임원ㆍ주요주주특정증권등소유상황보고서,20180511,0,REJECTED_EVENT_MISMATCH,No target keywords found in report title
005930,47,20180510003830,임원ㆍ주요주주특정증권등소유상황보고서,20180510,0,REJECTED_EVENT_MISMATCH,No target keywords found in report title
005930,48,20180510002594,임원ㆍ주요주주특정증권등소유상황보고서,20180510,0,REJECTED_EVENT_MISMATCH,No target keywords found in report title
005930,49,20180510001430,임원ㆍ주요주주특정증권등소유상황보고서,20180510,0,REJECTED_EVENT_MISMATCH,No target keywords found in report title
005930,50,20180510001364,임원ㆍ주요주주특정증권등소유상황보고서,20180510,0,REJECTED_EVENT_MISMATCH,No target keywords found in report title
005930,51,20180509003300,임원ㆍ주요주주특정증권등소유상황보고서,20180510,0,REJECTED_EVENT_MISMATCH,No target keywords found in report title
005930,52,20180509002697,임원ㆍ주요주주특정증권등소유상황보고서,20180509,0,REJECTED_EVENT_MISMATCH,No target keywords found in report title
005930,53,20180509000224,임원ㆍ주요주주특정증권등소유상황보고서,20180509,0,REJECTED_EVENT_MISMATCH,No target keywords found in report title
005930,54,20180508002879,임원ㆍ주요주주특정증권등소유상황보고서,20180508,0,REJECTED_EVENT_MISMATCH,No target keywords found in report title
005930,55,20180508002511,임원ㆍ주요주주특정증권등소유상황보고서,20180508,0,REJECTED_EVENT_MISMATCH,No target keywords found in report title
005930,56,20180504002116,임원ㆍ주요주주특정증권등소유상황보고서,20180508,0,REJECTED_EVENT_MISMATCH,No target keywords found in report title
005930,57,20180504001782,임원ㆍ주요주주특정증권등소유상황보고서,20180504,0,REJECTED_EVENT_MISMATCH,No target keywords found in report title
005930,58,20180430000060,임원ㆍ주요주주특정증권등소유상황보고서,20180430,0,REJECTED_EVENT_MISMATCH,No target keywords found in report title
005930,59,20180427001235,임원ㆍ주요주주특정증권등소유상황보고서,20180427,0,REJECTED_EVENT_MISMATCH,No target keywords found in report title
005930,60,20180427800574,기타경영사항(자율공시),20180427,0,REJECTED_EVENT_MISMATCH,No target keywords found in report title
005930,61,20180427000766,특수관계인에대한증여,20180427,0,REJECTED_EVENT_MISMATCH,No target keywords found in report title
005930,62,20180427000750,특수관계인에대한증여,20180427,0,REJECTED_EVENT_MISMATCH,No target keywords found in report title
005930,63,20180426000681,특수관계인과의보험거래,20180426,0,REJECTED_EVENT_MISMATCH,No target keywords found in report title
005930,64,20180426000561,특수관계인으로부터자산양수,20180426,0,REJECTED_EVENT_MISMATCH,No target keywords found in report title
005930,65,20180426000538,특수관계인에대한증여,20180426,0,REJECTED_EVENT_MISMATCH,No target keywords found in report title
005930,66,20180426000534,특수관계인에대한담보제공,20180426,0,REJECTED_EVENT_MISMATCH,No target keywords found in report title
005930,67,20180426000527,특수관계인에대한부동산임대,20180426,0,REJECTED_EVENT_MISMATCH,No target keywords found in report title
005930,68,20180426800038,현금ㆍ현물배당결정,20180426,0,REJECTED_EVENT_MISMATCH,No target keywords found in report title
005930,69,20180426800032,연결재무제표기준영업(잠정)실적(공정공시),20180426,0,REJECTED_EVENT_MISMATCH,No target keywords found in report title
005930,70,20180426800025,[기재정정]연결재무제표기준영업(잠정)실적(공정공시),20180426,0,REJECTED_EVENT_MISMATCH,No target keywords found in report title
005930,71,20180406000037,특수관계인에대한출자,20180406,0,REJECTED_EVENT_MISMATCH,No target keywords found in report title
005930,72,20180406800027,기업설명회(IR)개최(안내공시),20180406,0,REJECTED_EVENT_MISMATCH,No target keywords found in report title
005930,73,20180406800017,연결재무제표기준영업(잠정)실적(공정공시),20180406,0,REJECTED_EVENT_MISMATCH,No target keywords found in report title
005930,74,20180402005019,사업보고서 (2017.12),20180402,0,REJECTED_EVENT_MISMATCH,No target keywords found in report title
005930,75,20180330804134,최대주주등소유주식변동신고서,20180330,0,REJECTED_EVENT_MISMATCH,No target keywords found in report title
005930,76,20180330003004,주식등의대량보유상황보고서(일반),20180330,0,REJECTED_EVENT_MISMATCH,No target keywords found in report title
005930,77,20180329000644,임원ㆍ주요주주특정증권등소유상황보고서,20180329,0,REJECTED_EVENT_MISMATCH,No target keywords found in report title
005930,78,20180323801247,기타경영사항(자율공시),20180323,0,REJECTED_EVENT_MISMATCH,No target keywords found in report title
005930,79,20180323000599,특수관계인과의보험거래,20180323,0,REJECTED_EVENT_MISMATCH,No target keywords found in report title
005930,80,20180323000590,독립이사의선임ㆍ해임또는중도퇴임에관한신고,20180323,0,REJECTED_EVENT_MISMATCH,No target keywords found in report title
005930,81,20180323000581,독립이사의선임ㆍ해임또는중도퇴임에관한신고,20180323,0,REJECTED_EVENT_MISMATCH,No target keywords found in report title
005930,82,20180323000572,독립이사의선임ㆍ해임또는중도퇴임에관한신고,20180323,0,REJECTED_EVENT_MISMATCH,No target keywords found in report title
005930,83,20180323801114,정기주주총회결과,20180323,0,REJECTED_EVENT_MISMATCH,No target keywords found in report title
005930,84,20180323800566,대표이사(대표집행임원)변경(안내공시),20180323,0,REJECTED_EVENT_MISMATCH,No target keywords found in report title
005930,85,20180321000176,임원ㆍ주요주주특정증권등소유상황보고서,20180321,0,REJECTED_EVENT_MISMATCH,No target keywords found in report title
005930,86,20180316800856,[기재정정]주식분할결정,20180316,50,REJECTED_DOCUMENT_UNUSABLE,Official document content is empty or unavailable
005930,87,20180312800578,현금ㆍ현물배당을위한주주명부폐쇄(기준일)결정,20180312,0,REJECTED_EVENT_MISMATCH,No target keywords found in report title
005930,88,20180312800497,최대주주등소유주식변동신고서,20180312,0,REJECTED_EVENT_MISMATCH,No target keywords found in report title
005930,89,20180228801079,감사보고서제출,20180228,0,REJECTED_EVENT_MISMATCH,No target keywords found in report title
005930,90,20180228000181,대규모기업집단현황공시[분기별공시(대표회사용)],20180228,0,REJECTED_EVENT_MISMATCH,No target keywords found in report title
005930,91,20180223000494,[기재정정]의결권대리행사권유참고서류,20180223,0,REJECTED_EVENT_MISMATCH,No target keywords found in report title
005930,92,20180223000490,[기재정정]주주총회소집공고,20180223,50,REJECTED_DOCUMENT_UNUSABLE,Official document content is empty or unavailable
005930,93,20180223800886,주주총회집중일개최사유신고,20180223,0,REJECTED_EVENT_MISMATCH,No target keywords found in report title
005930,94,20180223800808,기타경영사항(자율공시),20180223,0,REJECTED_EVENT_MISMATCH,No target keywords found in report title
005930,95,20180223000314,의결권대리행사권유참고서류,20180223,0,REJECTED_EVENT_MISMATCH,No target keywords found in report title
005930,96,20180223000294,주주총회소집공고,20180223,100,SELECTED,
035420,1,20181025000319,특수관계인에대한출자,20181025,0,REJECTED_EVENT_MISMATCH,No target keywords found in report title
035420,2,20181025000317,특수관계인에대한출자,20181025,0,REJECTED_EVENT_MISMATCH,No target keywords found in report title
035420,3,20181025800015,영업(잠정)실적(공정공시),20181025,0,REJECTED_EVENT_MISMATCH,No target keywords found in report title
035420,4,20181025800014,연결재무제표기준영업(잠정)실적(공정공시),20181025,0,REJECTED_EVENT_MISMATCH,No target keywords found in report title
035420,5,20181011800582,기업설명회(IR)개최(안내공시),20181011,0,REJECTED_EVENT_MISMATCH,No target keywords found in report title
035420,6,20181004800657,최대주주등소유주식변동신고서,20181004,0,REJECTED_EVENT_MISMATCH,No target keywords found in report title
035420,7,20181004000022,임원ㆍ주요주주특정증권등소유상황보고서,20181004,0,REJECTED_EVENT_MISMATCH,No target keywords found in report title
035420,8,20180928801054,유상증자결정(종속회사의주요경영사항),20180928,0,REJECTED_EVENT_MISMATCH,No target keywords found in report title
035420,9,20180928800984,타법인주식및출자증권취득결정(종속회사의주요경영사항),20180928,0,REJECTED_EVENT_MISMATCH,No target keywords found in report title
035420,10,20180928800941,최대주주등소유주식변동신고서,20180928,0,REJECTED_EVENT_MISMATCH,No target keywords found in report title
035420,11,20180927000307,임원ㆍ주요주주특정증권등소유상황보고서,20180927,0,REJECTED_EVENT_MISMATCH,No target keywords found in report title
035420,12,20180927000288,임원ㆍ주요주주특정증권등소유상황보고서,20180927,0,REJECTED_EVENT_MISMATCH,No target keywords found in report title
035420,13,20180918800513,기업설명회(IR)개최(안내공시),20180918,0,REJECTED_EVENT_MISMATCH,No target keywords found in report title
035420,14,20180907800394,임시주주총회결과,20180907,0,REJECTED_EVENT_MISMATCH,No target keywords found in report title
035420,15,20180907800327,기업설명회(IR)개최(안내공시),20180907,0,REJECTED_EVENT_MISMATCH,No target keywords found in report title
035420,16,20180905800002,[기재정정]증권대여결정,20180905,0,REJECTED_EVENT_MISMATCH,No target keywords found in report title
035420,17,20180905800001,[기재정정]주권관련사채권의취득결정,20180905,0,REJECTED_EVENT_MISMATCH,No target keywords found in report title
035420,18,20180904800483,증권대여결정,20180904,0,REJECTED_EVENT_MISMATCH,No target keywords found in report title
035420,19,20180904800470,주권관련사채권의취득결정,20180904,0,REJECTED_EVENT_MISMATCH,No target keywords found in report title
035420,20,20180903800387,기업설명회(IR)개최(안내공시),20180903,0,REJECTED_EVENT_MISMATCH,No target keywords found in report title
035420,21,20180829000580,대규모기업집단현황공시[분기별공시(대표회사용)],20180829,0,REJECTED_EVENT_MISMATCH,No target keywords found in report title
035420,22,20180823800392,[기재정정]주주총회소집결의,20180823,0,REJECTED_EVENT_MISMATCH,No target keywords found in report title
035420,23,20180823000235,주주총회소집공고,20180823,100,SELECTED,
035720,1,20210416800731,최대주주등소유주식변동신고서,20210416,0,REJECTED_EVENT_MISMATCH,No target keywords found in report title
035720,2,20210416000652,주식등의대량보유상황보고서(일반),20210416,0,REJECTED_EVENT_MISMATCH,No target keywords found in report title
035720,3,20210416000023,임원ㆍ주요주주특정증권등소유상황보고서,20210416,0,REJECTED_EVENT_MISMATCH,No target keywords found in report title
035720,4,20210416000020,임원ㆍ주요주주특정증권등소유상황보고서,20210416,0,REJECTED_EVENT_MISMATCH,No target keywords found in report title
035720,5,20210416000017,임원ㆍ주요주주특정증권등소유상황보고서,20210416,0,REJECTED_EVENT_MISMATCH,No target keywords found in report title
035720,6,20210416000011,임원ㆍ주요주주특정증권등소유상황보고서,20210416,0,REJECTED_EVENT_MISMATCH,No target keywords found in report title
035720,7,20210414800614,회사분할합병결정(종속회사의주요경영사항),20210414,0,REJECTED_EVENT_MISMATCH,No target keywords found in report title
035720,8,20210414002033,특수관계인에대한출자,20210414,0,REJECTED_EVENT_MISMATCH,No target keywords found in report title
035720,9,20210414001954,[기재정정]주식매수선택권부여에관한신고,20210414,0,REJECTED_EVENT_MISMATCH,No target keywords found in report title
035720,10,20210414001937,[기재정정]주식매수선택권부여에관한신고,20210414,0,REJECTED_EVENT_MISMATCH,No target keywords found in report title
035720,11,20210414001917,[기재정정]주식매수선택권부여에관한신고,20210414,0,REJECTED_EVENT_MISMATCH,No target keywords found in report title
035720,12,20210414001895,[기재정정]주식매수선택권부여에관한신고,20210414,0,REJECTED_EVENT_MISMATCH,No target keywords found in report title
035720,13,20210414001872,[기재정정]주식매수선택권부여에관한신고,20210414,0,REJECTED_EVENT_MISMATCH,No target keywords found in report title
035720,14,20210414001849,[기재정정]주식매수선택권부여에관한신고,20210414,0,REJECTED_EVENT_MISMATCH,No target keywords found in report title
035720,15,20210414001824,[기재정정]주식매수선택권부여에관한신고,20210414,0,REJECTED_EVENT_MISMATCH,No target keywords found in report title
035720,16,20210414001804,[기재정정]주식매수선택권부여에관한신고,20210414,0,REJECTED_EVENT_MISMATCH,No target keywords found in report title
035720,17,20210414800392,전환가액ㆍ신주인수권행사가액ㆍ교환가액의조정(안내공시),20210414,0,REJECTED_EVENT_MISMATCH,No target keywords found in report title
035720,18,20210412800372,기업설명회(IR)개최(안내공시),20210412,0,REJECTED_EVENT_MISMATCH,No target keywords found in report title
035720,19,20210412800367,결산실적공시예고(안내공시),20210412,0,REJECTED_EVENT_MISMATCH,No target keywords found in report title
035720,20,20210407800099,기업설명회(IR)개최(안내공시),20210407,0,REJECTED_EVENT_MISMATCH,No target keywords found in report title
035720,21,20210401800075,유상증자결정(자율공시)(종속회사의주요경영사항),20210401,0,REJECTED_EVENT_MISMATCH,No target keywords found in report title
035720,22,20210329800169,정기주주총회결과,20210329,0,REJECTED_EVENT_MISMATCH,No target keywords found in report title
035720,23,20210329800184,전환가액ㆍ신주인수권행사가액ㆍ교환가액의조정(안내공시),20210329,0,REJECTED_EVENT_MISMATCH,No target keywords found in report title
035720,24,20210329000214,독립이사의선임ㆍ해임또는중도퇴임에관한신고,20210329,0,REJECTED_EVENT_MISMATCH,No target keywords found in report title
035720,25,20210323001098,[기재정정]주요사항보고서(회사분할결정),20210323,0,REJECTED_EVENT_MISMATCH,No target keywords found in report title
035720,26,20210318001373,사업보고서 (2020.12),20210318,0,REJECTED_EVENT_MISMATCH,No target keywords found in report title
035720,27,20210317801234,감사보고서제출,20210317,0,REJECTED_EVENT_MISMATCH,No target keywords found in report title
035720,28,20210315801576,[기재정정]주주총회소집결의,20210315,0,REJECTED_EVENT_MISMATCH,No target keywords found in report title
035720,29,20210312001062,[기재정정]의결권대리행사권유참고서류,20210312,0,REJECTED_EVENT_MISMATCH,No target keywords found in report title
035720,30,20210312001048,[기재정정]주주총회소집공고,20210312,100,SELECTED,
003670,1,20210226003921,대규모기업집단현황공시[분기별공시(개별회사용)],20210226,0,REJECTED_EVENT_MISMATCH,No target keywords found in report title
003670,2,20210224002819,특수관계인에대한출자,20210224,0,REJECTED_EVENT_MISMATCH,No target keywords found in report title
003670,3,20210224002723,의결권대리행사권유참고서류,20210224,0,REJECTED_EVENT_MISMATCH,No target keywords found in report title
003670,4,20210224002650,주주총회소집공고,20210224,0,REJECTED_EVENT_MISMATCH,No target keywords found in report title
003670,5,20210224800461,주주총회소집결의,20210224,0,REJECTED_EVENT_MISMATCH,No target keywords found in report title
003670,6,20210129800375,소송등의판결ㆍ결정(자율공시:일정금액미만의청구),20210129,0,REJECTED_EVENT_MISMATCH,No target keywords found in report title
003670,7,20210128800396,단일판매ㆍ공급계약체결,20210128,0,REJECTED_EVENT_MISMATCH,No target keywords found in report title
003670,8,20210127800406,영업(잠정)실적(공정공시),20210127,0,REJECTED_EVENT_MISMATCH,No target keywords found in report title
003670,9,20210127800402,연결재무제표기준영업(잠정)실적(공정공시),20210127,0,REJECTED_EVENT_MISMATCH,No target keywords found in report title
003670,10,20210127800399,매출액또는손익구조30%(대규모법인은15%)이상변경,20210127,0,REJECTED_EVENT_MISMATCH,No target keywords found in report title
003670,11,20210127800355,단기차입금증가결정,20210127,0,REJECTED_EVENT_MISMATCH,No target keywords found in report title
003670,12,20210127800351,현금ㆍ현물배당결정,20210127,0,REJECTED_EVENT_MISMATCH,No target keywords found in report title
003670,13,20210127800349,공정거래자율준수프로그램운영현황(안내공시),20210127,0,REJECTED_EVENT_MISMATCH,No target keywords found in report title
003670,14,20210125000465,임원ㆍ주요주주특정증권등소유상황보고서,20210125,0,REJECTED_EVENT_MISMATCH,No target keywords found in report title
003670,15,20210125000461,임원ㆍ주요주주특정증권등소유상황보고서,20210125,0,REJECTED_EVENT_MISMATCH,No target keywords found in report title
003670,16,20210125000459,임원ㆍ주요주주특정증권등소유상황보고서,20210125,0,REJECTED_EVENT_MISMATCH,No target keywords found in report title
003670,17,20210125000457,임원ㆍ주요주주특정증권등소유상황보고서,20210125,0,REJECTED_EVENT_MISMATCH,No target keywords found in report title
003670,18,20210125000456,임원ㆍ주요주주특정증권등소유상황보고서,20210125,0,REJECTED_EVENT_MISMATCH,No target keywords found in report title
003670,19,20210125000449,임원ㆍ주요주주특정증권등소유상황보고서,20210125,0,REJECTED_EVENT_MISMATCH,No target keywords found in report title
003670,20,20210125000444,임원ㆍ주요주주특정증권등소유상황보고서,20210125,0,REJECTED_EVENT_MISMATCH,No target keywords found in report title
003670,21,20210125000439,임원ㆍ주요주주특정증권등소유상황보고서,20210125,0,REJECTED_EVENT_MISMATCH,No target keywords found in report title
003670,22,20210125000433,임원ㆍ주요주주특정증권등소유상황보고서,20210125,0,REJECTED_EVENT_MISMATCH,No target keywords found in report title
003670,23,20210125000424,임원ㆍ주요주주특정증권등소유상황보고서,20210125,0,REJECTED_EVENT_MISMATCH,No target keywords found in report title
003670,24,20210125000417,임원ㆍ주요주주특정증권등소유상황보고서,20210125,0,REJECTED_EVENT_MISMATCH,No target keywords found in report title
003670,25,20210125000404,임원ㆍ주요주주특정증권등소유상황보고서,20210125,0,REJECTED_EVENT_MISMATCH,No target keywords found in report title
003670,26,20210125000399,임원ㆍ주요주주특정증권등소유상황보고서,20210125,0,REJECTED_EVENT_MISMATCH,No target keywords found in report title
003670,27,20210125000397,임원ㆍ주요주주특정증권등소유상황보고서,20210125,0,REJECTED_EVENT_MISMATCH,No target keywords found in report title
003670,28,20210125000391,임원ㆍ주요주주특정증권등소유상황보고서,20210125,0,REJECTED_EVENT_MISMATCH,No target keywords found in report title
003670,29,20210125000384,임원ㆍ주요주주특정증권등소유상황보고서,20210125,0,REJECTED_EVENT_MISMATCH,No target keywords found in report title
003670,30,20210122800240,최대주주등소유주식변동신고서,20210122,0,REJECTED_EVENT_MISMATCH,No target keywords found in report title
003670,31,20210122000014,임원ㆍ주요주주특정증권등소유상황보고서,20210122,0,REJECTED_EVENT_MISMATCH,No target keywords found in report title
003670,32,20210121800246,유상증자또는주식관련사채등의발행결과(자율공시),20210121,100,SELECTED,
028260,1,20150921800362,기타경영사항(자율공시),20150921,0,REJECTED_EVENT_MISMATCH,No target keywords found in report title
028260,2,20150911000225,임원ㆍ주요주주특정증권등소유상황보고서,20150911,0,REJECTED_EVENT_MISMATCH,No target keywords found in report title
028260,3,20150910000139,임원ㆍ주요주주특정증권등소유상황보고서,20150910,0,REJECTED_EVENT_MISMATCH,No target keywords found in report title
028260,4,20150910000086,임원ㆍ주요주주특정증권등소유상황보고서,20150910,0,REJECTED_EVENT_MISMATCH,No target keywords found in report title
028260,5,20150909000327,임원ㆍ주요주주특정증권등소유상황보고서,20150909,0,REJECTED_EVENT_MISMATCH,No target keywords found in report title
028260,6,20150909000308,임원ㆍ주요주주특정증권등소유상황보고서,20150909,0,REJECTED_EVENT_MISMATCH,No target keywords found in report title
028260,7,20150909000307,주식등의대량보유상황보고서(일반),20150909,0,REJECTED_EVENT_MISMATCH,No target keywords found in report title
028260,8,20150909000288,주식등의대량보유상황보고서(일반),20150909,0,REJECTED_EVENT_MISMATCH,No target keywords found in report title
028260,9,20150909000276,임원ㆍ주요주주특정증권등소유상황보고서,20150909,0,REJECTED_EVENT_MISMATCH,No target keywords found in report title
028260,10,20150909800388,최대주주등소유주식변동신고서,20150909,0,REJECTED_EVENT_MISMATCH,No target keywords found in report title
028260,11,20150909000259,임원ㆍ주요주주특정증권등소유상황보고서,20150909,0,REJECTED_EVENT_MISMATCH,No target keywords found in report title
028260,12,20150909000246,주식등의대량보유상황보고서(일반),20150909,0,REJECTED_EVENT_MISMATCH,No target keywords found in report title
028260,13,20150909000241,임원ㆍ주요주주특정증권등소유상황보고서,20150909,0,REJECTED_EVENT_MISMATCH,No target keywords found in report title
028260,14,20150909000230,임원ㆍ주요주주특정증권등소유상황보고서,20150909,0,REJECTED_EVENT_MISMATCH,No target keywords found in report title
028260,15,20150909000225,임원ㆍ주요주주특정증권등소유상황보고서,20150909,0,REJECTED_EVENT_MISMATCH,No target keywords found in report title
028260,16,20150909000193,임원ㆍ주요주주특정증권등소유상황보고서,20150909,0,REJECTED_EVENT_MISMATCH,No target keywords found in report title
028260,17,20150909000167,임원ㆍ주요주주특정증권등소유상황보고서,20150909,0,REJECTED_EVENT_MISMATCH,No target keywords found in report title
028260,18,20150909000143,임원ㆍ주요주주특정증권등소유상황보고서,20150909,0,REJECTED_EVENT_MISMATCH,No target keywords found in report title
028260,19,20150909000136,임원ㆍ주요주주특정증권등소유상황보고서,20150909,0,REJECTED_EVENT_MISMATCH,No target keywords found in report title
028260,20,20150909000113,임원ㆍ주요주주특정증권등소유상황보고서,20150909,0,REJECTED_EVENT_MISMATCH,No target keywords found in report title
028260,21,20150909000110,임원ㆍ주요주주특정증권등소유상황보고서,20150909,0,REJECTED_EVENT_MISMATCH,No target keywords found in report title
028260,22,20150909000105,임원ㆍ주요주주특정증권등소유상황보고서,20150909,0,REJECTED_EVENT_MISMATCH,No target keywords found in report title
028260,23,20150909000099,임원ㆍ주요주주특정증권등소유상황보고서,20150909,0,REJECTED_EVENT_MISMATCH,No target keywords found in report title
028260,24,20150909000079,임원ㆍ주요주주특정증권등소유상황보고서,20150909,0,REJECTED_EVENT_MISMATCH,No target keywords found in report title
028260,25,20150909000078,임원ㆍ주요주주특정증권등소유상황보고서,20150909,0,REJECTED_EVENT_MISMATCH,No target keywords found in report title
028260,26,20150909000073,임원ㆍ주요주주특정증권등소유상황보고서,20150909,0,REJECTED_EVENT_MISMATCH,No target keywords found in report title
028260,27,20150909000071,임원ㆍ주요주주특정증권등소유상황보고서,20150909,0,REJECTED_EVENT_MISMATCH,No target keywords found in report title
028260,28,20150909000066,임원ㆍ주요주주특정증권등소유상황보고서,20150909,0,REJECTED_EVENT_MISMATCH,No target keywords found in report title
028260,29,20150909000055,임원ㆍ주요주주특정증권등소유상황보고서,20150909,0,REJECTED_EVENT_MISMATCH,No target keywords found in report title
028260,30,20150909000050,임원ㆍ주요주주특정증권등소유상황보고서,20150909,0,REJECTED_EVENT_MISMATCH,No target keywords found in report title
028260,31,20150909000046,임원ㆍ주요주주특정증권등소유상황보고서,20150909,0,REJECTED_EVENT_MISMATCH,No target keywords found in report title
028260,32,20150909000045,임원ㆍ주요주주특정증권등소유상황보고서,20150909,0,REJECTED_EVENT_MISMATCH,No target keywords found in report title
028260,33,20150909000042,임원ㆍ주요주주특정증권등소유상황보고서,20150909,0,REJECTED_EVENT_MISMATCH,No target keywords found in report title
028260,34,20150909000039,임원ㆍ주요주주특정증권등소유상황보고서,20150909,0,REJECTED_EVENT_MISMATCH,No target keywords found in report title
028260,35,20150909000029,임원ㆍ주요주주특정증권등소유상황보고서,20150909,0,REJECTED_EVENT_MISMATCH,No target keywords found in report title
028260,36,20150909000024,임원ㆍ주요주주특정증권등소유상황보고서,20150909,0,REJECTED_EVENT_MISMATCH,No target keywords found in report title
028260,37,20150909000021,임원ㆍ주요주주특정증권등소유상황보고서,20150909,0,REJECTED_EVENT_MISMATCH,No target keywords found in report title
028260,38,20150909000017,임원ㆍ주요주주특정증권등소유상황보고서,20150909,0,REJECTED_EVENT_MISMATCH,No target keywords found in report title
028260,39,20150909000009,임원ㆍ주요주주특정증권등소유상황보고서,20150909,0,REJECTED_EVENT_MISMATCH,No target keywords found in report title
028260,40,20150908000245,임원ㆍ주요주주특정증권등소유상황보고서,20150908,0,REJECTED_EVENT_MISMATCH,No target keywords found in report title
028260,41,20150908000208,임원ㆍ주요주주특정증권등소유상황보고서,20150908,0,REJECTED_EVENT_MISMATCH,No target keywords found in report title
028260,42,20150908000153,임원ㆍ주요주주특정증권등소유상황보고서,20150908,0,REJECTED_EVENT_MISMATCH,No target keywords found in report title
028260,43,20150908000148,임원ㆍ주요주주특정증권등소유상황보고서,20150908,0,REJECTED_EVENT_MISMATCH,No target keywords found in report title
028260,44,20150908000130,임원ㆍ주요주주특정증권등소유상황보고서,20150908,0,REJECTED_EVENT_MISMATCH,No target keywords found in report title
028260,45,20150908000106,임원ㆍ주요주주특정증권등소유상황보고서,20150908,0,REJECTED_EVENT_MISMATCH,No target keywords found in report title
028260,46,20150908000091,임원ㆍ주요주주특정증권등소유상황보고서,20150908,0,REJECTED_EVENT_MISMATCH,No target keywords found in report title
028260,47,20150908000090,임원ㆍ주요주주특정증권등소유상황보고서,20150908,0,REJECTED_EVENT_MISMATCH,No target keywords found in report title
028260,48,20150908000053,임원ㆍ주요주주특정증권등소유상황보고서,20150908,0,REJECTED_EVENT_MISMATCH,No target keywords found in report title
028260,49,20150908000046,임원ㆍ주요주주특정증권등소유상황보고서,20150908,0,REJECTED_EVENT_MISMATCH,No target keywords found in report title
028260,50,20150908000032,임원ㆍ주요주주특정증권등소유상황보고서,20150908,0,REJECTED_EVENT_MISMATCH,No target keywords found in report title
028260,51,20150908000028,임원ㆍ주요주주특정증권등소유상황보고서,20150908,0,REJECTED_EVENT_MISMATCH,No target keywords found in report title
028260,52,20150908000016,임원ㆍ주요주주특정증권등소유상황보고서,20150908,0,REJECTED_EVENT_MISMATCH,No target keywords found in report title
028260,53,20150907000379,임원ㆍ주요주주특정증권등소유상황보고서,20150907,0,REJECTED_EVENT_MISMATCH,No target keywords found in report title
028260,54,20150907000354,임원ㆍ주요주주특정증권등소유상황보고서,20150907,0,REJECTED_EVENT_MISMATCH,No target keywords found in report title
028260,55,20150907000325,임원ㆍ주요주주특정증권등소유상황보고서,20150907,0,REJECTED_EVENT_MISMATCH,No target keywords found in report title
028260,56,20150907000307,임원ㆍ주요주주특정증권등소유상황보고서,20150907,0,REJECTED_EVENT_MISMATCH,No target keywords found in report title
028260,57,20150907000263,임원ㆍ주요주주특정증권등소유상황보고서,20150907,0,REJECTED_EVENT_MISMATCH,No target keywords found in report title
028260,58,20150907000243,임원ㆍ주요주주특정증권등소유상황보고서,20150907,0,REJECTED_EVENT_MISMATCH,No target keywords found in report title
028260,59,20150907000234,임원ㆍ주요주주특정증권등소유상황보고서,20150907,0,REJECTED_EVENT_MISMATCH,No target keywords found in report title
028260,60,20150907000227,임원ㆍ주요주주특정증권등소유상황보고서,20150907,0,REJECTED_EVENT_MISMATCH,No target keywords found in report title
028260,61,20150907000224,임원ㆍ주요주주특정증권등소유상황보고서,20150907,0,REJECTED_EVENT_MISMATCH,No target keywords found in report title
028260,62,20150907000223,임원ㆍ주요주주특정증권등소유상황보고서,20150907,0,REJECTED_EVENT_MISMATCH,No target keywords found in report title
028260,63,20150907000207,임원ㆍ주요주주특정증권등소유상황보고서,20150907,0,REJECTED_EVENT_MISMATCH,No target keywords found in report title
028260,64,20150907000176,임원ㆍ주요주주특정증권등소유상황보고서,20150907,0,REJECTED_EVENT_MISMATCH,No target keywords found in report title
028260,65,20150907000161,임원ㆍ주요주주특정증권등소유상황보고서,20150907,0,REJECTED_EVENT_MISMATCH,No target keywords found in report title
028260,66,20150907000155,임원ㆍ주요주주특정증권등소유상황보고서,20150907,0,REJECTED_EVENT_MISMATCH,No target keywords found in report title
028260,67,20150907000148,임원ㆍ주요주주특정증권등소유상황보고서,20150907,0,REJECTED_EVENT_MISMATCH,No target keywords found in report title
028260,68,20150907000118,임원ㆍ주요주주특정증권등소유상황보고서,20150907,0,REJECTED_EVENT_MISMATCH,No target keywords found in report title
028260,69,20150907000056,임원ㆍ주요주주특정증권등소유상황보고서,20150907,0,REJECTED_EVENT_MISMATCH,No target keywords found in report title
028260,70,20150907000037,임원ㆍ주요주주특정증권등소유상황보고서,20150907,0,REJECTED_EVENT_MISMATCH,No target keywords found in report title
028260,71,20150907000028,임원ㆍ주요주주특정증권등소유상황보고서,20150907,0,REJECTED_EVENT_MISMATCH,No target keywords found in report title
028260,72,20150907000024,임원ㆍ주요주주특정증권등소유상황보고서,20150907,0,REJECTED_EVENT_MISMATCH,No target keywords found in report title
028260,73,20150907000008,임원ㆍ주요주주특정증권등소유상황보고서,20150907,0,REJECTED_EVENT_MISMATCH,No target keywords found in report title
028260,74,20150904000481,임원ㆍ주요주주특정증권등소유상황보고서,20150907,0,REJECTED_EVENT_MISMATCH,No target keywords found in report title
028260,75,20150904000297,임원ㆍ주요주주특정증권등소유상황보고서,20150904,0,REJECTED_EVENT_MISMATCH,No target keywords found in report title
028260,76,20150904000295,임원ㆍ주요주주특정증권등소유상황보고서,20150904,0,REJECTED_EVENT_MISMATCH,No target keywords found in report title
028260,77,20150904000290,임원ㆍ주요주주특정증권등소유상황보고서,20150904,0,REJECTED_EVENT_MISMATCH,No target keywords found in report title
028260,78,20150904000271,임원ㆍ주요주주특정증권등소유상황보고서,20150904,0,REJECTED_EVENT_MISMATCH,No target keywords found in report title
028260,79,20150904000262,임원ㆍ주요주주특정증권등소유상황보고서,20150904,0,REJECTED_EVENT_MISMATCH,No target keywords found in report title
028260,80,20150904000243,임원ㆍ주요주주특정증권등소유상황보고서,20150904,0,REJECTED_EVENT_MISMATCH,No target keywords found in report title
028260,81,20150904000151,임원ㆍ주요주주특정증권등소유상황보고서,20150904,0,REJECTED_EVENT_MISMATCH,No target keywords found in report title
028260,82,20150904000060,임원ㆍ주요주주특정증권등소유상황보고서,20150904,0,REJECTED_EVENT_MISMATCH,No target keywords found in report title
028260,83,20150904000041,임원ㆍ주요주주특정증권등소유상황보고서,20150904,0,REJECTED_EVENT_MISMATCH,No target keywords found in report title
028260,84,20150902000305,임원ㆍ주요주주특정증권등소유상황보고서,20150903,0,REJECTED_EVENT_MISMATCH,No target keywords found in report title
028260,85,20150902800334,지배회사의주요종속회사탈퇴,20150902,0,REJECTED_EVENT_MISMATCH,No target keywords found in report title
028260,86,20150902000259,증권발행실적보고서(합병등),20150902,100,SELECTED,
000100,1,20210118800399,투자판단관련주요경영사항,20210118,0,REJECTED_EVENT_MISMATCH,No target keywords found in report title
000100,2,20210107000215,임원ㆍ주요주주특정증권등소유상황보고서,20210107,0,REJECTED_EVENT_MISMATCH,No target keywords found in report title
000100,3,20201211000171,주요사항보고서(무상증자결정),20201211,100,SELECTED,
004020,1,20150724800445,[기재정정]영업실적등에대한전망(공정공시),20150724,0,REJECTED_EVENT_MISMATCH,No target keywords found in report title
004020,2,20150724800382,공정거래자율준수프로그램운영현황(안내공시),20150724,0,REJECTED_EVENT_MISMATCH,No target keywords found in report title
004020,3,20150724000247,약관에의한금융거래시계열금융회사의거래상대방의공시,20150724,0,REJECTED_EVENT_MISMATCH,No target keywords found in report title
004020,4,20150724000245,동일인등출자계열회사와의상품ㆍ용역거래,20150724,0,REJECTED_EVENT_MISMATCH,No target keywords found in report title
004020,5,20150724800332,[기재정정]신규시설투자등,20150724,0,REJECTED_EVENT_MISMATCH,No target keywords found in report title
004020,6,20150724800295,영업(잠정)실적(공정공시),20150724,0,REJECTED_EVENT_MISMATCH,No target keywords found in report title
004020,7,20150724800316,연결재무제표기준영업(잠정)실적(공정공시),20150724,0,REJECTED_EVENT_MISMATCH,No target keywords found in report title
004020,8,20150722800299,기업설명회(IR)개최(안내공시),20150722,0,REJECTED_EVENT_MISMATCH,No target keywords found in report title
004020,9,20150720000291,임원ㆍ주요주주특정증권등소유상황보고서,20150720,0,REJECTED_EVENT_MISMATCH,No target keywords found in report title
004020,10,20150714000172,임원ㆍ주요주주특정증권등소유상황보고서,20150714,0,REJECTED_EVENT_MISMATCH,No target keywords found in report title
004020,11,20150708000581,임원ㆍ주요주주특정증권등소유상황보고서,20150708,0,REJECTED_EVENT_MISMATCH,No target keywords found in report title
004020,12,20150708000402,임원ㆍ주요주주특정증권등소유상황보고서,20150708,0,REJECTED_EVENT_MISMATCH,No target keywords found in report title
004020,13,20150708000397,임원ㆍ주요주주특정증권등소유상황보고서,20150708,0,REJECTED_EVENT_MISMATCH,No target keywords found in report title
004020,14,20150708000392,임원ㆍ주요주주특정증권등소유상황보고서,20150708,0,REJECTED_EVENT_MISMATCH,No target keywords found in report title
004020,15,20150708000378,임원ㆍ주요주주특정증권등소유상황보고서,20150708,0,REJECTED_EVENT_MISMATCH,No target keywords found in report title
004020,16,20150708000364,임원ㆍ주요주주특정증권등소유상황보고서,20150708,0,REJECTED_EVENT_MISMATCH,No target keywords found in report title
004020,17,20150708000360,임원ㆍ주요주주특정증권등소유상황보고서,20150708,0,REJECTED_EVENT_MISMATCH,No target keywords found in report title
004020,18,20150708000354,임원ㆍ주요주주특정증권등소유상황보고서,20150708,0,REJECTED_EVENT_MISMATCH,No target keywords found in report title
004020,19,20150708000348,임원ㆍ주요주주특정증권등소유상황보고서,20150708,0,REJECTED_EVENT_MISMATCH,No target keywords found in report title
004020,20,20150708000343,임원ㆍ주요주주특정증권등소유상황보고서,20150708,0,REJECTED_EVENT_MISMATCH,No target keywords found in report title
004020,21,20150708000336,임원ㆍ주요주주특정증권등소유상황보고서,20150708,0,REJECTED_EVENT_MISMATCH,No target keywords found in report title
004020,22,20150708000331,임원ㆍ주요주주특정증권등소유상황보고서,20150708,0,REJECTED_EVENT_MISMATCH,No target keywords found in report title
004020,23,20150708000324,임원ㆍ주요주주특정증권등소유상황보고서,20150708,0,REJECTED_EVENT_MISMATCH,No target keywords found in report title
004020,24,20150703000304,임원ㆍ주요주주특정증권등소유상황보고서,20150703,0,REJECTED_EVENT_MISMATCH,No target keywords found in report title
004020,25,20150703000296,임원ㆍ주요주주특정증권등소유상황보고서,20150703,0,REJECTED_EVENT_MISMATCH,No target keywords found in report title
004020,26,20150703000207,임원ㆍ주요주주특정증권등소유상황보고서,20150703,0,REJECTED_EVENT_MISMATCH,No target keywords found in report title
004020,27,20150703000205,임원ㆍ주요주주특정증권등소유상황보고서,20150703,0,REJECTED_EVENT_MISMATCH,No target keywords found in report title
004020,28,20150703000204,주식등의대량보유상황보고서(일반),20150703,0,REJECTED_EVENT_MISMATCH,No target keywords found in report title
004020,29,20150703800229,최대주주등소유주식변동신고서,20150703,0,REJECTED_EVENT_MISMATCH,No target keywords found in report title
004020,30,20150701000257,증권발행실적보고서(합병등),20150701,100,SELECTED,
010130,1,20220831001334,대규모기업집단현황공시[분기별공시(개별회사용)],20220831,0,REJECTED_EVENT_MISMATCH,No target keywords found in report title
010130,2,20220830001258,주식등의대량보유상황보고서(일반),20220830,0,REJECTED_EVENT_MISMATCH,No target keywords found in report title
010130,3,20220830800343,최대주주등소유주식변동신고서,20220830,0,REJECTED_EVENT_MISMATCH,No target keywords found in report title
010130,4,20220819800323,최대주주등소유주식변동신고서,20220819,0,REJECTED_EVENT_MISMATCH,No target keywords found in report title
010130,5,20220819000348,주식등의대량보유상황보고서(일반),20220819,0,REJECTED_EVENT_MISMATCH,No target keywords found in report title
010130,6,20220819800347,유상증자또는주식관련사채등의발행결과(자율공시),20220819,100,SELECTED,
