ticker,population_class,currently_common,historical_only,alpha_ticker,control_category,selection_reason,authority_source_path,authority_identity_hash_or_reference,listing_start,listing_end
005930,CURRENT_COMMON,True,False,False,LONG_LIVED_CURRENT_COMMON,LONG_ACTIVE_CONTROL_005930,artifacts/data/end_to_end_data_parity/v01/survivorship_safe_denominator_freeze/v01/pit_common_denominator_v01.json,pit_common_denominator_v01.json,2010-01-04,2026-08-21
000660,CURRENT_COMMON,True,False,False,LONG_LIVED_CURRENT_COMMON,LONG_ACTIVE_CONTROL_000660,artifacts/data/end_to_end_data_parity/v01/survivorship_safe_denominator_freeze/v01/pit_common_denominator_v01.json,pit_common_denominator_v01.json,2010-01-04,2026-08-21
005380,CURRENT_COMMON,True,False,False,LONG_LIVED_CURRENT_COMMON,LONG_ACTIVE_CONTROL_005380,artifacts/data/end_to_end_data_parity/v01/survivorship_safe_denominator_freeze/v01/pit_common_denominator_v01.json,pit_common_denominator_v01.json,2010-01-04,2026-08-21
000270,CURRENT_COMMON,True,False,False,LONG_LIVED_CURRENT_COMMON,LONG_ACTIVE_CONTROL_000270,artifacts/data/end_to_end_data_parity/v01/survivorship_safe_denominator_freeze/v01/pit_common_denominator_v01.json,pit_common_denominator_v01.json,2010-01-04,2026-08-21
005490,CURRENT_COMMON,True,False,False,LONG_LIVED_CURRENT_COMMON,LONG_ACTIVE_CONTROL_005490,artifacts/data/end_to_end_data_parity/v01/survivorship_safe_denominator_freeze/v01/pit_common_denominator_v01.json,pit_common_denominator_v01.json,2010-01-04,2026-08-21
035420,CURRENT_COMMON,True,False,False,LONG_LIVED_CURRENT_COMMON,LONG_ACTIVE_CONTROL_035420,artifacts/data/end_to_end_data_parity/v01/survivorship_safe_denominator_freeze/v01/pit_common_denominator_v01.json,pit_common_denominator_v01.json,2010-01-04,2026-08-21
051910,CURRENT_COMMON,True,False,False,LONG_LIVED_CURRENT_COMMON,LONG_ACTIVE_CONTROL_051910,artifacts/data/end_to_end_data_parity/v01/survivorship_safe_denominator_freeze/v01/pit_common_denominator_v01.json,pit_common_denominator_v01.json,2010-01-04,2026-08-21
006400,CURRENT_COMMON,True,False,False,LONG_LIVED_CURRENT_COMMON,LONG_ACTIVE_CONTROL_006400,artifacts/data/end_to_end_data_parity/v01/survivorship_safe_denominator_freeze/v01/pit_common_denominator_v01.json,pit_common_denominator_v01.json,2010-01-04,2026-08-21
003550,CURRENT_COMMON,True,False,False,LONG_LIVED_CURRENT_COMMON,LONG_ACTIVE_CONTROL_003550,artifacts/data/end_to_end_data_parity/v01/survivorship_safe_denominator_freeze/v01/pit_common_denominator_v01.json,pit_common_denominator_v01.json,2010-01-04,2026-08-21
012330,CURRENT_COMMON,True,False,False,LONG_LIVED_CURRENT_COMMON,LONG_ACTIVE_CONTROL_012330,artifacts/data/end_to_end_data_parity/v01/survivorship_safe_denominator_freeze/v01/pit_common_denominator_v01.json,pit_common_denominator_v01.json,2010-01-04,2026-08-21
352820,CURRENT_COMMON,True,False,False,MEDIUM_RECENT_CURRENT_COMMON,RECENT_ACTIVE_CONTROL_HYBE,artifacts/data/end_to_end_data_parity/v01/survivorship_safe_denominator_freeze/v01/pit_common_denominator_v01.json,pit_common_denominator_v01.json,2020-10-15,2026-08-21
373220,CURRENT_COMMON,True,False,False,MEDIUM_RECENT_CURRENT_COMMON,RECENT_ACTIVE_CONTROL_LG_ENERGY,artifacts/data/end_to_end_data_parity/v01/survivorship_safe_denominator_freeze/v01/pit_common_denominator_v01.json,pit_common_denominator_v01.json,2022-01-27,2026-08-21
259960,CURRENT_COMMON,True,False,False,MEDIUM_RECENT_CURRENT_COMMON,RECENT_ACTIVE_CONTROL_KRAFTON,artifacts/data/end_to_end_data_parity/v01/survivorship_safe_denominator_freeze/v01/pit_common_denominator_v01.json,pit_common_denominator_v01.json,2021-08-10,2026-08-21
323410,CURRENT_COMMON,True,False,False,MEDIUM_RECENT_CURRENT_COMMON,RECENT_ACTIVE_CONTROL_KAKAO_BANK,artifacts/data/end_to_end_data_parity/v01/survivorship_safe_denominator_freeze/v01/pit_common_denominator_v01.json,pit_common_denominator_v01.json,2021-08-06,2026-08-21
377300,CURRENT_COMMON,True,False,False,MEDIUM_RECENT_CURRENT_COMMON,RECENT_ACTIVE_CONTROL_KAKAO_PAY,artifacts/data/end_to_end_data_parity/v01/survivorship_safe_denominator_freeze/v01/pit_common_denominator_v01.json,pit_common_denominator_v01.json,2021-11-03,2026-08-21
064420,HISTORICAL_ONLY,False,True,False,HISTORICAL_ONLY_DELISTED,AUTHORITY_DERIVED_HISTORICAL_ONLY_064420,artifacts/data/end_to_end_data_parity/v01/survivorship_safe_denominator_freeze/v01/historical_common_population_v01.json,survivorship_safe_denominator_freeze_v01.json,2010-01-04,2013-01-14
004320,HISTORICAL_ONLY,False,True,False,HISTORICAL_ONLY_DELISTED,AUTHORITY_DERIVED_HISTORICAL_ONLY_004320,artifacts/data/end_to_end_data_parity/v01/survivorship_safe_denominator_freeze/v01/historical_common_population_v01.json,survivorship_safe_denominator_freeze_v01.json,2010-01-04,2015-04-10
004790,HISTORICAL_ONLY,False,True,False,HISTORICAL_ONLY_DELISTED,AUTHORITY_DERIVED_HISTORICAL_ONLY_004790,artifacts/data/end_to_end_data_parity/v01/survivorship_safe_denominator_freeze/v01/historical_common_population_v01.json,survivorship_safe_denominator_freeze_v01.json,2010-01-04,2014-03-03
006580,HISTORICAL_ONLY,False,True,False,HISTORICAL_ONLY_DELISTED,AUTHORITY_DERIVED_HISTORICAL_ONLY_006580,artifacts/data/end_to_end_data_parity/v01/survivorship_safe_denominator_freeze/v01/historical_common_population_v01.json,survivorship_safe_denominator_freeze_v01.json,2010-01-04,2024-06-20
007150,HISTORICAL_ONLY,False,True,False,HISTORICAL_ONLY_DELISTED,AUTHORITY_DERIVED_HISTORICAL_ONLY_007150,artifacts/data/end_to_end_data_parity/v01/survivorship_safe_denominator_freeze/v01/historical_common_population_v01.json,survivorship_safe_denominator_freeze_v01.json,2010-01-04,2012-09-10
008340,HISTORICAL_ONLY,False,True,False,HISTORICAL_ONLY_DELISTED,AUTHORITY_DERIVED_HISTORICAL_ONLY_008340,artifacts/data/end_to_end_data_parity/v01/survivorship_safe_denominator_freeze/v01/historical_common_population_v01.json,survivorship_safe_denominator_freeze_v01.json,2010-01-04,2010-04-12
008800,HISTORICAL_ONLY,False,True,False,HISTORICAL_ONLY_DELISTED,AUTHORITY_DERIVED_HISTORICAL_ONLY_008800,artifacts/data/end_to_end_data_parity/v01/survivorship_safe_denominator_freeze/v01/historical_common_population_v01.json,survivorship_safe_denominator_freeze_v01.json,2010-01-04,2021-06-04
009010,HISTORICAL_ONLY,False,True,False,HISTORICAL_ONLY_DELISTED,AUTHORITY_DERIVED_HISTORICAL_ONLY_009010,artifacts/data/end_to_end_data_parity/v01/survivorship_safe_denominator_freeze/v01/historical_common_population_v01.json,survivorship_safe_denominator_freeze_v01.json,2010-01-04,2013-04-30
010670,HISTORICAL_ONLY,False,True,False,HISTORICAL_ONLY_DELISTED,AUTHORITY_DERIVED_HISTORICAL_ONLY_010670,artifacts/data/end_to_end_data_parity/v01/survivorship_safe_denominator_freeze/v01/historical_common_population_v01.json,survivorship_safe_denominator_freeze_v01.json,2010-01-04,2014-04-10
012650,HISTORICAL_ONLY,False,True,False,HISTORICAL_ONLY_DELISTED,AUTHORITY_DERIVED_HISTORICAL_ONLY_012650,artifacts/data/end_to_end_data_parity/v01/survivorship_safe_denominator_freeze/v01/historical_common_population_v01.json,survivorship_safe_denominator_freeze_v01.json,2010-01-04,2014-04-10
0001A0,ALPHA_TICKER,True,False,True,ALPHA_23_FULL_SET,ALPHA_23_POPULATION_CONTROL_0001A0,artifacts/data/end_to_end_data_parity/v01/survivorship_safe_denominator_freeze/v01/pit_common_denominator_v01.json,pit_common_denominator_v01.json,2026-01-30,2026-08-21
0004V0,ALPHA_TICKER,True,False,True,ALPHA_23_FULL_SET,ALPHA_23_POPULATION_CONTROL_0004V0,artifacts/data/end_to_end_data_parity/v01/survivorship_safe_denominator_freeze/v01/pit_common_denominator_v01.json,pit_common_denominator_v01.json,2026-01-14,2026-08-21
0007C0,ALPHA_TICKER,True,False,True,ALPHA_23_FULL_SET,ALPHA_23_POPULATION_CONTROL_0007C0,artifacts/data/end_to_end_data_parity/v01/survivorship_safe_denominator_freeze/v01/pit_common_denominator_v01.json,pit_common_denominator_v01.json,2025-12-16,2026-08-21
0007J0,ALPHA_TICKER,True,False,True,ALPHA_23_FULL_SET,ALPHA_23_POPULATION_CONTROL_0007J0,artifacts/data/end_to_end_data_parity/v01/survivorship_safe_denominator_freeze/v01/pit_common_denominator_v01.json,pit_common_denominator_v01.json,2026-04-02,2026-08-21
0008Z0,ALPHA_TICKER,True,False,True,ALPHA_23_FULL_SET,ALPHA_23_POPULATION_CONTROL_0008Z0,artifacts/data/end_to_end_data_parity/v01/survivorship_safe_denominator_freeze/v01/pit_common_denominator_v01.json,pit_common_denominator_v01.json,2025-08-19,2026-08-21
0009K0,ALPHA_TICKER,True,False,True,ALPHA_23_FULL_SET,ALPHA_23_POPULATION_CONTROL_0009K0,artifacts/data/end_to_end_data_parity/v01/survivorship_safe_denominator_freeze/v01/pit_common_denominator_v01.json,pit_common_denominator_v01.json,2025-12-04,2026-08-21
0010F0,ALPHA_TICKER,True,False,True,ALPHA_23_FULL_SET,ALPHA_23_POPULATION_CONTROL_0010F0,artifacts/data/end_to_end_data_parity/v01/survivorship_safe_denominator_freeze/v01/pit_common_denominator_v01.json,pit_common_denominator_v01.json,2026-04-03,2026-08-21
0010V0,ALPHA_TICKER,True,False,True,ALPHA_23_FULL_SET,ALPHA_23_POPULATION_CONTROL_0010V0,artifacts/data/end_to_end_data_parity/v01/survivorship_safe_denominator_freeze/v01/pit_common_denominator_v01.json,pit_common_denominator_v01.json,2025-08-21,2026-08-21
0011A0,ALPHA_TICKER,True,False,True,ALPHA_23_FULL_SET,ALPHA_23_POPULATION_CONTROL_0011A0,artifacts/data/end_to_end_data_parity/v01/survivorship_safe_denominator_freeze/v01/pit_common_denominator_v01.json,pit_common_denominator_v01.json,2026-03-09,2026-08-21
0011T0,ALPHA_TICKER,True,False,True,ALPHA_23_FULL_SET,ALPHA_23_POPULATION_CONTROL_0011T0,artifacts/data/end_to_end_data_parity/v01/survivorship_safe_denominator_freeze/v01/pit_common_denominator_v01.json,pit_common_denominator_v01.json,2026-04-29,2026-08-21
0013V0,ALPHA_TICKER,True,False,True,ALPHA_23_FULL_SET,ALPHA_23_POPULATION_CONTROL_0013V0,artifacts/data/end_to_end_data_parity/v01/survivorship_safe_denominator_freeze/v01/pit_common_denominator_v01.json,pit_common_denominator_v01.json,2025-12-22,2026-08-21
0015G0,ALPHA_TICKER,True,False,True,ALPHA_23_FULL_SET,ALPHA_23_POPULATION_CONTROL_0015G0,artifacts/data/end_to_end_data_parity/v01/survivorship_safe_denominator_freeze/v01/pit_common_denominator_v01.json,pit_common_denominator_v01.json,2025-11-17,2026-08-21
0015N0,ALPHA_TICKER,True,False,True,ALPHA_23_FULL_SET,ALPHA_23_POPULATION_CONTROL_0015N0,artifacts/data/end_to_end_data_parity/v01/survivorship_safe_denominator_freeze/v01/pit_common_denominator_v01.json,pit_common_denominator_v01.json,2025-11-27,2026-08-21
0015S0,ALPHA_TICKER,True,False,True,ALPHA_23_FULL_SET,ALPHA_23_POPULATION_CONTROL_0015S0,artifacts/data/end_to_end_data_parity/v01/survivorship_safe_denominator_freeze/v01/pit_common_denominator_v01.json,pit_common_denominator_v01.json,2025-12-10,2026-08-21
0017J0,ALPHA_TICKER,True,False,True,ALPHA_23_FULL_SET,ALPHA_23_POPULATION_CONTROL_0017J0,artifacts/data/end_to_end_data_parity/v01/survivorship_safe_denominator_freeze/v01/pit_common_denominator_v01.json,pit_common_denominator_v01.json,2026-06-10,2026-08-21
0039P0,ALPHA_TICKER,True,False,True,ALPHA_23_FULL_SET,ALPHA_23_POPULATION_CONTROL_0039P0,artifacts/data/end_to_end_data_parity/v01/survivorship_safe_denominator_freeze/v01/pit_common_denominator_v01.json,pit_common_denominator_v01.json,2026-07-01,2026-08-21
0082N0,ALPHA_TICKER,True,False,True,ALPHA_23_FULL_SET,ALPHA_23_POPULATION_CONTROL_0082N0,artifacts/data/end_to_end_data_parity/v01/survivorship_safe_denominator_freeze/v01/pit_common_denominator_v01.json,pit_common_denominator_v01.json,2026-03-16,2026-08-21
0088M0,ALPHA_TICKER,True,False,True,ALPHA_23_FULL_SET,ALPHA_23_POPULATION_CONTROL_0088M0,artifacts/data/end_to_end_data_parity/v01/survivorship_safe_denominator_freeze/v01/pit_common_denominator_v01.json,pit_common_denominator_v01.json,2026-03-26,2026-08-21
0117P0,ALPHA_TICKER,True,False,True,ALPHA_23_FULL_SET,ALPHA_23_POPULATION_CONTROL_0117P0,artifacts/data/end_to_end_data_parity/v01/survivorship_safe_denominator_freeze/v01/pit_common_denominator_v01.json,pit_common_denominator_v01.json,2026-06-08,2026-08-21
0156T0,ALPHA_TICKER,True,False,True,ALPHA_23_FULL_SET,ALPHA_23_POPULATION_CONTROL_0156T0,artifacts/data/end_to_end_data_parity/v01/survivorship_safe_denominator_freeze/v01/pit_common_denominator_v01.json,pit_common_denominator_v01.json,2026-07-24,2026-08-21
0218L0,ALPHA_TICKER,True,False,True,ALPHA_23_FULL_SET,ALPHA_23_POPULATION_CONTROL_0218L0,artifacts/data/end_to_end_data_parity/v01/survivorship_safe_denominator_freeze/v01/pit_common_denominator_v01.json,pit_common_denominator_v01.json,2026-07-27,2026-08-21
0120G0,ALPHA_TICKER,True,False,True,ALPHA_23_FULL_SET,ALPHA_23_POPULATION_CONTROL_0120G0,artifacts/data/end_to_end_data_parity/v01/survivorship_safe_denominator_freeze/v01/pit_common_denominator_v01.json,pit_common_denominator_v01.json,2025-11-24,2026-08-21
0126Z0,ALPHA_TICKER,True,False,True,ALPHA_23_FULL_SET,ALPHA_23_POPULATION_CONTROL_0126Z0,artifacts/data/end_to_end_data_parity/v01/survivorship_safe_denominator_freeze/v01/pit_common_denominator_v01.json,pit_common_denominator_v01.json,2025-11-24,2026-08-21
005930,CURRENT_COMMON,True,False,False,CORPORATE_ACTION_CONTROL,CORP_ACTION_005930_STOCK_SPLIT_50_TO_1,artifacts/data/end_to_end_data_parity/v01/survivorship_safe_denominator_freeze/v01/pit_common_denominator_v01.json,"event=STOCK_SPLIT_50_TO_1,date=2018-05-04,window=[2018-01-02,2018-12-28]",2010-01-04,2026-08-21
035420,CURRENT_COMMON,True,False,False,CORPORATE_ACTION_CONTROL,CORP_ACTION_035420_STOCK_SPLIT_5_TO_1,artifacts/data/end_to_end_data_parity/v01/survivorship_safe_denominator_freeze/v01/pit_common_denominator_v01.json,"event=STOCK_SPLIT_5_TO_1,date=2018-10-12,window=[2018-01-02,2018-12-28]",2010-01-04,2026-08-21
035720,CURRENT_COMMON,True,False,False,CORPORATE_ACTION_CONTROL,CORP_ACTION_035720_STOCK_SPLIT_5_TO_1,artifacts/data/end_to_end_data_parity/v01/survivorship_safe_denominator_freeze/v01/pit_common_denominator_v01.json,"event=STOCK_SPLIT_5_TO_1,date=2021-04-15,window=[2021-01-04,2021-12-30]",2010-01-04,2026-08-21
003670,CURRENT_COMMON,True,False,False,CORPORATE_ACTION_CONTROL,CORP_ACTION_003670_RIGHTS_OFFERING,artifacts/data/end_to_end_data_parity/v01/survivorship_safe_denominator_freeze/v01/pit_common_denominator_v01.json,"event=RIGHTS_OFFERING,date=2021-02-09,window=[2020-06-01,2021-06-30]",2010-01-04,2026-08-21
028260,CURRENT_COMMON,True,False,False,CORPORATE_ACTION_CONTROL,CORP_ACTION_028260_MERGER,artifacts/data/end_to_end_data_parity/v01/survivorship_safe_denominator_freeze/v01/pit_common_denominator_v01.json,"event=MERGER,date=2015-09-01,window=[2015-01-02,2016-12-30]",2014-12-18,2026-08-21
000100,CURRENT_COMMON,True,False,False,CORPORATE_ACTION_CONTROL,CORP_ACTION_000100_BONUS_ISSUE_STOCK_DIVIDEND,artifacts/data/end_to_end_data_parity/v01/survivorship_safe_denominator_freeze/v01/pit_common_denominator_v01.json,"event=BONUS_ISSUE_STOCK_DIVIDEND,date=2020-04-01,window=[2020-01-02,2021-12-30]",2010-01-04,2026-08-21
004020,CURRENT_COMMON,True,False,False,CORPORATE_ACTION_CONTROL,CORP_ACTION_004020_MERGER,artifacts/data/end_to_end_data_parity/v01/survivorship_safe_denominator_freeze/v01/pit_common_denominator_v01.json,"event=MERGER,date=2015-07-01,window=[2015-01-02,2015-12-30]",2010-01-04,2026-08-21
010130,CURRENT_COMMON,True,False,False,CORPORATE_ACTION_CONTROL,CORP_ACTION_010130_RIGHTS_OFFERING,artifacts/data/end_to_end_data_parity/v01/survivorship_safe_denominator_freeze/v01/pit_common_denominator_v01.json,"event=RIGHTS_OFFERING,date=2022-08-30,window=[2022-01-03,2023-12-28]",2010-01-04,2026-08-21
000610,CURRENT_COMMON,True,False,False,EXISTING_EMPTY_CONTROL,EXISTING_EMPTY_000610,artifacts/data/end_to_end_data_parity/v01/survivorship_safe_denominator_freeze/v01/pit_common_denominator_v01.json,empty_ticker_investigation.csv,2010-01-04,2010-01-19
015940,CURRENT_COMMON,True,False,False,EXISTING_EMPTY_CONTROL,EXISTING_EMPTY_015940,artifacts/data/end_to_end_data_parity/v01/survivorship_safe_denominator_freeze/v01/pit_common_denominator_v01.json,empty_ticker_investigation.csv,2010-01-04,2010-01-14
037510,CURRENT_COMMON,True,False,False,EXISTING_EMPTY_CONTROL,EXISTING_EMPTY_037510,artifacts/data/end_to_end_data_parity/v01/survivorship_safe_denominator_freeze/v01/pit_common_denominator_v01.json,empty_ticker_investigation.csv,2010-01-04,2010-01-25
045820,CURRENT_COMMON,True,False,False,EXISTING_EMPTY_CONTROL,EXISTING_EMPTY_045820,artifacts/data/end_to_end_data_parity/v01/survivorship_safe_denominator_freeze/v01/pit_common_denominator_v01.json,empty_ticker_investigation.csv,2010-01-04,2010-01-14
000810,CURRENT_COMMON,True,False,False,EXISTING_OHLC_ANOMALY_CONTROL,ANOMALY_CONTROL_000810,artifacts/data/end_to_end_data_parity/v01/survivorship_safe_denominator_freeze/v01/pit_common_denominator_v01.json,error_taxonomy.csv,2010-01-04,2026-08-21
001040,CURRENT_COMMON,True,False,False,EXISTING_OHLC_ANOMALY_CONTROL,ANOMALY_CONTROL_001040,artifacts/data/end_to_end_data_parity/v01/survivorship_safe_denominator_freeze/v01/pit_common_denominator_v01.json,error_taxonomy.csv,2010-01-04,2026-08-21
001740,CURRENT_COMMON,True,False,False,EXISTING_OHLC_ANOMALY_CONTROL,ANOMALY_CONTROL_001740,artifacts/data/end_to_end_data_parity/v01/survivorship_safe_denominator_freeze/v01/pit_common_denominator_v01.json,error_taxonomy.csv,2010-01-04,2026-08-21
002790,CURRENT_COMMON,True,False,False,EXISTING_OHLC_ANOMALY_CONTROL,ANOMALY_CONTROL_002790,artifacts/data/end_to_end_data_parity/v01/survivorship_safe_denominator_freeze/v01/pit_common_denominator_v01.json,error_taxonomy.csv,2010-01-04,2026-08-21
003540,CURRENT_COMMON,True,False,False,EXISTING_OHLC_ANOMALY_CONTROL,ANOMALY_CONTROL_003540,artifacts/data/end_to_end_data_parity/v01/survivorship_safe_denominator_freeze/v01/pit_common_denominator_v01.json,error_taxonomy.csv,2010-01-04,2026-08-21
000500,CURRENT_COMMON,True,False,False,EXISTING_OHLC_ANOMALY_CONTROL,ANOMALY_CONTROL_000500,artifacts/data/end_to_end_data_parity/v01/survivorship_safe_denominator_freeze/v01/pit_common_denominator_v01.json,error_taxonomy.csv,2010-01-04,2026-08-21
000970,CURRENT_COMMON,True,False,False,EXISTING_OHLC_ANOMALY_CONTROL,ANOMALY_CONTROL_000970,artifacts/data/end_to_end_data_parity/v01/survivorship_safe_denominator_freeze/v01/pit_common_denominator_v01.json,error_taxonomy.csv,2010-01-04,2026-08-21
001250,CURRENT_COMMON,True,False,False,EXISTING_OHLC_ANOMALY_CONTROL,ANOMALY_CONTROL_001250,artifacts/data/end_to_end_data_parity/v01/survivorship_safe_denominator_freeze/v01/pit_common_denominator_v01.json,error_taxonomy.csv,2010-01-04,2026-08-21
001380,CURRENT_COMMON,True,False,False,EXISTING_OHLC_ANOMALY_CONTROL,ANOMALY_CONTROL_001380,artifacts/data/end_to_end_data_parity/v01/survivorship_safe_denominator_freeze/v01/pit_common_denominator_v01.json,error_taxonomy.csv,2010-01-04,2026-08-21
001420,CURRENT_COMMON,True,False,False,EXISTING_OHLC_ANOMALY_CONTROL,ANOMALY_CONTROL_001420,artifacts/data/end_to_end_data_parity/v01/survivorship_safe_denominator_freeze/v01/pit_common_denominator_v01.json,error_taxonomy.csv,2010-01-04,2026-08-21
030990,HISTORICAL_ONLY,False,True,False,KNOWN_UNSUPPORTED_CONTROL,KNOWN_UNSUPPORTED_030990,artifacts/data/end_to_end_data_parity/v01/survivorship_safe_denominator_freeze/v01/historical_common_population_v01.json,known_unsupported_030990,,
