ticker,control_category,population_class,expected_count,candidate_count,missing_expected_count,raw_unexpected_count,reconciled_unexpected_count,unreconciled_unexpected_count,first_expected_date,last_expected_date,first_candidate_date,last_candidate_date,pre_listing_rows,post_delisting_rows,future_rows,coverage_status,error_detail
005930,LONG_LIVED_CURRENT_COMMON,CURRENT_COMMON,4095,4095,0,0,0,0,2010-01-04,2026-08-21,2010-01-04,2026-08-21,0,0,0,COVERAGE_VALID,
000660,LONG_LIVED_CURRENT_COMMON,CURRENT_COMMON,4095,4095,0,0,0,0,2010-01-04,2026-08-21,2010-01-04,2026-08-21,0,0,0,COVERAGE_VALID,
005380,LONG_LIVED_CURRENT_COMMON,CURRENT_COMMON,4095,4095,0,0,0,0,2010-01-04,2026-08-21,2010-01-04,2026-08-21,0,0,0,COVERAGE_VALID,
000270,LONG_LIVED_CURRENT_COMMON,CURRENT_COMMON,4095,4095,0,0,0,0,2010-01-04,2026-08-21,2010-01-04,2026-08-21,0,0,0,COVERAGE_VALID,
005490,LONG_LIVED_CURRENT_COMMON,CURRENT_COMMON,4095,4095,0,0,0,0,2010-01-04,2026-08-21,2010-01-04,2026-08-21,0,0,0,COVERAGE_VALID,
035420,LONG_LIVED_CURRENT_COMMON,CURRENT_COMMON,4095,4095,0,0,0,0,2010-01-04,2026-08-21,2010-01-04,2026-08-21,0,0,0,COVERAGE_VALID,
051910,LONG_LIVED_CURRENT_COMMON,CURRENT_COMMON,4095,4095,0,0,0,0,2010-01-04,2026-08-21,2010-01-04,2026-08-21,0,0,0,COVERAGE_VALID,
006400,LONG_LIVED_CURRENT_COMMON,CURRENT_COMMON,4095,4095,0,0,0,0,2010-01-04,2026-08-21,2010-01-04,2026-08-21,0,0,0,COVERAGE_VALID,
003550,LONG_LIVED_CURRENT_COMMON,CURRENT_COMMON,4095,4095,0,0,0,0,2010-01-04,2026-08-21,2010-01-04,2026-08-21,0,0,0,COVERAGE_VALID,
012330,LONG_LIVED_CURRENT_COMMON,CURRENT_COMMON,4095,4095,0,0,0,0,2010-01-04,2026-08-21,2010-01-04,2026-08-21,0,0,0,COVERAGE_VALID,
352820,MEDIUM_RECENT_CURRENT_COMMON,CURRENT_COMMON,1435,1435,0,0,0,0,2020-10-15,2026-08-21,2020-10-15,2026-08-21,0,0,0,COVERAGE_VALID,
373220,MEDIUM_RECENT_CURRENT_COMMON,CURRENT_COMMON,1115,1115,0,0,0,0,2022-01-27,2026-08-21,2022-01-27,2026-08-21,0,0,0,COVERAGE_VALID,
259960,MEDIUM_RECENT_CURRENT_COMMON,CURRENT_COMMON,1230,1230,0,0,0,0,2021-08-10,2026-08-21,2021-08-10,2026-08-21,0,0,0,COVERAGE_VALID,
323410,MEDIUM_RECENT_CURRENT_COMMON,CURRENT_COMMON,1232,1232,0,0,0,0,2021-08-06,2026-08-21,2021-08-06,2026-08-21,0,0,0,COVERAGE_VALID,
377300,MEDIUM_RECENT_CURRENT_COMMON,CURRENT_COMMON,1175,1175,0,0,0,0,2021-11-03,2026-08-21,2021-11-03,2026-08-21,0,0,0,COVERAGE_VALID,
064420,HISTORICAL_ONLY_DELISTED,HISTORICAL_ONLY,756,756,0,0,0,0,2010-01-04,2013-01-14,2010-01-04,2013-01-14,0,0,0,COVERAGE_VALID,
004320,HISTORICAL_ONLY_DELISTED,HISTORICAL_ONLY,1307,1307,0,0,0,0,2010-01-04,2015-04-10,2010-01-04,2015-04-10,0,0,0,COVERAGE_VALID,
004790,HISTORICAL_ONLY_DELISTED,HISTORICAL_ONLY,1035,1035,0,0,0,0,2010-01-04,2014-03-03,2010-01-04,2014-03-03,0,0,0,COVERAGE_VALID,
006580,HISTORICAL_ONLY_DELISTED,HISTORICAL_ONLY,3568,3568,0,0,0,0,2010-01-04,2024-06-20,2010-01-04,2024-06-20,0,0,0,COVERAGE_VALID,
007150,HISTORICAL_ONLY_DELISTED,HISTORICAL_ONLY,672,672,0,0,0,0,2010-01-04,2012-09-10,2010-01-04,2012-09-10,0,0,0,COVERAGE_VALID,
008340,HISTORICAL_ONLY_DELISTED,HISTORICAL_ONLY,69,69,0,0,0,0,2010-01-04,2010-04-12,2010-01-04,2010-04-12,0,0,0,COVERAGE_VALID,
008800,HISTORICAL_ONLY_DELISTED,HISTORICAL_ONLY,2819,2819,0,0,0,0,2010-01-04,2021-06-04,2010-01-04,2021-06-04,0,0,0,COVERAGE_VALID,
009010,HISTORICAL_ONLY_DELISTED,HISTORICAL_ONLY,830,830,0,0,0,0,2010-01-04,2013-04-30,2010-01-04,2013-04-30,0,0,0,COVERAGE_VALID,
010670,HISTORICAL_ONLY_DELISTED,HISTORICAL_ONLY,1063,1063,0,0,0,0,2010-01-04,2014-04-10,2010-01-04,2014-04-10,0,0,0,COVERAGE_VALID,
012650,HISTORICAL_ONLY_DELISTED,HISTORICAL_ONLY,1063,1063,0,0,0,0,2010-01-04,2014-04-10,2010-01-04,2014-04-10,0,0,0,COVERAGE_VALID,
0001A0,ALPHA_23_FULL_SET,ALPHA_TICKER,136,136,0,0,0,0,2026-01-30,2026-08-21,2026-01-30,2026-08-21,0,0,0,COVERAGE_VALID,
0004V0,ALPHA_23_FULL_SET,ALPHA_TICKER,148,148,0,0,0,0,2026-01-14,2026-08-21,2026-01-14,2026-08-21,0,0,0,COVERAGE_VALID,
0007C0,ALPHA_23_FULL_SET,ALPHA_TICKER,166,166,0,0,0,0,2025-12-16,2026-08-21,2025-12-16,2026-08-21,0,0,0,COVERAGE_VALID,
0007J0,ALPHA_23_FULL_SET,ALPHA_TICKER,96,96,0,0,0,0,2026-04-02,2026-08-21,2026-04-02,2026-08-21,0,0,0,COVERAGE_VALID,
0008Z0,ALPHA_23_FULL_SET,ALPHA_TICKER,246,246,0,0,0,0,2025-08-19,2026-08-21,2025-08-19,2026-08-21,0,0,0,COVERAGE_VALID,
0009K0,ALPHA_23_FULL_SET,ALPHA_TICKER,174,174,0,0,0,0,2025-12-04,2026-08-21,2025-12-04,2026-08-21,0,0,0,COVERAGE_VALID,
0010F0,ALPHA_23_FULL_SET,ALPHA_TICKER,95,95,0,0,0,0,2026-04-03,2026-08-21,2026-04-03,2026-08-21,0,0,0,COVERAGE_VALID,
0010V0,ALPHA_23_FULL_SET,ALPHA_TICKER,244,244,0,0,0,0,2025-08-21,2026-08-21,2025-08-21,2026-08-21,0,0,0,COVERAGE_VALID,
0011A0,ALPHA_23_FULL_SET,ALPHA_TICKER,114,114,0,0,0,0,2026-03-09,2026-08-21,2026-03-09,2026-08-21,0,0,0,COVERAGE_VALID,
0011T0,ALPHA_23_FULL_SET,ALPHA_TICKER,77,77,0,0,0,0,2026-04-29,2026-08-21,2026-04-29,2026-08-21,0,0,0,COVERAGE_VALID,
0013V0,ALPHA_23_FULL_SET,ALPHA_TICKER,162,162,0,0,0,0,2025-12-22,2026-08-21,2025-12-22,2026-08-21,0,0,0,COVERAGE_VALID,
0015G0,ALPHA_23_FULL_SET,ALPHA_TICKER,187,187,0,0,0,0,2025-11-17,2026-08-21,2025-11-17,2026-08-21,0,0,0,COVERAGE_VALID,
0015N0,ALPHA_23_FULL_SET,ALPHA_TICKER,179,179,0,0,0,0,2025-11-27,2026-08-21,2025-11-27,2026-08-21,0,0,0,COVERAGE_VALID,
0015S0,ALPHA_23_FULL_SET,ALPHA_TICKER,170,170,0,0,0,0,2025-12-10,2026-08-21,2025-12-10,2026-08-21,0,0,0,COVERAGE_VALID,
0017J0,ALPHA_23_FULL_SET,ALPHA_TICKER,51,51,0,0,0,0,2026-06-10,2026-08-21,2026-06-10,2026-08-21,0,0,0,COVERAGE_VALID,
0039P0,ALPHA_23_FULL_SET,ALPHA_TICKER,36,36,0,0,0,0,2026-07-01,2026-08-21,2026-07-01,2026-08-21,0,0,0,COVERAGE_VALID,
0082N0,ALPHA_23_FULL_SET,ALPHA_TICKER,109,109,0,0,0,0,2026-03-16,2026-08-21,2026-03-16,2026-08-21,0,0,0,COVERAGE_VALID,
0088M0,ALPHA_23_FULL_SET,ALPHA_TICKER,101,101,0,0,0,0,2026-03-26,2026-08-21,2026-03-26,2026-08-21,0,0,0,COVERAGE_VALID,
0117P0,ALPHA_23_FULL_SET,ALPHA_TICKER,53,53,0,0,0,0,2026-06-08,2026-08-21,2026-06-08,2026-08-21,0,0,0,COVERAGE_VALID,
0156T0,ALPHA_23_FULL_SET,ALPHA_TICKER,20,20,0,0,0,0,2026-07-24,2026-08-21,2026-07-24,2026-08-21,0,0,0,COVERAGE_VALID,
0218L0,ALPHA_23_FULL_SET,ALPHA_TICKER,19,19,0,0,0,0,2026-07-27,2026-08-21,2026-07-27,2026-08-21,0,0,0,COVERAGE_VALID,
0120G0,ALPHA_23_FULL_SET,ALPHA_TICKER,182,182,0,0,0,0,2025-11-24,2026-08-21,2025-11-24,2026-08-21,0,0,0,COVERAGE_VALID,
0126Z0,ALPHA_23_FULL_SET,ALPHA_TICKER,182,182,0,0,0,0,2025-11-24,2026-08-21,2025-11-24,2026-08-21,0,0,0,COVERAGE_VALID,
005930,CORPORATE_ACTION_CONTROL,CURRENT_COMMON,4095,4095,0,0,0,0,2010-01-04,2026-08-21,2010-01-04,2026-08-21,0,0,0,COVERAGE_VALID,
035420,CORPORATE_ACTION_CONTROL,CURRENT_COMMON,4095,4095,0,0,0,0,2010-01-04,2026-08-21,2010-01-04,2026-08-21,0,0,0,COVERAGE_VALID,
035720,CORPORATE_ACTION_CONTROL,CURRENT_COMMON,4092,4095,0,3,3,0,2010-01-04,2026-08-21,2010-01-04,2026-08-21,0,0,0,COVERAGE_VALID,
003670,CORPORATE_ACTION_CONTROL,CURRENT_COMMON,4095,4095,0,0,0,0,2010-01-04,2026-08-21,2010-01-04,2026-08-21,0,0,0,COVERAGE_VALID,
028260,CORPORATE_ACTION_CONTROL,CURRENT_COMMON,2864,2864,0,0,0,0,2014-12-18,2026-08-21,2014-12-18,2026-08-21,0,0,0,COVERAGE_VALID,
000100,CORPORATE_ACTION_CONTROL,CURRENT_COMMON,4095,4095,0,0,0,0,2010-01-04,2026-08-21,2010-01-04,2026-08-21,0,0,0,COVERAGE_VALID,
004020,CORPORATE_ACTION_CONTROL,CURRENT_COMMON,4095,4095,0,0,0,0,2010-01-04,2026-08-21,2010-01-04,2026-08-21,0,0,0,COVERAGE_VALID,
010130,CORPORATE_ACTION_CONTROL,CURRENT_COMMON,4095,4095,0,0,0,0,2010-01-04,2026-08-21,2010-01-04,2026-08-21,0,0,0,COVERAGE_VALID,
000610,EXISTING_EMPTY_CONTROL,CURRENT_COMMON,12,12,0,0,0,0,2010-01-04,2010-01-19,2010-01-04,2010-01-19,0,0,0,COVERAGE_VALID,
015940,EXISTING_EMPTY_CONTROL,CURRENT_COMMON,9,9,0,0,0,0,2010-01-04,2010-01-14,2010-01-04,2010-01-14,0,0,0,COVERAGE_VALID,
037510,EXISTING_EMPTY_CONTROL,CURRENT_COMMON,16,16,0,0,0,0,2010-01-04,2010-01-25,2010-01-04,2010-01-25,0,0,0,COVERAGE_VALID,
045820,EXISTING_EMPTY_CONTROL,CURRENT_COMMON,9,9,0,0,0,0,2010-01-04,2010-01-14,2010-01-04,2010-01-14,0,0,0,COVERAGE_VALID,
000810,EXISTING_OHLC_ANOMALY_CONTROL,CURRENT_COMMON,4095,4095,0,0,0,0,2010-01-04,2026-08-21,2010-01-04,2026-08-21,0,0,0,COVERAGE_VALID,
001040,EXISTING_OHLC_ANOMALY_CONTROL,CURRENT_COMMON,4095,4095,0,0,0,0,2010-01-04,2026-08-21,2010-01-04,2026-08-21,0,0,0,COVERAGE_VALID,
001740,EXISTING_OHLC_ANOMALY_CONTROL,CURRENT_COMMON,4095,4095,0,0,0,0,2010-01-04,2026-08-21,2010-01-04,2026-08-21,0,0,0,COVERAGE_VALID,
002790,EXISTING_OHLC_ANOMALY_CONTROL,CURRENT_COMMON,4095,4095,0,0,0,0,2010-01-04,2026-08-21,2010-01-04,2026-08-21,0,0,0,COVERAGE_VALID,
003540,EXISTING_OHLC_ANOMALY_CONTROL,CURRENT_COMMON,4095,4095,0,0,0,0,2010-01-04,2026-08-21,2010-01-04,2026-08-21,0,0,0,COVERAGE_VALID,
000500,EXISTING_OHLC_ANOMALY_CONTROL,CURRENT_COMMON,4095,4095,0,0,0,0,2010-01-04,2026-08-21,2010-01-04,2026-08-21,0,0,0,COVERAGE_VALID,
000970,EXISTING_OHLC_ANOMALY_CONTROL,CURRENT_COMMON,4095,4095,0,0,0,0,2010-01-04,2026-08-21,2010-01-04,2026-08-21,0,0,0,COVERAGE_VALID,
001250,EXISTING_OHLC_ANOMALY_CONTROL,CURRENT_COMMON,4095,4095,0,0,0,0,2010-01-04,2026-08-21,2010-01-04,2026-08-21,0,0,0,COVERAGE_VALID,
001380,EXISTING_OHLC_ANOMALY_CONTROL,CURRENT_COMMON,4095,4095,0,0,0,0,2010-01-04,2026-08-21,2010-01-04,2026-08-21,0,0,0,COVERAGE_VALID,
001420,EXISTING_OHLC_ANOMALY_CONTROL,CURRENT_COMMON,4095,4095,0,0,0,0,2010-01-04,2026-08-21,2010-01-04,2026-08-21,0,0,0,COVERAGE_VALID,
030990,KNOWN_UNSUPPORTED_CONTROL,HISTORICAL_ONLY,0,0,0,0,0,0,,,,,0,0,0,ERROR,Missing chartdata element in XML response
