ticker,name,fast_trigger_event_date,fast_trigger_event_sequence,fast_trigger_event_status,fast_score_at_event,fast_monthly_state_at_event,fast_daily_risk_at_event,pattern_a_status_at_fast_event,pattern_a_active_at_fast_event,pattern_a_was_active_before_fast_event,pattern_a_prior_active_date,pattern_a_prior_candidate_event_date,pattern_a_next_candidate_event_date,pair_status,lead_days,lead_weeks,analysis_end,censor_status
000050,경방,2025-04-25,1,OBSERVED,64.63,EARLY_REGIME,NORMAL,READY,False,NO,,,2025-12-12,FAST_EARLIER_PATTERN_A_LATER,231.0,33.0,2026-08-14,NOT_CENSORED
000050,경방,2025-12-12,2,OBSERVED,66.44,PERMITTED_REGIME,EXTREME,READY,True,NO,,,2025-12-12,SAME_WEEK,0.0,0.0,2026-08-14,NOT_CENSORED
000250,삼천당제약,2024-03-29,1,OBSERVED,56.75,PERMITTED_REGIME,EXTREME,UNAVAILABLE,,,,,,DATA_UNAVAILABLE,,,2026-08-14,DATA_UNAVAILABLE
000250,삼천당제약,2024-06-21,2,OBSERVED,72.07,PERMITTED_REGIME,ELEVATED,UNAVAILABLE,,,,,,DATA_UNAVAILABLE,,,2026-08-14,DATA_UNAVAILABLE
000250,삼천당제약,2024-07-05,3,OBSERVED,63.55,LATE_OR_EXTENDED_REGIME,EXTREME,UNAVAILABLE,,,,,,DATA_UNAVAILABLE,,,2026-08-14,DATA_UNAVAILABLE
000250,삼천당제약,2025-02-07,4,OBSERVED,65.5,PERMITTED_REGIME,EXTREME,READY,False,NO,,,,FAST_EVENT_NO_PATTERN_A_CATCHUP,,,2026-08-14,RIGHT_CENSORED
000250,삼천당제약,2025-03-07,5,OBSERVED,77.82,PERMITTED_REGIME,NORMAL,READY,False,NO,,,,FAST_EVENT_NO_PATTERN_A_CATCHUP,,,2026-08-14,RIGHT_CENSORED
000250,삼천당제약,2025-07-25,6,OBSERVED,76.94,PERMITTED_REGIME,NORMAL,READY,False,NO,,,,FAST_EVENT_NO_PATTERN_A_CATCHUP,,,2026-08-14,RIGHT_CENSORED
000370,한화손해보험,2024-02-16,1,OBSERVED,73.75,PERMITTED_REGIME,EXTREME,UNAVAILABLE,,,,,,DATA_UNAVAILABLE,,,2026-05-08,DATA_UNAVAILABLE
000370,한화손해보험,2025-06-13,2,OBSERVED,72.74,PERMITTED_REGIME,ELEVATED,READY,True,YES,2025-01-24,,2025-06-13,SAME_WEEK,0.0,0.0,2026-05-08,NOT_CENSORED
000700,유수홀딩스,2025-02-21,1,OBSERVED,62.38,EARLY_REGIME,NORMAL,READY,False,NO,,,2025-06-13,FAST_EARLIER_PATTERN_A_LATER,112.0,16.0,2026-08-14,NOT_CENSORED
000700,유수홀딩스,2025-08-08,2,OBSERVED,79.8,PERMITTED_REGIME,NORMAL,READY,False,YES,2025-08-01,2025-06-13,,PATTERN_A_PRIOR_ACTIVITY_BEFORE_FAST_EVENT,,,2026-08-14,NOT_CENSORED
000700,유수홀딩스,2026-02-13,3,OBSERVED,74.05,PERMITTED_REGIME,ELEVATED,READY,True,YES,2025-08-01,2025-06-13,2026-02-13,SAME_WEEK,0.0,0.0,2026-08-14,NOT_CENSORED
000700,유수홀딩스,2026-03-13,4,OBSERVED,78.49,PERMITTED_REGIME,NORMAL,READY,True,YES,2026-03-06,2026-02-13,,PATTERN_A_ALREADY_ACTIVE,,,2026-08-14,NOT_CENSORED
000700,유수홀딩스,2026-04-10,5,OBSERVED,75.49,PERMITTED_REGIME,NORMAL,READY,True,YES,2026-04-03,2026-02-13,,PATTERN_A_ALREADY_ACTIVE,,,2026-08-14,NOT_CENSORED
000810,삼성화재,2018-09-28,1,OBSERVED,79.3,PERMITTED_REGIME,NORMAL,READY,True,YES,2018-09-21,2018-08-31,,PATTERN_A_ALREADY_ACTIVE,,,2019-06-28,NOT_CENSORED
000810,삼성화재,2019-02-22,2,OBSERVED,79.3,PERMITTED_REGIME,NORMAL,READY,False,YES,2018-10-26,2018-08-31,,PATTERN_A_PRIOR_ACTIVITY_BEFORE_FAST_EVENT,,,2019-06-28,NOT_CENSORED
000850,화천기공,2025-06-13,1,OBSERVED,79.3,PERMITTED_REGIME,NORMAL,READY,False,NO,,,2025-07-04,FAST_EARLIER_PATTERN_A_LATER,21.0,3.0,2026-08-14,NOT_CENSORED
000850,화천기공,2025-09-12,2,OBSERVED,70.3,PERMITTED_REGIME,NORMAL,READY,False,YES,2025-08-08,2025-07-04,,PATTERN_A_PRIOR_ACTIVITY_BEFORE_FAST_EVENT,,,2026-08-14,NOT_CENSORED
000850,화천기공,2025-12-05,3,OBSERVED,80.24,PERMITTED_REGIME,NORMAL,READY,False,YES,2025-08-08,2025-07-04,,PATTERN_A_PRIOR_ACTIVITY_BEFORE_FAST_EVENT,,,2026-08-14,NOT_CENSORED
000850,화천기공,2026-01-23,4,OBSERVED,77.99,PERMITTED_REGIME,ELEVATED,READY,True,YES,2026-01-16,2025-12-12,,PATTERN_A_ALREADY_ACTIVE,,,2026-08-14,NOT_CENSORED
001210,금호전기,2023-06-30,1,OBSERVED,,UNAVAILABLE,NORMAL,UNAVAILABLE,,,,,,DATA_UNAVAILABLE,,,2026-03-13,DATA_UNAVAILABLE
001210,금호전기,2025-01-10,2,OBSERVED,70.06,PERMITTED_REGIME,NORMAL,READY,True,NO,,,2025-01-10,SAME_WEEK,0.0,0.0,2026-03-13,NOT_CENSORED
001260,남광토건,2024-11-15,1,OBSERVED,60.25,EARLY_REGIME,EXTREME,READY,False,NO,,,2024-11-22,FAST_EARLIER_PATTERN_A_LATER,7.0,1.0,2026-08-14,NOT_CENSORED
001260,남광토건,2025-06-13,2,OBSERVED,72.74,PERMITTED_REGIME,ELEVATED,READY,True,YES,2025-02-07,2024-11-22,2025-06-13,SAME_WEEK,0.0,0.0,2026-08-14,NOT_CENSORED
001260,남광토건,2026-04-10,3,OBSERVED,72.74,PERMITTED_REGIME,ELEVATED,READY,True,YES,2026-04-03,2025-12-26,,PATTERN_A_ALREADY_ACTIVE,,,2026-08-14,NOT_CENSORED
001450,현대해상,2024-02-02,1,OBSERVED,75.81,PERMITTED_REGIME,NORMAL,UNAVAILABLE,,,,,,DATA_UNAVAILABLE,,,2026-08-14,DATA_UNAVAILABLE
001450,현대해상,2024-03-15,2,OBSERVED,69.07,PERMITTED_REGIME,NORMAL,UNAVAILABLE,,,,,,DATA_UNAVAILABLE,,,2026-08-14,DATA_UNAVAILABLE
001450,현대해상,2025-07-04,3,OBSERVED,70.29,PERMITTED_REGIME,NORMAL,READY,True,YES,2024-11-29,,2025-07-04,SAME_WEEK,0.0,0.0,2026-08-14,NOT_CENSORED
001450,현대해상,2025-08-29,4,OBSERVED,68.54,PERMITTED_REGIME,NORMAL,READY,True,YES,2025-08-22,2025-07-04,,PATTERN_A_ALREADY_ACTIVE,,,2026-08-14,NOT_CENSORED
001450,현대해상,2026-02-13,5,OBSERVED,77.99,PERMITTED_REGIME,NORMAL,READY,False,YES,2025-09-12,2025-07-04,,PATTERN_A_PRIOR_ACTIVITY_BEFORE_FAST_EVENT,,,2026-08-14,NOT_CENSORED
001450,현대해상,2026-08-14,6,OBSERVED,80.24,PERMITTED_REGIME,NORMAL,READY,True,YES,2026-08-07,2026-05-08,,PATTERN_A_ALREADY_ACTIVE,,,2026-08-14,NOT_CENSORED
001540,안국약품,2025-12-05,1,OBSERVED,79.3,PERMITTED_REGIME,NORMAL,READY,True,YES,2025-11-28,2025-10-31,,PATTERN_A_ALREADY_ACTIVE,,,2026-08-14,NOT_CENSORED
001540,안국약품,2026-01-30,2,OBSERVED,79.8,PERMITTED_REGIME,NORMAL,READY,False,YES,2026-01-09,2025-10-31,,PATTERN_A_PRIOR_ACTIVITY_BEFORE_FAST_EVENT,,,2026-08-14,NOT_CENSORED
001540,안국약품,2026-05-15,3,OBSERVED,68.19,PERMITTED_REGIME,ELEVATED,READY,True,YES,2026-05-08,2026-05-08,,PATTERN_A_ALREADY_ACTIVE,,,2026-08-14,NOT_CENSORED
001540,안국약품,2026-07-24,4,OBSERVED,78.49,PERMITTED_REGIME,NORMAL,READY,True,YES,2026-07-10,2026-05-08,,PATTERN_A_ALREADY_ACTIVE,,,2026-08-14,NOT_CENSORED
001540,안국약품,2026-08-14,5,OBSERVED,78.49,PERMITTED_REGIME,NORMAL,READY,True,YES,2026-08-07,2026-05-08,,PATTERN_A_ALREADY_ACTIVE,,,2026-08-14,NOT_CENSORED
001570,금양,2022-10-28,1,OBSERVED,,UNAVAILABLE,ELEVATED,UNAVAILABLE,,,,,,DATA_UNAVAILABLE,,,2025-03-21,DATA_UNAVAILABLE
001570,금양,2023-03-03,2,OBSERVED,,UNAVAILABLE,ELEVATED,UNAVAILABLE,,,,,,DATA_UNAVAILABLE,,,2025-03-21,DATA_UNAVAILABLE
001570,금양,2023-03-24,3,OBSERVED,,UNAVAILABLE,EXTREME,UNAVAILABLE,,,,,,DATA_UNAVAILABLE,,,2025-03-21,DATA_UNAVAILABLE
001570,금양,2023-07-14,4,OBSERVED,,UNAVAILABLE,EXTREME,UNAVAILABLE,,,,,,DATA_UNAVAILABLE,,,2025-03-21,DATA_UNAVAILABLE
001800,오리온홀딩스,2024-06-14,1,OBSERVED,78.63,PERMITTED_REGIME,NORMAL,UNAVAILABLE,,,,,,DATA_UNAVAILABLE,,,2026-03-20,DATA_UNAVAILABLE
001800,오리온홀딩스,2024-08-23,2,OBSERVED,74.12,PERMITTED_REGIME,NORMAL,READY,True,YES,2024-08-16,,,PATTERN_A_ALREADY_ACTIVE,,,2026-03-20,NOT_CENSORED
001800,오리온홀딩스,2024-09-27,3,OBSERVED,78.63,PERMITTED_REGIME,NORMAL,READY,True,YES,2024-09-20,,,PATTERN_A_ALREADY_ACTIVE,,,2026-03-20,NOT_CENSORED
001800,오리온홀딩스,2025-04-25,4,OBSERVED,80.88,PERMITTED_REGIME,NORMAL,READY,True,YES,2025-02-21,,2025-04-25,SAME_WEEK,0.0,0.0,2026-03-20,NOT_CENSORED
001800,오리온홀딩스,2026-02-13,5,OBSERVED,80.24,PERMITTED_REGIME,NORMAL,READY,True,YES,2026-02-06,2025-12-05,,PATTERN_A_ALREADY_ACTIVE,,,2026-03-20,NOT_CENSORED
001800,오리온홀딩스,2026-03-13,6,OBSERVED,75.49,PERMITTED_REGIME,ELEVATED,READY,False,YES,2026-02-27,2025-12-05,,PATTERN_A_PRIOR_ACTIVITY_BEFORE_FAST_EVENT,,,2026-03-20,NOT_CENSORED
002070,비비안,2024-12-13,1,OBSERVED,49.25,EARLY_REGIME,EXTREME,READY,False,NO,,,,FAST_EVENT_NO_PATTERN_A_CATCHUP,,,2026-08-14,RIGHT_CENSORED
002170,SYTS,2024-02-02,1,OBSERVED,77.12,PERMITTED_REGIME,NORMAL,UNAVAILABLE,,,,,,DATA_UNAVAILABLE,,,2026-03-20,DATA_UNAVAILABLE
002170,SYTS,2024-04-26,2,OBSERVED,70.62,PERMITTED_REGIME,NORMAL,UNAVAILABLE,,,,,,DATA_UNAVAILABLE,,,2026-03-20,DATA_UNAVAILABLE
002170,SYTS,2025-06-13,3,OBSERVED,71.54,LATE_OR_EXTENDED_REGIME,NORMAL,READY,True,NO,,,2025-06-13,SAME_WEEK,0.0,0.0,2026-03-20,NOT_CENSORED
002170,SYTS,2025-08-08,4,OBSERVED,80.74,PERMITTED_REGIME,NORMAL,READY,True,YES,2025-08-01,2025-06-13,,PATTERN_A_ALREADY_ACTIVE,,,2026-03-20,NOT_CENSORED
002170,SYTS,2025-09-12,5,OBSERVED,79.8,PERMITTED_REGIME,NORMAL,READY,True,YES,2025-09-05,2025-06-13,,PATTERN_A_ALREADY_ACTIVE,,,2026-03-20,NOT_CENSORED
002170,SYTS,2026-02-20,6,OBSERVED,81.55,PERMITTED_REGIME,NORMAL,READY,True,YES,2026-02-13,2025-06-13,,PATTERN_A_ALREADY_ACTIVE,,,2026-03-20,NOT_CENSORED
002460,HS화성,2023-11-24,1,OBSERVED,64.63,EARLY_REGIME,NORMAL,UNAVAILABLE,,,,,,DATA_UNAVAILABLE,,,2026-05-08,DATA_UNAVAILABLE
002460,HS화성,2024-12-20,2,OBSERVED,55.82,EARLY_REGIME,ELEVATED,READY,False,NO,,,2024-12-27,FAST_EARLIER_PATTERN_A_LATER,7.0,1.0,2026-05-08,NOT_CENSORED
002460,HS화성,2025-05-30,3,OBSERVED,78.63,PERMITTED_REGIME,NORMAL,READY,False,YES,2025-01-10,2024-12-27,,PATTERN_A_PRIOR_ACTIVITY_BEFORE_FAST_EVENT,,,2026-05-08,NOT_CENSORED
002460,HS화성,2025-06-20,4,OBSERVED,74.05,PERMITTED_REGIME,NORMAL,READY,True,YES,2025-06-13,2025-06-13,,PATTERN_A_ALREADY_ACTIVE,,,2026-05-08,NOT_CENSORED
002460,HS화성,2025-11-21,5,OBSERVED,79.19,PERMITTED_REGIME,NORMAL,READY,False,YES,2025-10-24,2025-06-13,,PATTERN_A_PRIOR_ACTIVITY_BEFORE_FAST_EVENT,,,2026-05-08,NOT_CENSORED
002460,HS화성,2026-02-13,6,OBSERVED,79.05,PERMITTED_REGIME,NORMAL,READY,True,YES,2026-02-06,2025-12-05,,PATTERN_A_ALREADY_ACTIVE,,,2026-05-08,NOT_CENSORED
003100,선광,2025-05-16,1,OBSERVED,65.88,EARLY_REGIME,NORMAL,READY,False,NO,,,2025-08-01,FAST_EARLIER_PATTERN_A_LATER,77.0,11.0,2026-08-14,NOT_CENSORED
003120,일성아이에스,2025-05-23,1,OBSERVED,62.38,EARLY_REGIME,NORMAL,READY,False,NO,,,2025-08-01,FAST_EARLIER_PATTERN_A_LATER,70.0,10.0,2026-08-14,NOT_CENSORED
003120,일성아이에스,2026-02-20,2,OBSERVED,71.69,PERMITTED_REGIME,ELEVATED,READY,False,YES,2026-01-30,2025-10-10,,PATTERN_A_PRIOR_ACTIVITY_BEFORE_FAST_EVENT,,,2026-08-14,NOT_CENSORED
003480,한진중공업홀딩스,2024-05-17,1,OBSERVED,68.13,EARLY_REGIME,NORMAL,UNAVAILABLE,,,,,,DATA_UNAVAILABLE,,,2026-02-06,DATA_UNAVAILABLE
003480,한진중공업홀딩스,2024-08-02,2,OBSERVED,79.13,PERMITTED_REGIME,NORMAL,READY,False,NO,,,2025-04-25,FAST_EARLIER_PATTERN_A_LATER,266.0,38.0,2026-02-06,NOT_CENSORED
003480,한진중공업홀딩스,2024-08-16,3,OBSERVED,76.13,PERMITTED_REGIME,NORMAL,READY,False,NO,,,2025-04-25,FAST_EARLIER_PATTERN_A_LATER,252.0,36.0,2026-02-06,NOT_CENSORED
003480,한진중공업홀딩스,2025-03-28,4,OBSERVED,72.31,PERMITTED_REGIME,NORMAL,READY,False,NO,,,2025-04-25,FAST_EARLIER_PATTERN_A_LATER,28.0,4.0,2026-02-06,NOT_CENSORED
003480,한진중공업홀딩스,2025-04-18,5,OBSERVED,74.82,PERMITTED_REGIME,NORMAL,READY,False,NO,,,2025-04-25,FAST_EARLIER_PATTERN_A_LATER,7.0,1.0,2026-02-06,NOT_CENSORED
003480,한진중공업홀딩스,2025-05-23,6,OBSERVED,77.82,PERMITTED_REGIME,NORMAL,READY,True,YES,2025-05-16,2025-04-25,,PATTERN_A_ALREADY_ACTIVE,,,2026-02-06,NOT_CENSORED
003490,대한항공,2024-11-29,1,OBSERVED,78.63,PERMITTED_REGIME,NORMAL,READY,True,YES,2024-11-22,2024-11-08,,PATTERN_A_ALREADY_ACTIVE,,,2026-08-14,NOT_CENSORED
003490,대한항공,2025-01-17,2,OBSERVED,74.12,PERMITTED_REGIME,NORMAL,READY,True,YES,2025-01-10,2024-11-08,,PATTERN_A_ALREADY_ACTIVE,,,2026-08-14,NOT_CENSORED
003490,대한항공,2025-02-21,3,OBSERVED,74.12,PERMITTED_REGIME,NORMAL,READY,True,YES,2025-02-14,2024-11-08,,PATTERN_A_ALREADY_ACTIVE,,,2026-08-14,NOT_CENSORED
003490,대한항공,2025-07-18,4,OBSERVED,77.99,PERMITTED_REGIME,NORMAL,READY,True,YES,2025-07-11,2025-07-11,,PATTERN_A_ALREADY_ACTIVE,,,2026-08-14,NOT_CENSORED
003490,대한항공,2025-08-08,5,OBSERVED,78.55,PERMITTED_REGIME,NORMAL,READY,True,YES,2025-08-01,2025-07-11,,PATTERN_A_ALREADY_ACTIVE,,,2026-08-14,NOT_CENSORED
003490,대한항공,2026-02-27,6,OBSERVED,77.99,PERMITTED_REGIME,NORMAL,READY,True,YES,2026-02-20,2026-02-13,,PATTERN_A_ALREADY_ACTIVE,,,2026-08-14,NOT_CENSORED
003490,대한항공,2026-05-08,7,OBSERVED,73.8,PERMITTED_REGIME,ELEVATED,READY,True,YES,2026-04-24,2026-02-13,,PATTERN_A_ALREADY_ACTIVE,,,2026-08-14,NOT_CENSORED
003490,대한항공,2026-05-22,8,OBSERVED,72.49,PERMITTED_REGIME,ELEVATED,READY,True,YES,2026-05-15,2026-02-13,,PATTERN_A_ALREADY_ACTIVE,,,2026-08-14,NOT_CENSORED
006260,LS,2020-09-04,1,OBSERVED,63.11,PERMITTED_REGIME,ELEVATED,READY,False,YES,2019-03-22,2019-03-15,,PATTERN_A_PRIOR_ACTIVITY_BEFORE_FAST_EVENT,,,2023-12-22,NOT_CENSORED
006260,LS,2020-12-18,2,OBSERVED,72.74,PERMITTED_REGIME,ELEVATED,READY,True,YES,2020-12-11,2020-11-06,,PATTERN_A_ALREADY_ACTIVE,,,2023-12-22,NOT_CENSORED
006260,LS,2021-01-22,3,OBSERVED,69.04,LATE_OR_EXTENDED_REGIME,NORMAL,READY,True,YES,2021-01-15,2020-11-06,,PATTERN_A_ALREADY_ACTIVE,,,2023-12-22,NOT_CENSORED
006260,LS,2022-06-03,4,OBSERVED,75.54,PERMITTED_REGIME,NORMAL,READY,True,YES,2022-05-27,2022-03-04,,PATTERN_A_ALREADY_ACTIVE,,,2023-12-22,NOT_CENSORED
006260,LS,2022-07-01,5,OBSERVED,76.04,PERMITTED_REGIME,NORMAL,READY,True,YES,2022-06-24,2022-03-04,,PATTERN_A_ALREADY_ACTIVE,,,2023-12-22,NOT_CENSORED
006260,LS,2022-08-12,6,OBSERVED,70.79,PERMITTED_REGIME,NORMAL,READY,True,YES,2022-08-05,2022-03-04,,PATTERN_A_ALREADY_ACTIVE,,,2023-12-22,NOT_CENSORED
006260,LS,2022-11-25,7,OBSERVED,77.99,PERMITTED_REGIME,NORMAL,READY,False,YES,2022-10-28,2022-03-04,,PATTERN_A_PRIOR_ACTIVITY_BEFORE_FAST_EVENT,,,2023-12-22,NOT_CENSORED
006260,LS,2022-12-16,8,OBSERVED,69.04,LATE_OR_EXTENDED_REGIME,NORMAL,READY,True,YES,2022-12-09,2022-12-02,,PATTERN_A_ALREADY_ACTIVE,,,2023-12-22,NOT_CENSORED
006260,LS,2023-01-13,9,OBSERVED,78.49,PERMITTED_REGIME,NORMAL,READY,True,YES,2023-01-06,2022-12-02,,PATTERN_A_ALREADY_ACTIVE,,,2023-12-22,NOT_CENSORED
006260,LS,2023-01-27,10,OBSERVED,78.49,PERMITTED_REGIME,NORMAL,READY,True,YES,2023-01-20,2022-12-02,,PATTERN_A_ALREADY_ACTIVE,,,2023-12-22,NOT_CENSORED
006260,LS,2023-03-31,11,OBSERVED,68.54,LATE_OR_EXTENDED_REGIME,NORMAL,READY,True,YES,2023-03-24,2022-12-02,,PATTERN_A_ALREADY_ACTIVE,,,2023-12-22,NOT_CENSORED
006260,LS,2023-05-12,12,OBSERVED,80.99,PERMITTED_REGIME,NORMAL,READY,True,YES,2023-04-28,2022-12-02,,PATTERN_A_ALREADY_ACTIVE,,,2023-12-22,NOT_CENSORED
008490,서흥,2025-05-23,1,OBSERVED,61.07,EARLY_REGIME,NORMAL,READY,False,NO,,,2025-09-05,FAST_EARLIER_PATTERN_A_LATER,105.0,15.0,2026-03-27,NOT_CENSORED
008490,서흥,2025-08-22,2,OBSERVED,66.17,PERMITTED_REGIME,EXTREME,READY,False,NO,,,2025-09-05,FAST_EARLIER_PATTERN_A_LATER,14.0,2.0,2026-03-27,NOT_CENSORED
009150,삼성전기,2024-07-05,1,OBSERVED,72.1,LATE_OR_EXTENDED_REGIME,NORMAL,READY,True,YES,2024-06-07,2024-05-17,2024-07-05,SAME_WEEK,0.0,0.0,2026-08-14,NOT_CENSORED
009150,삼성전기,2025-08-08,2,OBSERVED,72.74,PERMITTED_REGIME,ELEVATED,READY,True,YES,2025-08-01,2025-07-11,,PATTERN_A_ALREADY_ACTIVE,,,2026-08-14,NOT_CENSORED
009470,삼화전기,2024-03-08,1,OBSERVED,66.82,EARLY_REGIME,NORMAL,UNAVAILABLE,,,,,,DATA_UNAVAILABLE,,,2026-06-26,DATA_UNAVAILABLE
009470,삼화전기,2024-04-26,2,OBSERVED,76.0,PERMITTED_REGIME,ELEVATED,UNAVAILABLE,,,,,,DATA_UNAVAILABLE,,,2026-06-26,DATA_UNAVAILABLE
009470,삼화전기,2024-06-14,3,OBSERVED,79.0,PERMITTED_REGIME,ELEVATED,UNAVAILABLE,,,,,,DATA_UNAVAILABLE,,,2026-06-26,DATA_UNAVAILABLE
009470,삼화전기,2025-09-19,4,OBSERVED,54.04,EARLY_REGIME,ELEVATED,READY,False,YES,2025-07-25,2025-07-04,,PATTERN_A_PRIOR_ACTIVITY_BEFORE_FAST_EVENT,,,2026-06-26,NOT_CENSORED
009470,삼화전기,2025-10-10,5,OBSERVED,68.54,PERMITTED_REGIME,ELEVATED,READY,True,YES,2025-07-25,2025-07-04,2025-10-10,SAME_WEEK,0.0,0.0,2026-06-26,NOT_CENSORED
009470,삼화전기,2026-01-30,6,OBSERVED,57.62,EARLY_REGIME,EXTREME,READY,False,YES,2025-12-26,2025-10-10,,PATTERN_A_PRIOR_ACTIVITY_BEFORE_FAST_EVENT,,,2026-06-26,NOT_CENSORED
009830,한화솔루션,2025-05-16,1,OBSERVED,67.49,PERMITTED_REGIME,ELEVATED,READY,False,YES,2024-02-02,2024-01-05,,PATTERN_A_PRIOR_ACTIVITY_BEFORE_FAST_EVENT,,,2026-03-27,NOT_CENSORED
009830,한화솔루션,2025-07-25,2,OBSERVED,70.24,PERMITTED_REGIME,ELEVATED,READY,False,YES,2024-02-02,2024-01-05,,PATTERN_A_PRIOR_ACTIVITY_BEFORE_FAST_EVENT,,,2026-03-27,NOT_CENSORED
009830,한화솔루션,2026-02-06,3,OBSERVED,71.69,PERMITTED_REGIME,ELEVATED,READY,True,YES,2024-02-02,2024-01-05,2026-02-06,SAME_WEEK,0.0,0.0,2026-03-27,NOT_CENSORED
011070,LG이노텍,2019-12-13,1,OBSERVED,81.55,PERMITTED_REGIME,NORMAL,READY,True,YES,2019-12-06,2019-12-06,,PATTERN_A_ALREADY_ACTIVE,,,2021-09-24,NOT_CENSORED
011070,LG이노텍,2020-06-12,2,OBSERVED,73.94,PERMITTED_REGIME,ELEVATED,READY,True,YES,2020-06-05,2019-12-06,,PATTERN_A_ALREADY_ACTIVE,,,2021-09-24,NOT_CENSORED
011070,LG이노텍,2020-08-07,3,OBSERVED,77.74,PERMITTED_REGIME,NORMAL,READY,True,YES,2020-07-31,2019-12-06,,PATTERN_A_ALREADY_ACTIVE,,,2021-09-24,NOT_CENSORED
011070,LG이노텍,2020-09-11,4,OBSERVED,77.74,PERMITTED_REGIME,NORMAL,READY,True,YES,2020-09-04,2019-12-06,,PATTERN_A_ALREADY_ACTIVE,,,2021-09-24,NOT_CENSORED
011070,LG이노텍,2021-07-16,5,OBSERVED,68.54,LATE_OR_EXTENDED_REGIME,NORMAL,READY,False,YES,2020-09-25,2019-12-06,,PATTERN_A_PRIOR_ACTIVITY_BEFORE_FAST_EVENT,,,2021-09-24,NOT_CENSORED
011070,LG이노텍,2021-09-03,6,OBSERVED,77.74,PERMITTED_REGIME,NORMAL,READY,False,YES,2020-09-25,2019-12-06,,PATTERN_A_PRIOR_ACTIVITY_BEFORE_FAST_EVENT,,,2021-09-24,NOT_CENSORED
011200,HMM,2021-02-19,1,OBSERVED,69.81,PERMITTED_REGIME,NORMAL,READY,False,NO,,,2022-08-05,FAST_EARLIER_PATTERN_A_LATER,532.0,76.0,2023-12-22,NOT_CENSORED
011200,HMM,2021-04-23,2,OBSERVED,82.57,PERMITTED_REGIME,NORMAL,READY,False,NO,,,2022-08-05,FAST_EARLIER_PATTERN_A_LATER,469.0,67.0,2023-12-22,NOT_CENSORED
011210,현대위아,2017-08-11,1,OBSERVED,63.32,EARLY_REGIME,NORMAL,UNAVAILABLE,,,,,,DATA_UNAVAILABLE,,,2019-06-28,DATA_UNAVAILABLE
012170,아센디오,2023-10-20,1,OBSERVED,63.0,EARLY_REGIME,ELEVATED,UNAVAILABLE,,,,,,DATA_UNAVAILABLE,,,2026-03-27,DATA_UNAVAILABLE
012170,아센디오,2023-11-24,2,OBSERVED,55.5,EARLY_REGIME,EXTREME,UNAVAILABLE,,,,,,DATA_UNAVAILABLE,,,2026-03-27,DATA_UNAVAILABLE
012170,아센디오,2025-04-04,3,OBSERVED,54.05,LATE_OR_EXTENDED_REGIME,EXTREME,UNAVAILABLE,,,,,,DATA_UNAVAILABLE,,,2026-03-27,DATA_UNAVAILABLE
012450,한화에어로스페이스,2022-03-04,1,OBSERVED,68.54,LATE_OR_EXTENDED_REGIME,NORMAL,READY,False,YES,2021-08-27,,,PATTERN_A_PRIOR_ACTIVITY_BEFORE_FAST_EVENT,,,2024-06-28,NOT_CENSORED
012450,한화에어로스페이스,2022-03-25,2,OBSERVED,69.04,LATE_OR_EXTENDED_REGIME,NORMAL,READY,False,YES,2021-08-27,,,PATTERN_A_PRIOR_ACTIVITY_BEFORE_FAST_EVENT,,,2024-06-28,NOT_CENSORED
012450,한화에어로스페이스,2022-04-15,3,OBSERVED,78.49,PERMITTED_REGIME,NORMAL,READY,False,YES,2021-08-27,,,PATTERN_A_PRIOR_ACTIVITY_BEFORE_FAST_EVENT,,,2024-06-28,NOT_CENSORED
012450,한화에어로스페이스,2022-04-29,4,OBSERVED,79.8,PERMITTED_REGIME,NORMAL,READY,False,YES,2021-08-27,,,PATTERN_A_PRIOR_ACTIVITY_BEFORE_FAST_EVENT,,,2024-06-28,NOT_CENSORED
012450,한화에어로스페이스,2022-06-10,5,OBSERVED,69.85,LATE_OR_EXTENDED_REGIME,NORMAL,READY,False,YES,2021-08-27,,,PATTERN_A_PRIOR_ACTIVITY_BEFORE_FAST_EVENT,,,2024-06-28,NOT_CENSORED
012450,한화에어로스페이스,2022-07-29,6,OBSERVED,76.94,PERMITTED_REGIME,NORMAL,READY,False,YES,2021-08-27,,,PATTERN_A_PRIOR_ACTIVITY_BEFORE_FAST_EVENT,,,2024-06-28,NOT_CENSORED
032580,피델릭스,2026-05-08,1,OBSERVED,77.99,PERMITTED_REGIME,NORMAL,READY,False,YES,2025-10-31,2025-10-24,,PATTERN_A_PRIOR_ACTIVITY_BEFORE_FAST_EVENT,,,2026-08-14,NOT_CENSORED
032820,우리기술,2024-05-17,1,OBSERVED,61.57,EARLY_REGIME,ELEVATED,UNAVAILABLE,,,,,,DATA_UNAVAILABLE,,,2026-08-14,DATA_UNAVAILABLE
032820,우리기술,2024-07-12,2,OBSERVED,72.07,PERMITTED_REGIME,ELEVATED,UNAVAILABLE,,,,,,DATA_UNAVAILABLE,,,2026-08-14,DATA_UNAVAILABLE
032820,우리기술,2025-06-13,3,OBSERVED,71.42,PERMITTED_REGIME,EXTREME,READY,False,YES,2024-08-30,,,PATTERN_A_PRIOR_ACTIVITY_BEFORE_FAST_EVENT,,,2026-08-14,NOT_CENSORED
034220,LG디스플레이,2019-04-12,1,OBSERVED,64.63,EARLY_REGIME,NORMAL,READY,False,YES,2019-04-05,2019-04-05,,PATTERN_A_PRIOR_ACTIVITY_BEFORE_FAST_EVENT,,,2021-09-24,NOT_CENSORED
034220,LG디스플레이,2021-01-08,2,OBSERVED,73.24,PERMITTED_REGIME,NORMAL,READY,True,YES,2020-11-13,2020-11-06,2021-01-08,SAME_WEEK,0.0,0.0,2021-09-24,NOT_CENSORED
034220,LG디스플레이,2021-02-05,3,OBSERVED,78.49,PERMITTED_REGIME,NORMAL,READY,True,YES,2021-01-29,2021-01-08,,PATTERN_A_ALREADY_ACTIVE,,,2021-09-24,NOT_CENSORED
034220,LG디스플레이,2021-04-02,4,OBSERVED,82.05,PERMITTED_REGIME,NORMAL,READY,True,YES,2021-03-26,2021-01-08,,PATTERN_A_ALREADY_ACTIVE,,,2021-09-24,NOT_CENSORED
034220,LG디스플레이,2021-07-02,5,OBSERVED,77.74,PERMITTED_REGIME,NORMAL,READY,False,YES,2021-04-23,2021-01-08,,PATTERN_A_PRIOR_ACTIVITY_BEFORE_FAST_EVENT,,,2021-09-24,NOT_CENSORED
036170,에이치엠넥스,2024-08-16,1,OBSERVED,58.06,EARLY_REGIME,NORMAL,READY,False,NO,,,2024-08-30,FAST_EARLIER_PATTERN_A_LATER,14.0,2.0,2026-08-14,NOT_CENSORED
036170,에이치엠넥스,2026-01-09,2,OBSERVED,57.86,PERMITTED_REGIME,EXTREME,READY,True,YES,2025-05-30,2025-05-02,2026-01-09,SAME_WEEK,0.0,0.0,2026-08-14,NOT_CENSORED
