sample_id,ticker,name,reference_date,weekly_stage_at_reference,human_label,range_position_24m,drawdown_from_12m_high,ma_alignment_score,monthly_down_month_ratio_12m,higher_monthly_low_count_12m,post_breakout_min_low_vs_level_pct_26w,close_vs_wma200_pct,distance_to_prior_26w_high_pct,higher_weekly_low_count_13w,wma52_slope_1w,wma12_vs_wma26_pct,recent_5d_max_gap_abs_pct,atr_14_pct
000050_20251024,000050,경방,2025-10-24,WATCH,TOO_EARLY,0.2690839694656488,-0.3507326007326007,0.0,0.4166666666666667,6.0,-0.2720178372352285,-0.2782568264434863,-0.3745421245421245,3.0,0.0009486342456963,-0.0494797050513404,0.0058910162002945,0.0245764484417485
000250_20251226,000250,삼천당제약,2025-12-26,EXTENDED,TOO_EXTENDED,0.7483059051306873,-0.1936685288640596,1.0,0.3333333333333333,7.0,-0.1863529411764706,1.1026542441980776,-0.1769087523277467,6.0,0.0077240227545534,0.0656150748993422,0.0125523012552302,0.0638332255979314
000370_20250509,000370,한화손해보험,2025-05-09,SETUP,BORDERLINE_TRIGGER,0.1947565543071161,-0.3451043338683788,0.0,0.5,4.0,,,-0.2059999999999999,8.0,-0.0045063667934513,-0.025183408577878,0.0050377833753147,0.0194314501619287
000650_20250926,000650,천일고속,2025-09-26,WATCH,TOO_EARLY,0.2065217391304347,-0.2110266159695817,0.0,0.5,6.0,,-0.2138034215196866,-0.1446808510638297,5.0,-0.0003886324993928,0.0164621628821712,0.008610086100861,0.0199004975124378
000650_20251226,000650,천일고속,2025-12-26,EXTENDED,TOO_EXTENDED,1.0,0.0,1.0,0.4166666666666667,7.0,0.0739957716701902,5.26934681242898,-0.3050193050193049,4.0,0.0972434915773354,0.6878568853982889,0.0366847826086955,0.2372023809523809
000700_20260109,000700,유수홀딩스,2026-01-09,SETUP,BORDERLINE_TRIGGER,0.4588859416445623,-0.1114503816793893,1.0,0.5833333333333334,5.0,,-0.0321087404788957,-0.1221374045801526,7.0,0.001278385197645,-0.0016410053084869,0.0157068062827225,0.0285714285714285
000810_20180629,000810,삼성화재,2018-06-29,SETUP,TOO_EARLY,0.008695652173913,-0.1853658536585366,0.0,0.5833333333333334,4.0,,-0.0641549766199064,-0.1126050420168067,7.0,-0.0012472382581427,-0.0272954905156734,0.0131332082551594,0.0284090909090909
000850_20250919,000850,화천기공,2025-09-19,WATCH,TOO_EARLY,0.3027522935779816,-0.2648845686512758,0.0,0.3333333333333333,6.0,-0.1130952380952381,-0.0011590910858894,-0.0762589928057554,6.0,0.0024168984240497,0.0345064699631181,0.0078740157480314,0.019915442812639
001210_20250314,001210,금호전기,2025-03-14,WATCH,NO_SETUP,0.1361079865016873,-0.4736842105263158,0.0,0.6666666666666666,4.0,-0.3373493975903614,,-0.480355819125278,5.0,-0.0011554595463564,0.0531036446469248,0.0261627906976744,0.0464642347666598
001260_20250926,001260,남광토건,2025-09-26,WATCH,NO_SETUP,0.5319148936170213,-0.2516339869281045,1.0,0.4166666666666667,7.0,-0.1958549222797927,-0.138948453265513,-0.3651960784313726,4.0,0.0027430377981307,0.0060229625447016,0.0112499999999999,0.0345651774223202
001450_20260116,001450,현대해상,2026-01-16,SETUP,GOOD_TRIGGER,0.6462264150943396,-0.0268562401263823,0.0,0.3333333333333333,6.0,,-0.1116856427849317,-0.1532385466034754,6.0,0.0010354263737888,0.0255230695835888,0.011111111111111,0.0378464818763326
001540_20260213,001540,안국약품,2026-02-13,TRIGGER,GOOD_TRIGGER,0.7408637873754153,-0.0844155844155843,1.0,0.3333333333333333,5.0,-0.0959537572254335,0.0982579785578203,-0.0454545454545454,6.0,0.0060500000000001,0.0479828850855745,0.003516998827667,0.0265630061548428
001570_20240927,001570,금양,2024-09-27,WATCH,NO_SETUP,0.1913495756912127,-0.673943661971831,0.0,0.6666666666666666,5.0,,,-0.540650406504065,5.0,-0.0134008275746182,-0.2270117819832448,0.0229681978798586,0.0690897597977244
001800_20250321,001800,오리온홀딩스,2025-03-21,SETUP,GOOD_TRIGGER,0.4183908045977011,-0.1275599765944997,1.0,0.4166666666666667,6.0,-0.1279761904761904,,-0.0760678759508484,7.0,0.0018006447063563,-0.0277490901937641,0.0044359949302914,0.0186827105763141
002070_20260327,002070,비비안,2026-03-27,WATCH,NO_SETUP,0.0120642686384611,-0.6228749693294542,-1.0,0.75,3.0,,-0.6443181686936235,-0.5006809780141384,4.0,-0.0101915211838046,-0.1394289441233016,0.068995633187773,0.095420555545247
002170_20250321,002170,SYTS,2025-03-21,WATCH,TOO_EARLY,0.3364485981308411,-0.1062618595825426,-1.0,0.5833333333333334,5.0,,,-0.0920303605313093,4.0,-0.0012074186971755,-0.0069408740359897,0.0073221757322176,0.0167189132706374
002460_20250509,002460,HS화성,2025-05-09,WATCH,BORDERLINE_TRIGGER,0.5379537953795379,-0.0292682926829268,0.0,0.5,4.0,-0.0857142857142857,,-0.0165853658536585,6.0,0.0004718239071124,0.0056321238665435,0.0190954773869347,0.0223922902494331
003060_20260327,003060,에이프로젠바이오로직스,2026-03-27,WATCH,NO_SETUP,0.0274614869390488,-0.6095238095238096,-1.0,0.5,2.0,,-0.8404225802445321,-0.5399698340874812,3.0,-0.0156291129244537,-0.1883202609303409,0.1136363636363635,0.1138173302107728
003100_20250822,003100,선광,2025-08-22,WATCH,FALSE_TRIGGER,0.5968992248062015,-0.1568965517241379,0.0,0.6666666666666666,6.0,-0.1496567505720824,-0.6151883943903109,-0.1823275862068966,4.0,0.0029369244254213,0.1101905954368391,0.0230487166055526,0.0212365388960012
003120_20260327,003120,일성아이에스,2026-03-27,WATCH,NO_SETUP,0.6194690265486725,-0.205087440381558,1.0,0.3333333333333333,6.0,-0.2123552123552123,0.121803493320203,-0.2064846416382252,7.0,0.0068773282621721,-0.001807369402985,0.0289855072463768,0.0321044546850998
003480_20250207,003480,한진중공업홀딩스,2025-02-07,WATCH,BORDERLINE_TRIGGER,0.3306451612903225,-0.0967741935483871,1.0,0.5,6.0,,,-0.0789473684210526,6.0,0.0012907123633767,0.0176392741248345,0.01,0.0156122448979591
003490_20250905,003490,대한항공,2025-09-05,SETUP,GOOD_TRIGGER,0.601593625498008,-0.1121495327102803,0.0,0.3333333333333333,6.0,-0.0946745562130177,-0.0198455376033254,-0.1158878504672896,6.0,0.0011602370198484,0.0512237565959357,0.0063965884861407,0.0227272727272727
006260_20200925,006260,LS,2020-09-25,WATCH,BORDERLINE_TRIGGER,0.4330949948927477,-0.1281310211946049,-1.0,0.5,6.0,0.1177117711771176,-0.1350843320206513,-0.2853146853146853,7.0,0.0018504383225776,0.1318407960199006,0.0281425891181988,0.0753424657534246
006260_20221223,006260,LS,2022-12-23,SETUP,GOOD_TRIGGER,0.8534351145038168,-0.0195567144719687,0.0,0.4166666666666667,7.0,-0.0608203677510608,0.2996134692157457,-0.0651890482398956,9.0,0.0058544789998866,0.060122773230621,0.0121951219512195,0.0294879458059374
008490_20250328,008490,서흥,2025-03-28,WATCH,FALSE_TRIGGER,0.1819491118578972,-0.3957692307692307,-1.0,0.8333333333333334,3.0,,,-0.1877133105802048,7.0,-0.0088941465124431,0.0269723416265033,0.012829169480081,0.0375150060024009
009150_20260327,009150,삼성전기,2026-03-27,EXTENDED,TOO_EXTENDED,0.9308005427408412,-0.0537974683544303,1.0,0.1666666666666666,10.0,-0.0919689119170984,1.716447337537359,-0.1115660184237461,9.0,0.0272765536929946,0.2167952582677097,0.0573099415204678,0.0667379855167873
009470_20250627,009470,삼화전기,2025-06-27,WATCH,FALSE_TRIGGER,0.1711510696941856,-0.7024471635150167,0.0,0.6666666666666666,5.0,,0.0217704754614878,-0.3719912472647703,6.0,-0.0249573164607812,-0.1428962710803303,0.0288624787775891,0.0450472872075659
009730_20260327,009730,이렘,2026-03-27,WATCH,NO_SETUP,0.038361108977805,-0.5151313047102959,-1.0,0.8333333333333334,2.0,,-0.7363365049299747,-0.4399818984047969,5.0,-0.0122458740684324,-0.1200855047758205,0.0232368528332653,0.0412842712842712
009830_20250328,009830,한화솔루션,2025-03-28,WATCH,BORDERLINE_TRIGGER,0.1575676763610747,-0.3777348184970388,-1.0,0.5,5.0,,-0.5233671550939196,-0.2935686672654145,7.0,-0.0075408100899858,0.0485452454132333,0.0085862087355341,0.0394473968903243
011070_20200925,011070,LG이노텍,2020-09-25,SETUP,GOOD_TRIGGER,0.6581196581196581,-0.1988950276243094,1.0,0.3333333333333333,8.0,-0.1891117478510028,0.1586708634545097,-0.1629834254143646,6.0,0.0050528500805722,0.0526548672566371,0.0161812297734628,0.0391324846770391
011200_20221223,011200,HMM,2022-12-23,WATCH,TOO_EARLY,0.262483994878361,-0.4077025232403718,-1.0,0.4166666666666667,4.0,,0.2686886757842701,-0.2036697247706421,7.0,-0.0045628834355828,-0.0588795618265165,0.0155902004454342,0.0357142857142857
011210_20180629,011210,현대위아,2018-06-29,WATCH,TOO_EARLY,0.0274841437632135,-0.3525641025641025,-1.0,0.75,3.0,,,-0.389055472263868,4.0,-0.0093152266277596,-0.0829621249617006,0.0116822429906542,0.030236634531113
011330_20260327,011330,유니켐,2026-03-27,WATCH,NO_SETUP,0.0425531914893617,-0.3892120571126388,-1.0,0.6666666666666666,4.0,,-0.5192785863475118,-0.5382165605095541,5.0,-0.0080796718747856,-0.1291808781332899,0.0518134715025906,0.0838423645320197
012170_20250328,012170,아센디오,2025-03-28,WATCH,NO_SETUP,0.011441647597254,-0.8576732673267327,-1.0,0.75,3.0,,,0.0873786407766989,4.0,0.0642610837438424,0.569811216170649,0.0903426791277257,0.1466654518950437
012450_20230630,012450,한화에어로스페이스,2023-06-30,TREND,GOOD_TRIGGER,0.8135394641696644,-0.1356728028345366,1.0,0.0833333333333333,8.0,0.0324668955370279,1.5269275983848551,-0.1356728028345366,6.0,0.0181837697139786,0.1247437814392213,0.0119131965494825,0.052310611939822
032580_20260327,032580,피델릭스,2026-03-27,WATCH,TOO_EARLY,0.0621650589496248,-0.2805280528052805,-1.0,0.5833333333333334,6.0,,-0.1960828886170676,-0.2348901098901099,7.0,-0.0017018212760386,-0.0391801780455606,0.038843721770551,0.0456527314696075
032820_20251226,032820,우리기술,2025-12-26,SETUP,GOOD_TRIGGER,0.6024429592071906,-0.3080357142857143,1.0,0.4166666666666667,7.0,,0.7383029190099086,-0.3508928571428571,6.0,0.0124710123008671,0.028117300352674,0.019736842105263,0.0366476714482216
032820_20260327,032820,우리기술,2026-03-27,TREND,TOO_LATE,0.911417888984757,-0.0825737265415549,1.0,0.3333333333333333,8.0,-0.094188376753507,7.302524109252701,-0.2251655629139073,10.0,0.0746602734418244,0.6283355898152598,0.0664136622390891,0.1425518925518925
034220_20200925,034220,LG디스플레이,2020-09-25,WATCH,FALSE_TRIGGER,0.4243512974051896,-0.1309891808346213,-1.0,0.5,6.0,-0.0569745942614531,-0.307140670413443,-0.1282568923096334,10.0,0.0017953181832313,0.1213374345335838,0.0188486663037561,0.0403562640861815
036170_20251226,036170,에이치엠넥스,2025-12-26,SETUP,GOOD_TRIGGER,0.3566878980891719,-0.188785046728972,0.0,0.5,5.0,,-0.1441548402742342,-0.1487437185929648,5.0,-0.0009497277447132,-0.0333951096169869,0.0046296296296295,0.0197335132400067
