sample_id,asset_type,file_path,sha256,data_start,data_end,reference_date,human_exposure_phase
INV_OOS_B_001,MONTHLY_STAGE_BLIND,artifacts/pattern_a_fast/investable_oos/charts/stage_blind/001_INV_OOS_B_001_monthly.png,3dece62df85c7399821f22423910a3de985628b5e027b06240221019aef14515,2021-08-31,2023-06-30,2023-06-30,PASS_A
INV_OOS_B_001,WEEKLY_STAGE_BLIND,artifacts/pattern_a_fast/investable_oos/charts/stage_blind/001_INV_OOS_B_001_weekly.png,b2f008b2b9828a0984a7c969a78349c1cf09a3f34a68dc4c812ef5592b1a5eb4,2021-08-20,2023-06-30,2023-06-30,PASS_A
INV_OOS_B_001,DAILY_STAGE_BLIND,artifacts/pattern_a_fast/investable_oos/charts/stage_blind/001_INV_OOS_B_001_daily.png,176e56324dcde2854bc1780df2951800fa07463107e8c92114781ab4a284b1e3,2021-08-17,2023-06-30,2023-06-30,PASS_A
INV_OOS_B_001,OUTCOME_BLIND,artifacts/pattern_a_fast/investable_oos/charts/outcome_blind/001_INV_OOS_B_001_outcome.png,f2faa3072055a7303f4bee6ec2ab378d49d79d85850d658671390a0583d59c25,2023-06-30,2024-07-26,2023-06-30,PASS_B_AFTER_STAGE_FREEZE
INV_OOS_B_002,MONTHLY_STAGE_BLIND,artifacts/pattern_a_fast/investable_oos/charts/stage_blind/002_INV_OOS_B_002_monthly.png,8d4e8fe19300918077a049d3a8c4315ef318f9f1539a8539ec81777972f3b51d,2021-08-31,2023-03-31,2023-03-31,PASS_A
INV_OOS_B_002,WEEKLY_STAGE_BLIND,artifacts/pattern_a_fast/investable_oos/charts/stage_blind/002_INV_OOS_B_002_weekly.png,6003df76e53e5ceae68fdc4c0c57edbaaa77eaac5d6e4ef1f42b617c5e2101cf,2021-08-20,2023-03-31,2023-03-31,PASS_A
INV_OOS_B_002,DAILY_STAGE_BLIND,artifacts/pattern_a_fast/investable_oos/charts/stage_blind/002_INV_OOS_B_002_daily.png,342361fb86a9fbe6a4c0d6e04c73f9f3ff3ae95439b495047394bfcb99747067,2021-08-17,2023-03-31,2023-03-31,PASS_A
INV_OOS_B_002,OUTCOME_BLIND,artifacts/pattern_a_fast/investable_oos/charts/outcome_blind/002_INV_OOS_B_002_outcome.png,f000980ec7a250f6836bc4ac9c4021aaeb0a8505e97819087788fe657fc7eff6,2023-03-31,2024-05-03,2023-03-31,PASS_B_AFTER_STAGE_FREEZE
INV_OOS_B_003,MONTHLY_STAGE_BLIND,artifacts/pattern_a_fast/investable_oos/charts/stage_blind/003_INV_OOS_B_003_monthly.png,6e4f86ec158cec60f8d1b599fd8566e5c44b3188e75fd3ce30422ad2e46489b1,2021-08-31,2023-06-30,2023-06-30,PASS_A
INV_OOS_B_003,WEEKLY_STAGE_BLIND,artifacts/pattern_a_fast/investable_oos/charts/stage_blind/003_INV_OOS_B_003_weekly.png,d1f3c9e1bd96829b265cc42cde4af4a2085575a3e34e1c38ceef61074fb9b515,2021-08-20,2023-06-30,2023-06-30,PASS_A
INV_OOS_B_003,DAILY_STAGE_BLIND,artifacts/pattern_a_fast/investable_oos/charts/stage_blind/003_INV_OOS_B_003_daily.png,6fff1e80892e669c95eb83e4406dcb717de030df5945e5b0c7e5ab9c138aa9ff,2021-08-17,2023-06-30,2023-06-30,PASS_A
INV_OOS_B_003,OUTCOME_BLIND,artifacts/pattern_a_fast/investable_oos/charts/outcome_blind/003_INV_OOS_B_003_outcome.png,eff7cab6cd37bf3c7eb7c125288585bc1048511a82933babfda8e2a1acffcc76,2023-06-30,2024-07-26,2023-06-30,PASS_B_AFTER_STAGE_FREEZE
INV_OOS_B_004,MONTHLY_STAGE_BLIND,artifacts/pattern_a_fast/investable_oos/charts/stage_blind/004_INV_OOS_B_004_monthly.png,4a4c17c49ddbbbf58b0536102e2813f4fb73ca85324a4bcea90894f64a29c613,2021-08-31,2022-09-30,2022-09-30,PASS_A
INV_OOS_B_004,WEEKLY_STAGE_BLIND,artifacts/pattern_a_fast/investable_oos/charts/stage_blind/004_INV_OOS_B_004_weekly.png,334baf598695fc0201380111d6043f2a9063b5e560b75a0490a0cf865bd39b92,2021-08-20,2022-09-30,2022-09-30,PASS_A
INV_OOS_B_004,DAILY_STAGE_BLIND,artifacts/pattern_a_fast/investable_oos/charts/stage_blind/004_INV_OOS_B_004_daily.png,7c041e5d517e67629f818de25788fd3c989b3855aaa77f969a1f626133adfa75,2021-08-17,2022-09-30,2022-09-30,PASS_A
INV_OOS_B_004,OUTCOME_BLIND,artifacts/pattern_a_fast/investable_oos/charts/outcome_blind/004_INV_OOS_B_004_outcome.png,f8e14109182199ca99fbf27012025c6c575a67ca02ad4e8eee96061a7a3487b2,2022-09-30,2023-10-20,2022-09-30,PASS_B_AFTER_STAGE_FREEZE
INV_OOS_B_005,MONTHLY_STAGE_BLIND,artifacts/pattern_a_fast/investable_oos/charts/stage_blind/005_INV_OOS_B_005_monthly.png,f5ab5297bcde4673a3651c827f782563559f07bd097daa6adca6ca4074aa41d6,2014-05-31,2021-05-31,2021-06-25,PASS_A
INV_OOS_B_005,WEEKLY_STAGE_BLIND,artifacts/pattern_a_fast/investable_oos/charts/stage_blind/005_INV_OOS_B_005_weekly.png,fa60824783d87bb2546f0d84125540ab150b3fba08784c9798dd17d87440c153,2014-05-30,2021-06-25,2021-06-25,PASS_A
INV_OOS_B_005,DAILY_STAGE_BLIND,artifacts/pattern_a_fast/investable_oos/charts/stage_blind/005_INV_OOS_B_005_daily.png,3849cef67d50c0f617febcf483fe70a4257955b4aecb95b475524ef4fc9a2e93,2014-05-26,2021-06-25,2021-06-25,PASS_A
INV_OOS_B_005,OUTCOME_BLIND,artifacts/pattern_a_fast/investable_oos/charts/outcome_blind/005_INV_OOS_B_005_outcome.png,0d47459d645749ea988f635a2142a565688b6c62707601ea077a3673421c2a7d,2021-06-25,2022-07-01,2021-06-25,PASS_B_AFTER_STAGE_FREEZE
INV_OOS_B_006,MONTHLY_STAGE_BLIND,artifacts/pattern_a_fast/investable_oos/charts/stage_blind/006_INV_OOS_B_006_monthly.png,3423b9809f84aa4db35da643a7904b6ef8e0f1d355ba9a74743f7b46d2799f43,2014-05-31,2025-05-31,2025-06-27,PASS_A
INV_OOS_B_006,WEEKLY_STAGE_BLIND,artifacts/pattern_a_fast/investable_oos/charts/stage_blind/006_INV_OOS_B_006_weekly.png,20c50bc7580215885fcbdbcb78e809c82bb068bf578623b401e22c05f4e9bd72,2014-05-30,2025-06-27,2025-06-27,PASS_A
INV_OOS_B_006,DAILY_STAGE_BLIND,artifacts/pattern_a_fast/investable_oos/charts/stage_blind/006_INV_OOS_B_006_daily.png,a5b9a3afa3be2d312c5cece46a33af63e89fc87450066e80e4a9d7e8baf2ad53,2014-05-26,2025-06-27,2025-06-27,PASS_A
INV_OOS_B_006,OUTCOME_BLIND,artifacts/pattern_a_fast/investable_oos/charts/outcome_blind/006_INV_OOS_B_006_outcome.png,f44e18f6de2dcc1b75749e32be0fe4df6b85968fbe4cfb1e135bcd97ea6446c6,2025-06-27,2025-12-30,2025-06-27,PASS_B_AFTER_STAGE_FREEZE
INV_OOS_B_007,MONTHLY_STAGE_BLIND,artifacts/pattern_a_fast/investable_oos/charts/stage_blind/007_INV_OOS_B_007_monthly.png,545e99ca187998012dd9f300f5b332967baeb5281fb04c8ba9169f4a529fd7e3,2021-08-31,2023-06-30,2023-06-30,PASS_A
INV_OOS_B_007,WEEKLY_STAGE_BLIND,artifacts/pattern_a_fast/investable_oos/charts/stage_blind/007_INV_OOS_B_007_weekly.png,a660483a5d4c8f17e30b1df9638e4eccf130853636a31b1880720ef175b3de09,2021-08-20,2023-06-30,2023-06-30,PASS_A
INV_OOS_B_007,DAILY_STAGE_BLIND,artifacts/pattern_a_fast/investable_oos/charts/stage_blind/007_INV_OOS_B_007_daily.png,49bc75c88eac3bf72c36065904aaae5b968e6540acfce42b1b01c7455dcb7904,2021-08-17,2023-06-30,2023-06-30,PASS_A
INV_OOS_B_007,OUTCOME_BLIND,artifacts/pattern_a_fast/investable_oos/charts/outcome_blind/007_INV_OOS_B_007_outcome.png,4fbfb6e920516ba8d28a7eedbcf85d18cebe293457c62d1d6f9e9b8c1618d59e,2023-06-30,2024-07-26,2023-06-30,PASS_B_AFTER_STAGE_FREEZE
INV_OOS_B_008,MONTHLY_STAGE_BLIND,artifacts/pattern_a_fast/investable_oos/charts/stage_blind/008_INV_OOS_B_008_monthly.png,04346fb173599f08add3264a5d2aa014dbabc4dea62310a2615d674bad14d47d,2021-08-31,2023-11-30,2023-12-22,PASS_A
INV_OOS_B_008,WEEKLY_STAGE_BLIND,artifacts/pattern_a_fast/investable_oos/charts/stage_blind/008_INV_OOS_B_008_weekly.png,8845d90dcd62f039581df465ead677f5a4a0a5ad697670df124edc30c01447c6,2021-08-20,2023-12-22,2023-12-22,PASS_A
INV_OOS_B_008,DAILY_STAGE_BLIND,artifacts/pattern_a_fast/investable_oos/charts/stage_blind/008_INV_OOS_B_008_daily.png,cf695c03162cfec22090250e423c8a33d4f2560ec91562df6e0486f2a90a159d,2021-08-17,2023-12-22,2023-12-22,PASS_A
INV_OOS_B_008,OUTCOME_BLIND,artifacts/pattern_a_fast/investable_oos/charts/outcome_blind/008_INV_OOS_B_008_outcome.png,08053d654d66b5ba6a0dcf5bf30d57fa67775ba4f9b5c7ebb1ed6aca829f16b9,2023-12-22,2025-01-10,2023-12-22,PASS_B_AFTER_STAGE_FREEZE
INV_OOS_B_009,MONTHLY_STAGE_BLIND,artifacts/pattern_a_fast/investable_oos/charts/stage_blind/009_INV_OOS_B_009_monthly.png,9acd9ad36263fda1581d69310c4924f0d225a5cd8790050e00c8dd9d19603605,2022-07-31,2025-05-31,2025-06-27,PASS_A
INV_OOS_B_009,WEEKLY_STAGE_BLIND,artifacts/pattern_a_fast/investable_oos/charts/stage_blind/009_INV_OOS_B_009_weekly.png,8c2b43797692466641e10db62b46d827d90f623e0df7ec6f55a333a063b02c60,2022-07-08,2025-06-27,2025-06-27,PASS_A
INV_OOS_B_009,DAILY_STAGE_BLIND,artifacts/pattern_a_fast/investable_oos/charts/stage_blind/009_INV_OOS_B_009_daily.png,f60d29b585e54ba8db54465a4bca15d0c3e8b87653899c9c24fec97597c98294,2022-07-07,2025-06-27,2025-06-27,PASS_A
INV_OOS_B_009,OUTCOME_BLIND,artifacts/pattern_a_fast/investable_oos/charts/outcome_blind/009_INV_OOS_B_009_outcome.png,64eb827f0fed8543fbc9eb69423c01ace6fb83820a39694607c816d0a9e9d5d7,2025-06-27,2026-07-24,2025-06-27,PASS_B_AFTER_STAGE_FREEZE
INV_OOS_B_010,MONTHLY_STAGE_BLIND,artifacts/pattern_a_fast/investable_oos/charts/stage_blind/010_INV_OOS_B_010_monthly.png,cb4afa4d4bc2e0737ecdab3cc4b9582b190a25d888bde241442659299fa8e81b,2021-08-31,2024-08-31,2024-09-27,PASS_A
INV_OOS_B_010,WEEKLY_STAGE_BLIND,artifacts/pattern_a_fast/investable_oos/charts/stage_blind/010_INV_OOS_B_010_weekly.png,cf78a03a9d8e62aa08ce6fa24fe320013edd882d362a33b81bbf50b04999d9d4,2021-08-20,2024-09-27,2024-09-27,PASS_A
INV_OOS_B_010,DAILY_STAGE_BLIND,artifacts/pattern_a_fast/investable_oos/charts/stage_blind/010_INV_OOS_B_010_daily.png,f5a58ae833c1d426ca56809e9b96c59e3987b99cf7a3d2e05e42c04192a5c19b,2021-08-17,2024-09-27,2024-09-27,PASS_A
INV_OOS_B_010,OUTCOME_BLIND,artifacts/pattern_a_fast/investable_oos/charts/outcome_blind/010_INV_OOS_B_010_outcome.png,b0ce544510987d11a7c0f27452601447a0ebc45d8875a466d51de64777949d92,2024-09-27,2025-10-17,2024-09-27,PASS_B_AFTER_STAGE_FREEZE
INV_OOS_B_011,MONTHLY_STAGE_BLIND,artifacts/pattern_a_fast/investable_oos/charts/stage_blind/011_INV_OOS_B_011_monthly.png,95be05f418951097c85b13f7271623c9a071a3b5f2f8997c662db7af104b1d84,2021-08-31,2024-08-31,2024-09-27,PASS_A
INV_OOS_B_011,WEEKLY_STAGE_BLIND,artifacts/pattern_a_fast/investable_oos/charts/stage_blind/011_INV_OOS_B_011_weekly.png,65dc3532e4449b578dc3b4b6d70afd2d40a1c621ae28348a137bd88c9e5513e8,2021-08-20,2024-09-27,2024-09-27,PASS_A
INV_OOS_B_011,DAILY_STAGE_BLIND,artifacts/pattern_a_fast/investable_oos/charts/stage_blind/011_INV_OOS_B_011_daily.png,5555200bde84267e8748fde7be5664ec2dc288f986f00b361250fd31bbeae012,2021-08-17,2024-09-27,2024-09-27,PASS_A
INV_OOS_B_011,OUTCOME_BLIND,artifacts/pattern_a_fast/investable_oos/charts/outcome_blind/011_INV_OOS_B_011_outcome.png,829ee81fdc33fe8a716d1c0a71338943b7a08281f0c847f701a7049c94345daa,2024-09-27,2025-10-17,2024-09-27,PASS_B_AFTER_STAGE_FREEZE
INV_OOS_B_012,MONTHLY_STAGE_BLIND,artifacts/pattern_a_fast/investable_oos/charts/stage_blind/012_INV_OOS_B_012_monthly.png,6bc23cf35615dd6ecb5b32d6278560e32554d6a14d5713da8912f1761081e014,2021-08-31,2023-11-30,2023-12-22,PASS_A
INV_OOS_B_012,WEEKLY_STAGE_BLIND,artifacts/pattern_a_fast/investable_oos/charts/stage_blind/012_INV_OOS_B_012_weekly.png,d278221339e77814bb98419bee4f4a18a34964af6dd2053be4a869c732e13f1e,2021-08-20,2023-12-22,2023-12-22,PASS_A
INV_OOS_B_012,DAILY_STAGE_BLIND,artifacts/pattern_a_fast/investable_oos/charts/stage_blind/012_INV_OOS_B_012_daily.png,95f992d5f8e6c7dd7c87267ba08e9b8fe651b4d3778527b07282e744c4713714,2021-08-17,2023-12-22,2023-12-22,PASS_A
INV_OOS_B_012,OUTCOME_BLIND,artifacts/pattern_a_fast/investable_oos/charts/outcome_blind/012_INV_OOS_B_012_outcome.png,247b2535bd6bd3dfafc9ab5e50b3d452cde29785c3368a8f95cd232ae1b7a57d,2023-12-22,2025-01-10,2023-12-22,PASS_B_AFTER_STAGE_FREEZE
INV_OOS_B_013,MONTHLY_STAGE_BLIND,artifacts/pattern_a_fast/investable_oos/charts/stage_blind/013_INV_OOS_B_013_monthly.png,85b739ca7f93db75e7b11561d14ff5be85fc3bd283e61b4ec687d9a2a085b932,2021-08-31,2024-05-31,2024-06-28,PASS_A
INV_OOS_B_013,WEEKLY_STAGE_BLIND,artifacts/pattern_a_fast/investable_oos/charts/stage_blind/013_INV_OOS_B_013_weekly.png,9d8021eb645de025bdd2078bc8eb4a73e78dcb19e181d4565a6be1365685e910,2021-08-20,2024-06-28,2024-06-28,PASS_A
INV_OOS_B_013,DAILY_STAGE_BLIND,artifacts/pattern_a_fast/investable_oos/charts/stage_blind/013_INV_OOS_B_013_daily.png,ebff61e53f8bf31db8b0042ed87375eef92675058a6e33af53bdcf065ca790fa,2021-08-17,2024-06-28,2024-06-28,PASS_A
INV_OOS_B_013,OUTCOME_BLIND,artifacts/pattern_a_fast/investable_oos/charts/outcome_blind/013_INV_OOS_B_013_outcome.png,4398272b40ff02c8696af57e8b5cdfce1711f1f60a503b1910b34498ac930680,2024-06-28,2025-07-04,2024-06-28,PASS_B_AFTER_STAGE_FREEZE
INV_OOS_B_014,MONTHLY_STAGE_BLIND,artifacts/pattern_a_fast/investable_oos/charts/stage_blind/014_INV_OOS_B_014_monthly.png,db7014ce791def2e3bbc8140788896f79c8db6f1e1b726f41990fa2f5a876713,2021-08-31,2023-08-31,2023-09-22,PASS_A
INV_OOS_B_014,WEEKLY_STAGE_BLIND,artifacts/pattern_a_fast/investable_oos/charts/stage_blind/014_INV_OOS_B_014_weekly.png,92456d492b089f073ca93969ed322a7bfbbb5a5e2db7231ac284f8d71168bd49,2021-08-20,2023-09-22,2023-09-22,PASS_A
INV_OOS_B_014,DAILY_STAGE_BLIND,artifacts/pattern_a_fast/investable_oos/charts/stage_blind/014_INV_OOS_B_014_daily.png,b43fcf86329cefd366bdf0cb89d225ba20a2c530e732d216a77b382df5a82d0c,2021-08-17,2023-09-22,2023-09-22,PASS_A
INV_OOS_B_014,OUTCOME_BLIND,artifacts/pattern_a_fast/investable_oos/charts/outcome_blind/014_INV_OOS_B_014_outcome.png,509e4e00d113fac332853bafc35d80ac5081f230b26aca7bb6c96f46fbc2b6cd,2023-09-22,2024-10-18,2023-09-22,PASS_B_AFTER_STAGE_FREEZE
INV_OOS_B_015,MONTHLY_STAGE_BLIND,artifacts/pattern_a_fast/investable_oos/charts/stage_blind/015_INV_OOS_B_015_monthly.png,6e8d6bd06119f2dddcf62076a8c7f2d32ffbcf4c6758c38f3a802f0d9d4f338e,2021-08-31,2024-11-30,2024-12-27,PASS_A
INV_OOS_B_015,WEEKLY_STAGE_BLIND,artifacts/pattern_a_fast/investable_oos/charts/stage_blind/015_INV_OOS_B_015_weekly.png,0854305e219e90fc3ffeaa83fc75cb730f701daba93699abbda15707d9a215a0,2021-08-20,2024-12-27,2024-12-27,PASS_A
INV_OOS_B_015,DAILY_STAGE_BLIND,artifacts/pattern_a_fast/investable_oos/charts/stage_blind/015_INV_OOS_B_015_daily.png,aa54939af74796804e696760d8b1e8ff42348f689e09db2d25896966e920521c,2021-08-17,2024-12-27,2024-12-27,PASS_A
INV_OOS_B_015,OUTCOME_BLIND,artifacts/pattern_a_fast/investable_oos/charts/outcome_blind/015_INV_OOS_B_015_outcome.png,a3b27bf0a97042f745b45da759c51650cdf253c38ec818eafe8bfa601bc2e6f9,2024-12-27,2026-01-16,2024-12-27,PASS_B_AFTER_STAGE_FREEZE
INV_OOS_B_016,MONTHLY_STAGE_BLIND,artifacts/pattern_a_fast/investable_oos/charts/stage_blind/016_INV_OOS_B_016_monthly.png,ae7ba323992c9568d8f30640fd618daa3a8b46090bcdb7086f0088d81a95d8b5,2021-08-31,2022-11-30,2022-12-23,PASS_A
INV_OOS_B_016,WEEKLY_STAGE_BLIND,artifacts/pattern_a_fast/investable_oos/charts/stage_blind/016_INV_OOS_B_016_weekly.png,5d8bfa2f03c2242c94d6cda90742d46a119c4018fd4fe9ef9276664b013b405c,2021-08-20,2022-12-23,2022-12-23,PASS_A
INV_OOS_B_016,DAILY_STAGE_BLIND,artifacts/pattern_a_fast/investable_oos/charts/stage_blind/016_INV_OOS_B_016_daily.png,bbdae895b1d7193fa3f38b992ef3570372b13d2ade54954cc1f5ff927ab8aeb8,2021-08-17,2022-12-23,2022-12-23,PASS_A
INV_OOS_B_016,OUTCOME_BLIND,artifacts/pattern_a_fast/investable_oos/charts/outcome_blind/016_INV_OOS_B_016_outcome.png,6d9bf8bca8b0142644c150b84f498438a6740f154de5065ac09ca453addd24f1,2022-12-23,2024-01-19,2022-12-23,PASS_B_AFTER_STAGE_FREEZE
INV_OOS_B_017,MONTHLY_STAGE_BLIND,artifacts/pattern_a_fast/investable_oos/charts/stage_blind/017_INV_OOS_B_017_monthly.png,088c2f27812834b2569c0e95bc19268f2ea7eb8e51ac8a367d0419960c13b291,2021-08-31,2023-08-31,2023-09-22,PASS_A
INV_OOS_B_017,WEEKLY_STAGE_BLIND,artifacts/pattern_a_fast/investable_oos/charts/stage_blind/017_INV_OOS_B_017_weekly.png,094a2030a5242a5cff275fcb8e47c66d6b5798b170d06be61c74d79f4e80e1ef,2021-08-20,2023-09-22,2023-09-22,PASS_A
INV_OOS_B_017,DAILY_STAGE_BLIND,artifacts/pattern_a_fast/investable_oos/charts/stage_blind/017_INV_OOS_B_017_daily.png,4cf93a683868d940c6685ec9aa727547f76f60b85af4a8af3a805ea65fc33f99,2021-08-17,2023-09-22,2023-09-22,PASS_A
INV_OOS_B_017,OUTCOME_BLIND,artifacts/pattern_a_fast/investable_oos/charts/outcome_blind/017_INV_OOS_B_017_outcome.png,4852e4399518ba063f31212bc46daa578daf5d48dc021eb9ed05149d33e36aa2,2023-09-22,2024-10-18,2023-09-22,PASS_B_AFTER_STAGE_FREEZE
INV_OOS_B_018,MONTHLY_STAGE_BLIND,artifacts/pattern_a_fast/investable_oos/charts/stage_blind/018_INV_OOS_B_018_monthly.png,ea815ac22366062a0d563e9d82d6064690846b26815d72178843caeaa9af5aaa,2021-08-31,2023-08-31,2023-09-22,PASS_A
INV_OOS_B_018,WEEKLY_STAGE_BLIND,artifacts/pattern_a_fast/investable_oos/charts/stage_blind/018_INV_OOS_B_018_weekly.png,eabc2be164c8451ccdfd535642ecdefe5453cc89a2625605eb96d797a3bf724f,2021-08-20,2023-09-22,2023-09-22,PASS_A
INV_OOS_B_018,DAILY_STAGE_BLIND,artifacts/pattern_a_fast/investable_oos/charts/stage_blind/018_INV_OOS_B_018_daily.png,ac06a9d62c9e236af87eed5574e1ff86721ef1684d5bf9bab5fb4b50a645ce53,2021-08-17,2023-09-22,2023-09-22,PASS_A
INV_OOS_B_018,OUTCOME_BLIND,artifacts/pattern_a_fast/investable_oos/charts/outcome_blind/018_INV_OOS_B_018_outcome.png,4c9b793d4b61989437f9f9e888c52417b94ef2117df1c4768717b8da2e0aa5ae,2023-09-22,2024-10-18,2023-09-22,PASS_B_AFTER_STAGE_FREEZE
INV_OOS_B_019,MONTHLY_STAGE_BLIND,artifacts/pattern_a_fast/investable_oos/charts/stage_blind/019_INV_OOS_B_019_monthly.png,87ce2f2b76a6ab5f1461429abb7019c2435e100ff5208b7a0ca69d2f057e5f84,2021-08-31,2025-05-31,2025-06-27,PASS_A
INV_OOS_B_019,WEEKLY_STAGE_BLIND,artifacts/pattern_a_fast/investable_oos/charts/stage_blind/019_INV_OOS_B_019_weekly.png,250b38dd4a311cc55160709c700820fe87381c6f6f4f1d039e6aa7bab1e50111,2021-08-20,2025-06-27,2025-06-27,PASS_A
INV_OOS_B_019,DAILY_STAGE_BLIND,artifacts/pattern_a_fast/investable_oos/charts/stage_blind/019_INV_OOS_B_019_daily.png,1c743d5461885e32cf2ee7e53a57a94c2b6a2b5119e0287e03f7f5ad2d25027b,2021-08-17,2025-06-27,2025-06-27,PASS_A
INV_OOS_B_019,OUTCOME_BLIND,artifacts/pattern_a_fast/investable_oos/charts/outcome_blind/019_INV_OOS_B_019_outcome.png,8906dc014585aef230c478250ec4abda58ec1beed6f62bbab3ae9a8e3613349c,2025-06-27,2026-07-24,2025-06-27,PASS_B_AFTER_STAGE_FREEZE
INV_OOS_B_020,MONTHLY_STAGE_BLIND,artifacts/pattern_a_fast/investable_oos/charts/stage_blind/020_INV_OOS_B_020_monthly.png,5bb3d04b86cd49f024be63a176389af138922c3cd12a25c3d0d0a36cc09434a7,2017-07-31,2023-11-30,2023-12-22,PASS_A
INV_OOS_B_020,WEEKLY_STAGE_BLIND,artifacts/pattern_a_fast/investable_oos/charts/stage_blind/020_INV_OOS_B_020_weekly.png,3baae8becdbdfc305ca43adab947db4fb4dd355d7eabf8f16363a92287512e7d,2017-07-07,2023-12-22,2023-12-22,PASS_A
INV_OOS_B_020,DAILY_STAGE_BLIND,artifacts/pattern_a_fast/investable_oos/charts/stage_blind/020_INV_OOS_B_020_daily.png,e3ca238f85fdf26b199ca3f2ad1daf75760dfcdcb23dc16729594a30f8b49322,2017-07-07,2023-12-22,2023-12-22,PASS_A
INV_OOS_B_020,OUTCOME_BLIND,artifacts/pattern_a_fast/investable_oos/charts/outcome_blind/020_INV_OOS_B_020_outcome.png,57a0b82ffe0b4120ddf14ef6833983848c5ed0dc4df617f1ffbdf08bdf513cef,2023-12-22,2025-01-10,2023-12-22,PASS_B_AFTER_STAGE_FREEZE
INV_OOS_B_021,MONTHLY_STAGE_BLIND,artifacts/pattern_a_fast/investable_oos/charts/stage_blind/021_INV_OOS_B_021_monthly.png,fe9968081a4fd1ba115a7d390230150973bbc0b112dd078e4e29b873e8383541,2019-01-31,2021-05-31,2021-06-25,PASS_A
INV_OOS_B_021,WEEKLY_STAGE_BLIND,artifacts/pattern_a_fast/investable_oos/charts/stage_blind/021_INV_OOS_B_021_weekly.png,975ed92d7e79b150f5bed47f99d75dc1b95de5ce5b32919a4cedd9a10d2c6916,2019-01-04,2021-06-25,2021-06-25,PASS_A
INV_OOS_B_021,DAILY_STAGE_BLIND,artifacts/pattern_a_fast/investable_oos/charts/stage_blind/021_INV_OOS_B_021_daily.png,b3f1d872c3fbf549ccafd9a7a4e835f3aa7cfe506e5cb8396b36422f0ed93425,2019-01-02,2021-06-25,2021-06-25,PASS_A
INV_OOS_B_021,OUTCOME_BLIND,artifacts/pattern_a_fast/investable_oos/charts/outcome_blind/021_INV_OOS_B_021_outcome.png,da05a18a54583c512bcbb4454b939804f5e9ad03e24c189f3ef5f81dc0101fc0,2021-06-25,2022-07-01,2021-06-25,PASS_B_AFTER_STAGE_FREEZE
INV_OOS_B_022,MONTHLY_STAGE_BLIND,artifacts/pattern_a_fast/investable_oos/charts/stage_blind/022_INV_OOS_B_022_monthly.png,59fbbcc5dc18e5818f6957c398cfce16faaef6d858b5d49572b1088584693490,2021-08-31,2024-02-29,2024-03-29,PASS_A
INV_OOS_B_022,WEEKLY_STAGE_BLIND,artifacts/pattern_a_fast/investable_oos/charts/stage_blind/022_INV_OOS_B_022_weekly.png,2bce17306b2578910c8fae5b187c9d9803d8b647c739e0cb79a94b158f4d05ba,2021-08-20,2024-03-29,2024-03-29,PASS_A
INV_OOS_B_022,DAILY_STAGE_BLIND,artifacts/pattern_a_fast/investable_oos/charts/stage_blind/022_INV_OOS_B_022_daily.png,55debff11152c5e934e3e6813e1b043b52ab3f682c25fba7137c3a615ba42b97,2021-08-17,2024-03-29,2024-03-29,PASS_A
INV_OOS_B_022,OUTCOME_BLIND,artifacts/pattern_a_fast/investable_oos/charts/outcome_blind/022_INV_OOS_B_022_outcome.png,d06010364531302ddbb7c9fc2ee18839eb0027e6d00f4b3bf53a51b3d4884228,2024-03-29,2025-03-28,2024-03-29,PASS_B_AFTER_STAGE_FREEZE
INV_OOS_B_023,MONTHLY_STAGE_BLIND,artifacts/pattern_a_fast/investable_oos/charts/stage_blind/023_INV_OOS_B_023_monthly.png,727b3177561c98de68320b0999545b5c49e6b438a94dc2de0a24210d58cdc870,2021-08-31,2023-03-31,2023-03-31,PASS_A
INV_OOS_B_023,WEEKLY_STAGE_BLIND,artifacts/pattern_a_fast/investable_oos/charts/stage_blind/023_INV_OOS_B_023_weekly.png,8be882b320bd1ea04b845dc7ddd6dd7fb75a92cb79cdf4dcdde6acdabc989fc1,2021-08-20,2023-03-31,2023-03-31,PASS_A
INV_OOS_B_023,DAILY_STAGE_BLIND,artifacts/pattern_a_fast/investable_oos/charts/stage_blind/023_INV_OOS_B_023_daily.png,cb9ed6b1bb86ccafe191e958f07b479d49f0e4d10c96aaac551031b65900606d,2021-08-17,2023-03-31,2023-03-31,PASS_A
INV_OOS_B_023,OUTCOME_BLIND,artifacts/pattern_a_fast/investable_oos/charts/outcome_blind/023_INV_OOS_B_023_outcome.png,a0b3def0daff9829967dd660cc622dd4a57a8c8ded50940f3f66948860d9e31c,2023-03-31,2024-05-03,2023-03-31,PASS_B_AFTER_STAGE_FREEZE
INV_OOS_B_024,MONTHLY_STAGE_BLIND,artifacts/pattern_a_fast/investable_oos/charts/stage_blind/024_INV_OOS_B_024_monthly.png,56d221cd0db766d68cb57703594d2b623e5b1fba1a94bf73373e896e492e2c65,2021-08-31,2024-11-30,2024-12-27,PASS_A
INV_OOS_B_024,WEEKLY_STAGE_BLIND,artifacts/pattern_a_fast/investable_oos/charts/stage_blind/024_INV_OOS_B_024_weekly.png,14513fd3f004354fc28fac93d3da52923ea1c4c550dd7693f1a02e145f0e400a,2021-08-20,2024-12-27,2024-12-27,PASS_A
INV_OOS_B_024,DAILY_STAGE_BLIND,artifacts/pattern_a_fast/investable_oos/charts/stage_blind/024_INV_OOS_B_024_daily.png,e009f09b098c0f6600e90d8bdafa090063132a32a5d8ada51750d4260798978f,2021-08-17,2024-12-27,2024-12-27,PASS_A
INV_OOS_B_024,OUTCOME_BLIND,artifacts/pattern_a_fast/investable_oos/charts/outcome_blind/024_INV_OOS_B_024_outcome.png,2cbec7d3b4d252cd4c630e611b3c280fbbe2a7cf0018cb2a1dd15f77c2556dcc,2024-12-27,2026-01-16,2024-12-27,PASS_B_AFTER_STAGE_FREEZE
INV_OOS_B_025,MONTHLY_STAGE_BLIND,artifacts/pattern_a_fast/investable_oos/charts/stage_blind/025_INV_OOS_B_025_monthly.png,28bbffebeffad3457b74d8139df3ba65455041050453f78fb3c8602e29510c31,2014-05-31,2022-02-28,2022-03-25,PASS_A
INV_OOS_B_025,WEEKLY_STAGE_BLIND,artifacts/pattern_a_fast/investable_oos/charts/stage_blind/025_INV_OOS_B_025_weekly.png,46caf18da86757dc0821aaf3c6d3862e858cdb7e7c1f58c9478d138cd658d911,2014-05-30,2022-03-25,2022-03-25,PASS_A
INV_OOS_B_025,DAILY_STAGE_BLIND,artifacts/pattern_a_fast/investable_oos/charts/stage_blind/025_INV_OOS_B_025_daily.png,0da809ea0d78a996550cf7986a20200e3e4209ad0fb718e1971464d31ecd7080,2014-05-26,2022-03-25,2022-03-25,PASS_A
INV_OOS_B_025,OUTCOME_BLIND,artifacts/pattern_a_fast/investable_oos/charts/outcome_blind/025_INV_OOS_B_025_outcome.png,2061a2bd2145015cd0437a9e0d212afdd353044498e4340265621ad051c56532,2022-03-25,2023-04-07,2022-03-25,PASS_B_AFTER_STAGE_FREEZE
INV_OOS_B_026,MONTHLY_STAGE_BLIND,artifacts/pattern_a_fast/investable_oos/charts/stage_blind/026_INV_OOS_B_026_monthly.png,4096ed3753bc4f69d3d133c8c57cbcccc43a3ebda9fa5fe38e255637a656eaec,2021-08-31,2024-08-31,2024-09-27,PASS_A
INV_OOS_B_026,WEEKLY_STAGE_BLIND,artifacts/pattern_a_fast/investable_oos/charts/stage_blind/026_INV_OOS_B_026_weekly.png,96386b54ef99ba429fdfb7e8164acbf751135acfd8f94fa7f39384b3a45898fe,2021-08-20,2024-09-27,2024-09-27,PASS_A
INV_OOS_B_026,DAILY_STAGE_BLIND,artifacts/pattern_a_fast/investable_oos/charts/stage_blind/026_INV_OOS_B_026_daily.png,402ab9b489a0188bdc1eb8de49ff67bb549133246070879b76b64158a3c9f521,2021-08-17,2024-09-27,2024-09-27,PASS_A
INV_OOS_B_026,OUTCOME_BLIND,artifacts/pattern_a_fast/investable_oos/charts/outcome_blind/026_INV_OOS_B_026_outcome.png,5bbc20d5f9edf4ca9c518edfd9126cfbd9e49a94d658084cae67fb1673370f80,2024-09-27,2025-10-17,2024-09-27,PASS_B_AFTER_STAGE_FREEZE
INV_OOS_B_027,MONTHLY_STAGE_BLIND,artifacts/pattern_a_fast/investable_oos/charts/stage_blind/027_INV_OOS_B_027_monthly.png,dd5a866df63722b81ded8a1aef0d481ea5708af1fa24f0a04f33889eb753efb7,2021-08-31,2024-11-30,2024-12-27,PASS_A
INV_OOS_B_027,WEEKLY_STAGE_BLIND,artifacts/pattern_a_fast/investable_oos/charts/stage_blind/027_INV_OOS_B_027_weekly.png,317e09358e5b557dae612a421cc1b285b14bf37bd6db98c66e78c7e782550773,2021-08-20,2024-12-27,2024-12-27,PASS_A
INV_OOS_B_027,DAILY_STAGE_BLIND,artifacts/pattern_a_fast/investable_oos/charts/stage_blind/027_INV_OOS_B_027_daily.png,666acfc706560636f12dc7f092ed0800694353fe186640cb0b64f713bbd1a9d0,2021-08-17,2024-12-27,2024-12-27,PASS_A
INV_OOS_B_027,OUTCOME_BLIND,artifacts/pattern_a_fast/investable_oos/charts/outcome_blind/027_INV_OOS_B_027_outcome.png,f32a7b2badb4c8f9d952b44b8b950d253f3002100f5240a7d61d90b6643999ad,2024-12-27,2026-01-16,2024-12-27,PASS_B_AFTER_STAGE_FREEZE
INV_OOS_B_028,MONTHLY_STAGE_BLIND,artifacts/pattern_a_fast/investable_oos/charts/stage_blind/028_INV_OOS_B_028_monthly.png,ecd8d7d3338eac0962589be5a95c0531dfbb5df652598649bf3dd0c352df52cb,2021-08-31,2024-02-29,2024-03-29,PASS_A
INV_OOS_B_028,WEEKLY_STAGE_BLIND,artifacts/pattern_a_fast/investable_oos/charts/stage_blind/028_INV_OOS_B_028_weekly.png,832d7594b62de3cc98994167e4d2fd0d19ac65a5bdb1d6e9364e3bc7509be5e0,2021-08-20,2024-03-29,2024-03-29,PASS_A
INV_OOS_B_028,DAILY_STAGE_BLIND,artifacts/pattern_a_fast/investable_oos/charts/stage_blind/028_INV_OOS_B_028_daily.png,961c5eb246b1645714dbdc2703b0ccd93024828f96ebdd4b562a74d14a1aefc7,2021-08-17,2024-03-29,2024-03-29,PASS_A
INV_OOS_B_028,OUTCOME_BLIND,artifacts/pattern_a_fast/investable_oos/charts/outcome_blind/028_INV_OOS_B_028_outcome.png,42202e451b09f60a14dab4dcc4c1fd7f6b846e744f272062b15946d79901d726,2024-03-29,2025-03-28,2024-03-29,PASS_B_AFTER_STAGE_FREEZE
INV_OOS_B_029,MONTHLY_STAGE_BLIND,artifacts/pattern_a_fast/investable_oos/charts/stage_blind/029_INV_OOS_B_029_monthly.png,42de21102c8b1f3e4fa42995a7a5f852a978f3afa00ceb92c0ec0f5555b217a6,2021-08-31,2024-05-31,2024-06-28,PASS_A
INV_OOS_B_029,WEEKLY_STAGE_BLIND,artifacts/pattern_a_fast/investable_oos/charts/stage_blind/029_INV_OOS_B_029_weekly.png,808706c53b00c6259a6f8cc58fcc853c42083bf764a1e3384bfb9fb0d3513747,2021-08-20,2024-06-28,2024-06-28,PASS_A
INV_OOS_B_029,DAILY_STAGE_BLIND,artifacts/pattern_a_fast/investable_oos/charts/stage_blind/029_INV_OOS_B_029_daily.png,e1b20468b394cef3594359a52aa77fbec4360adb156b5202b04e6f27aabfc30c,2021-08-17,2024-06-28,2024-06-28,PASS_A
INV_OOS_B_029,OUTCOME_BLIND,artifacts/pattern_a_fast/investable_oos/charts/outcome_blind/029_INV_OOS_B_029_outcome.png,4fc670d96cbb406c76aa3d95268b6f0e2037ac4d70a1642b9d864059e09e69cb,2024-06-28,2025-07-04,2024-06-28,PASS_B_AFTER_STAGE_FREEZE
INV_OOS_B_030,MONTHLY_STAGE_BLIND,artifacts/pattern_a_fast/investable_oos/charts/stage_blind/030_INV_OOS_B_030_monthly.png,c7aef4a7d4fa2dfcd305cf45f10a1aa410c4e6558f8b881cde2fa4af9b7b880f,2013-09-30,2023-03-31,2023-03-31,PASS_A
INV_OOS_B_030,WEEKLY_STAGE_BLIND,artifacts/pattern_a_fast/investable_oos/charts/stage_blind/030_INV_OOS_B_030_weekly.png,196658a70e8ebca31042e4df0583a2eb27debfbe53c499ec632ec0ef989fe3e9,2013-09-27,2023-03-31,2023-03-31,PASS_A
INV_OOS_B_030,DAILY_STAGE_BLIND,artifacts/pattern_a_fast/investable_oos/charts/stage_blind/030_INV_OOS_B_030_daily.png,580d4244425cc709f9a96433b6bdb8b231ae6685bd258e641c1d7e6f4de31c08,2013-09-25,2023-03-31,2023-03-31,PASS_A
INV_OOS_B_030,OUTCOME_BLIND,artifacts/pattern_a_fast/investable_oos/charts/outcome_blind/030_INV_OOS_B_030_outcome.png,49fdfff5e898b4fcc3c1b010278fcfb19b9c9f91b4f8955ece3f9580ef18ddb9,2023-03-31,2024-05-03,2023-03-31,PASS_B_AFTER_STAGE_FREEZE
INV_OOS_B_031,MONTHLY_STAGE_BLIND,artifacts/pattern_a_fast/investable_oos/charts/stage_blind/031_INV_OOS_B_031_monthly.png,fa4be6619edfb29c95486055711cc91feaee024697b5f126911c48ee40e93f2a,2021-08-31,2024-02-29,2024-03-29,PASS_A
INV_OOS_B_031,WEEKLY_STAGE_BLIND,artifacts/pattern_a_fast/investable_oos/charts/stage_blind/031_INV_OOS_B_031_weekly.png,0bbd1ad462b6173b1267ef45a1e362984898274122647915a366193e6e8cde3d,2021-08-20,2024-03-29,2024-03-29,PASS_A
INV_OOS_B_031,DAILY_STAGE_BLIND,artifacts/pattern_a_fast/investable_oos/charts/stage_blind/031_INV_OOS_B_031_daily.png,d80f2ed4e6e6e8f95283ad66566b58ce51101c32693859b7e339a773388ff809,2021-08-17,2024-03-29,2024-03-29,PASS_A
INV_OOS_B_031,OUTCOME_BLIND,artifacts/pattern_a_fast/investable_oos/charts/outcome_blind/031_INV_OOS_B_031_outcome.png,6f3846053fb6713fe4ab23bfb6c307fdb33b769640d7a430780fa0723a9f63f0,2024-03-29,2025-03-28,2024-03-29,PASS_B_AFTER_STAGE_FREEZE
INV_OOS_B_032,MONTHLY_STAGE_BLIND,artifacts/pattern_a_fast/investable_oos/charts/stage_blind/032_INV_OOS_B_032_monthly.png,ad274eb9dc0c507eb3d0af2b845a9a18a700c7e6bcbc81b6a863691ae93d4618,2014-05-31,2024-05-31,2024-06-28,PASS_A
INV_OOS_B_032,WEEKLY_STAGE_BLIND,artifacts/pattern_a_fast/investable_oos/charts/stage_blind/032_INV_OOS_B_032_weekly.png,324dc8b43ddde7db6a769cb9c545b3f629288d7df9bdbf1250f29c51f2f20aee,2014-05-30,2024-06-28,2024-06-28,PASS_A
INV_OOS_B_032,DAILY_STAGE_BLIND,artifacts/pattern_a_fast/investable_oos/charts/stage_blind/032_INV_OOS_B_032_daily.png,36e397d83b34447e8c141a7f5727ed3fe9a59ec16f7d4cfd2190730445a4edc6,2014-05-26,2024-06-28,2024-06-28,PASS_A
INV_OOS_B_032,OUTCOME_BLIND,artifacts/pattern_a_fast/investable_oos/charts/outcome_blind/032_INV_OOS_B_032_outcome.png,6a8787c00774b43150e788be79aa63435c6e8f1900e7072269ebce68ff88c2fd,2024-06-28,2025-07-04,2024-06-28,PASS_B_AFTER_STAGE_FREEZE
INV_OOS_B_033,MONTHLY_STAGE_BLIND,artifacts/pattern_a_fast/investable_oos/charts/stage_blind/033_INV_OOS_B_033_monthly.png,b481e221f058feb8b652565db7506d92923a8ea6ba1a26998b9cc81a405e9832,2014-05-31,2022-11-30,2022-12-23,PASS_A
INV_OOS_B_033,WEEKLY_STAGE_BLIND,artifacts/pattern_a_fast/investable_oos/charts/stage_blind/033_INV_OOS_B_033_weekly.png,e3379f91ee62db2272aefadfa8d76dd964724cf0e804767da27f15d3f757e53a,2014-05-30,2022-12-23,2022-12-23,PASS_A
INV_OOS_B_033,DAILY_STAGE_BLIND,artifacts/pattern_a_fast/investable_oos/charts/stage_blind/033_INV_OOS_B_033_daily.png,db65fbbb70dd8f04277b6aaa31553f5a8998bcee2ac22d7807db0c76d0a6bb34,2014-05-26,2022-12-23,2022-12-23,PASS_A
INV_OOS_B_033,OUTCOME_BLIND,artifacts/pattern_a_fast/investable_oos/charts/outcome_blind/033_INV_OOS_B_033_outcome.png,77ff4b524ff1d4b3045e95bd1d49f76d78dc54603b28f753aef3e10150b64f9e,2022-12-23,2024-01-19,2022-12-23,PASS_B_AFTER_STAGE_FREEZE
INV_OOS_B_034,MONTHLY_STAGE_BLIND,artifacts/pattern_a_fast/investable_oos/charts/stage_blind/034_INV_OOS_B_034_monthly.png,ea5af9acbbe710918a1223a68b57635a5e6a4cd6763bc36697a92130fb7eb526,2014-05-31,2021-05-31,2021-06-25,PASS_A
INV_OOS_B_034,WEEKLY_STAGE_BLIND,artifacts/pattern_a_fast/investable_oos/charts/stage_blind/034_INV_OOS_B_034_weekly.png,432eed017f52447addf8c601ee042ca4428d1cb301270668ac0614ab23160c37,2014-05-30,2021-06-25,2021-06-25,PASS_A
INV_OOS_B_034,DAILY_STAGE_BLIND,artifacts/pattern_a_fast/investable_oos/charts/stage_blind/034_INV_OOS_B_034_daily.png,0a314c4ba0df60bde47bea242ff3f943ba1465f5032483a4dc8b2bfa817cfa1a,2014-05-26,2021-06-25,2021-06-25,PASS_A
INV_OOS_B_034,OUTCOME_BLIND,artifacts/pattern_a_fast/investable_oos/charts/outcome_blind/034_INV_OOS_B_034_outcome.png,de36365fe0350c9e6f321077f80cd11a45d968a591c12cd628dbf0d3957a20c4,2021-06-25,2022-07-01,2021-06-25,PASS_B_AFTER_STAGE_FREEZE
INV_OOS_B_035,MONTHLY_STAGE_BLIND,artifacts/pattern_a_fast/investable_oos/charts/stage_blind/035_INV_OOS_B_035_monthly.png,e6b59c28930b16f8e7de70f68f02d29022d9ccf0468538483fd8dafedc5898e2,2021-08-31,2025-02-28,2025-03-28,PASS_A
INV_OOS_B_035,WEEKLY_STAGE_BLIND,artifacts/pattern_a_fast/investable_oos/charts/stage_blind/035_INV_OOS_B_035_weekly.png,a167478dc47c525f12f1cfb0056f8764ab50ce6eb0ceac01838cc6515c02c084,2021-08-20,2025-03-28,2025-03-28,PASS_A
INV_OOS_B_035,DAILY_STAGE_BLIND,artifacts/pattern_a_fast/investable_oos/charts/stage_blind/035_INV_OOS_B_035_daily.png,d1cb880745fe877cd23429195ab543ea4b2b05f3cba0bfef19e9ba7f6eee1d32,2021-08-17,2025-03-28,2025-03-28,PASS_A
INV_OOS_B_035,OUTCOME_BLIND,artifacts/pattern_a_fast/investable_oos/charts/outcome_blind/035_INV_OOS_B_035_outcome.png,a5b957a9410267d43b06c082ebb2fdd45f79d68f7a80b12dcd8529be141341a0,2025-03-28,2026-04-17,2025-03-28,PASS_B_AFTER_STAGE_FREEZE
INV_OOS_B_036,MONTHLY_STAGE_BLIND,artifacts/pattern_a_fast/investable_oos/charts/stage_blind/036_INV_OOS_B_036_monthly.png,4c3df43f99d67d0455e2467c6c7bdf3214238108eadabd1634ace2e5b6c18fa5,2014-05-31,2021-02-28,2021-03-26,PASS_A
INV_OOS_B_036,WEEKLY_STAGE_BLIND,artifacts/pattern_a_fast/investable_oos/charts/stage_blind/036_INV_OOS_B_036_weekly.png,f6794654a7b0150fcfb069b3d2788b3b4a6d1ae745dab7d4074ccc17d43bf486,2014-05-30,2021-03-26,2021-03-26,PASS_A
INV_OOS_B_036,DAILY_STAGE_BLIND,artifacts/pattern_a_fast/investable_oos/charts/stage_blind/036_INV_OOS_B_036_daily.png,08a3de940f905ca3a8526b2ef88c301796a545cb1cc90a34541522ccf6900d29,2014-05-26,2021-03-26,2021-03-26,PASS_A
INV_OOS_B_036,OUTCOME_BLIND,artifacts/pattern_a_fast/investable_oos/charts/outcome_blind/036_INV_OOS_B_036_outcome.png,440c0dd535dcb676d105d5f35e28ee8e0c5a0fb521acda9a202db956d7e0f23d,2021-03-26,2022-04-29,2021-03-26,PASS_B_AFTER_STAGE_FREEZE
