requested_date,sector_code,market,attempt_count,retry_count,success,empty_response,ticker_count,error_type,elapsed_seconds
2026-08-14,1005,KOSPI,1,0,True,False,37,,0.226
2026-08-14,1006,KOSPI,1,0,True,False,27,,0.228
2026-08-14,1007,KOSPI,1,0,True,False,18,,0.225
2026-08-14,1008,KOSPI,1,0,True,False,103,,0.323
2026-08-14,1009,KOSPI,1,0,True,False,49,,0.23
2026-08-14,1010,KOSPI,1,0,True,False,21,,0.206
2026-08-14,1011,KOSPI,1,0,True,False,60,,0.252
2026-08-14,1012,KOSPI,1,0,True,False,32,,0.308
2026-08-14,1013,KOSPI,1,0,True,False,69,,0.218
2026-08-14,1014,KOSPI,1,0,True,False,8,,0.229
2026-08-14,1015,KOSPI,1,0,True,False,61,,0.273
2026-08-14,1016,KOSPI,1,0,True,False,62,,0.263
2026-08-14,1017,KOSPI,1,0,True,False,10,,0.192
2026-08-14,1018,KOSPI,1,0,True,False,28,,0.206
2026-08-14,1019,KOSPI,1,0,True,False,24,,0.197
2026-08-14,1020,KOSPI,1,0,True,False,5,,0.218
2026-08-14,1021,KOSPI,1,0,True,False,110,,0.468
2026-08-14,1024,KOSPI,1,0,True,False,18,,0.308
2026-08-14,1025,KOSPI,1,0,True,False,11,,0.202
2026-08-14,1026,KOSPI,1,0,True,False,32,,0.262
2026-08-14,1027,KOSPI,1,0,True,False,493,,0.465
2026-08-14,1045,KOSPI,1,0,True,False,24,,0.205
2026-08-14,1046,KOSPI,1,0,True,False,25,,0.21
2026-08-14,1047,KOSPI,1,0,True,False,13,,0.208
2026-08-14,2012,KOSDAQ,1,0,True,False,144,,0.406
2026-08-14,2024,KOSDAQ,1,0,True,False,1117,,0.525
2026-08-14,2026,KOSDAQ,1,0,True,False,28,,0.252
2026-08-14,2027,KOSDAQ,1,0,True,False,101,,0.266
2026-08-14,2029,KOSDAQ,1,0,True,False,4,,0.205
2026-08-14,2031,KOSDAQ,1,0,True,False,105,,0.293
2026-08-14,2037,KOSDAQ,1,0,True,False,56,,0.213
2026-08-14,2056,KOSDAQ,1,0,True,False,48,,0.256
2026-08-14,2058,KOSDAQ,1,0,True,False,22,,0.21
2026-08-14,2062,KOSDAQ,1,0,True,False,9,,0.251
2026-08-14,2063,KOSDAQ,1,0,True,False,2,,0.203
2026-08-14,2065,KOSDAQ,1,0,True,False,126,,0.315
2026-08-14,2066,KOSDAQ,1,0,True,False,130,,0.228
2026-08-14,2067,KOSDAQ,1,0,True,False,15,,0.204
2026-08-14,2068,KOSDAQ,1,0,True,False,75,,0.29
2026-08-14,2070,KOSDAQ,1,0,True,False,183,,0.308
2026-08-14,2072,KOSDAQ,1,0,True,False,316,,0.312
2026-08-14,2074,KOSDAQ,1,0,True,False,99,,0.306
2026-08-14,2075,KOSDAQ,1,0,True,False,77,,0.215
2026-08-14,2077,KOSDAQ,1,0,True,False,15,,0.201
2026-08-14,2114,KOSDAQ,1,0,True,False,9,,0.196
2026-08-14,2118,KOSDAQ,1,0,True,False,227,,0.424
2025-08-14,1005,KOSPI,1,0,True,False,37,,0.305
2025-08-14,1006,KOSPI,1,0,True,False,30,,0.218
2025-08-14,1007,KOSPI,1,0,True,False,19,,0.208
2025-08-14,1008,KOSPI,1,0,True,False,103,,0.872
2025-08-14,1009,KOSPI,1,0,True,False,47,,0.345
2025-08-14,1010,KOSPI,1,0,True,False,22,,0.24
2025-08-14,1011,KOSPI,1,0,True,False,63,,0.277
2025-08-14,1012,KOSPI,1,0,True,False,32,,0.238
2025-08-14,1013,KOSPI,1,0,True,False,68,,0.276
2025-08-14,1014,KOSPI,1,0,True,False,8,,0.308
2025-08-14,1015,KOSPI,1,0,True,False,61,,0.332
2025-08-14,1016,KOSPI,1,0,True,False,68,,0.285
2025-08-14,1017,KOSPI,1,0,True,False,10,,0.209
2025-08-14,1018,KOSPI,1,0,True,False,29,,0.21
2025-08-14,1019,KOSPI,1,0,True,False,25,,0.279
2025-08-14,1020,KOSPI,1,0,True,False,5,,0.193
2025-08-14,1021,KOSPI,1,0,True,False,109,,0.239
2025-08-14,1024,KOSPI,1,0,True,False,18,,0.223
2025-08-14,1025,KOSPI,1,0,True,False,12,,0.209
2025-08-14,1026,KOSPI,1,0,True,False,34,,0.207
2025-08-14,1027,KOSPI,1,0,True,False,498,,0.399
2025-08-14,1045,KOSPI,1,0,True,False,26,,0.202
2025-08-14,1046,KOSPI,1,0,True,False,26,,0.198
2025-08-14,1047,KOSPI,1,0,True,False,14,,0.26
2025-08-14,2012,KOSDAQ,1,0,True,False,135,,0.379
2025-08-14,2024,KOSDAQ,1,0,True,False,1104,,0.622
2025-08-14,2026,KOSDAQ,1,0,True,False,29,,0.292
2025-08-14,2027,KOSDAQ,1,0,True,False,101,,0.31
2025-08-14,2029,KOSDAQ,1,0,True,False,4,,0.239
2025-08-14,2031,KOSDAQ,1,0,True,False,111,,0.285
2025-08-14,2037,KOSDAQ,1,0,True,False,54,,0.231
2025-08-14,2056,KOSDAQ,1,0,True,False,46,,0.206
2025-08-14,2058,KOSDAQ,1,0,True,False,22,,0.233
2025-08-14,2062,KOSDAQ,1,0,True,False,10,,0.209
2025-08-14,2063,KOSDAQ,1,0,True,False,2,,0.264
2025-08-14,2065,KOSDAQ,1,0,True,False,124,,0.272
2025-08-14,2066,KOSDAQ,1,0,True,False,129,,0.266
2025-08-14,2067,KOSDAQ,1,0,True,False,15,,0.227
2025-08-14,2068,KOSDAQ,1,0,True,False,72,,0.345
2025-08-14,2070,KOSDAQ,1,0,True,False,185,,0.311
2025-08-14,2072,KOSDAQ,1,0,True,False,313,,0.411
2025-08-14,2074,KOSDAQ,1,0,True,False,95,,0.257
2025-08-14,2075,KOSDAQ,1,0,True,False,75,,0.299
2025-08-14,2077,KOSDAQ,1,0,True,False,16,,0.199
2025-08-14,2114,KOSDAQ,1,0,True,False,9,,0.201
2025-08-14,2118,KOSDAQ,1,0,True,False,223,,0.338
2026-05-14,1005,KOSPI,1,0,True,False,37,,0.24
2026-05-14,1006,KOSPI,1,0,True,False,28,,0.25
2026-05-14,1007,KOSPI,1,0,True,False,18,,0.265
2026-05-14,1008,KOSPI,1,0,True,False,103,,0.284
2026-05-14,1009,KOSPI,1,0,True,False,49,,0.334
2026-05-14,1010,KOSPI,1,0,True,False,21,,0.236
2026-05-14,1011,KOSPI,1,0,True,False,60,,0.277
2026-05-14,1012,KOSPI,1,0,True,False,32,,0.31
2026-05-14,1013,KOSPI,1,0,True,False,69,,0.306
2026-05-14,1014,KOSPI,1,0,True,False,8,,0.236
2026-05-14,1015,KOSPI,1,0,True,False,61,,0.277
2026-05-14,1016,KOSPI,1,0,True,False,63,,0.309
2026-05-14,1017,KOSPI,1,0,True,False,10,,0.286
2026-05-14,1018,KOSPI,1,0,True,False,28,,0.26
2026-05-14,1019,KOSPI,1,0,True,False,24,,0.375
2026-05-14,1020,KOSPI,1,0,True,False,5,,0.311
2026-05-14,1021,KOSPI,1,0,True,False,110,,0.301
2026-05-14,1024,KOSPI,1,0,True,False,18,,0.318
2026-05-14,1025,KOSPI,1,0,False,False,0,JSONDecodeError_SWALLOWED_BY_PYKRX,0.081
2026-05-14,1026,KOSPI,1,0,False,False,0,JSONDecodeError_SWALLOWED_BY_PYKRX,0.095
2026-05-14,1027,KOSPI,1,0,False,False,0,JSONDecodeError_SWALLOWED_BY_PYKRX,0.127
2026-05-14,1045,KOSPI,1,0,False,False,0,JSONDecodeError_SWALLOWED_BY_PYKRX,0.077
2026-05-14,1046,KOSPI,1,0,False,False,0,JSONDecodeError_SWALLOWED_BY_PYKRX,0.086
2026-05-14,1047,KOSPI,1,0,False,False,0,JSONDecodeError_SWALLOWED_BY_PYKRX,0.131
2026-05-14,2012,KOSDAQ,1,0,False,False,0,JSONDecodeError_SWALLOWED_BY_PYKRX,0.103
2026-05-14,2024,KOSDAQ,1,0,False,False,0,JSONDecodeError_SWALLOWED_BY_PYKRX,0.072
2026-05-14,2026,KOSDAQ,1,0,False,False,0,JSONDecodeError_SWALLOWED_BY_PYKRX,0.11
2026-05-14,2027,KOSDAQ,1,0,False,False,0,JSONDecodeError_SWALLOWED_BY_PYKRX,0.093
2026-05-14,2029,KOSDAQ,1,0,False,False,0,JSONDecodeError_SWALLOWED_BY_PYKRX,0.11
2026-05-14,2031,KOSDAQ,1,0,False,False,0,JSONDecodeError_SWALLOWED_BY_PYKRX,0.118
2026-05-14,2037,KOSDAQ,1,0,False,False,0,JSONDecodeError_SWALLOWED_BY_PYKRX,0.07
2026-05-14,2056,KOSDAQ,1,0,False,False,0,JSONDecodeError_SWALLOWED_BY_PYKRX,0.124
2026-05-14,2058,KOSDAQ,1,0,False,False,0,JSONDecodeError_SWALLOWED_BY_PYKRX,0.073
2026-05-14,2062,KOSDAQ,1,0,False,False,0,JSONDecodeError_SWALLOWED_BY_PYKRX,0.115
2026-05-14,2063,KOSDAQ,1,0,False,False,0,JSONDecodeError_SWALLOWED_BY_PYKRX,0.162
2026-05-14,2065,KOSDAQ,1,0,False,False,0,JSONDecodeError_SWALLOWED_BY_PYKRX,0.136
2026-05-14,2066,KOSDAQ,1,0,False,False,0,JSONDecodeError_SWALLOWED_BY_PYKRX,0.081
2026-05-14,2067,KOSDAQ,1,0,False,False,0,JSONDecodeError_SWALLOWED_BY_PYKRX,0.093
2026-05-14,2068,KOSDAQ,1,0,False,False,0,JSONDecodeError_SWALLOWED_BY_PYKRX,0.091
2026-05-14,2070,KOSDAQ,1,0,False,False,0,JSONDecodeError_SWALLOWED_BY_PYKRX,0.1
2026-05-14,2072,KOSDAQ,1,0,False,False,0,JSONDecodeError_SWALLOWED_BY_PYKRX,0.098
2026-05-14,2074,KOSDAQ,1,0,False,False,0,JSONDecodeError_SWALLOWED_BY_PYKRX,0.102
2026-05-14,2075,KOSDAQ,1,0,False,False,0,JSONDecodeError_SWALLOWED_BY_PYKRX,0.12
2026-05-14,2077,KOSDAQ,1,0,False,False,0,JSONDecodeError_SWALLOWED_BY_PYKRX,0.097
2026-05-14,2114,KOSDAQ,1,0,False,False,0,JSONDecodeError_SWALLOWED_BY_PYKRX,0.101
2026-05-14,2118,KOSDAQ,1,0,False,False,0,JSONDecodeError_SWALLOWED_BY_PYKRX,0.072
2026-02-06,1005,KOSPI,1,0,False,False,0,JSONDecodeError_SWALLOWED_BY_PYKRX,0.075
2026-02-06,1006,KOSPI,1,0,False,False,0,JSONDecodeError_SWALLOWED_BY_PYKRX,0.154
2026-02-06,1007,KOSPI,1,0,False,False,0,JSONDecodeError_SWALLOWED_BY_PYKRX,0.095
2026-02-06,1008,KOSPI,1,0,False,False,0,JSONDecodeError_SWALLOWED_BY_PYKRX,0.138
2026-02-06,1009,KOSPI,1,0,False,False,0,JSONDecodeError_SWALLOWED_BY_PYKRX,0.17
2026-02-06,1010,KOSPI,1,0,False,False,0,JSONDecodeError_SWALLOWED_BY_PYKRX,0.191
2026-02-06,1011,KOSPI,1,0,False,False,0,JSONDecodeError_SWALLOWED_BY_PYKRX,0.082
2026-02-06,1012,KOSPI,1,0,False,False,0,JSONDecodeError_SWALLOWED_BY_PYKRX,0.21
2026-02-06,1013,KOSPI,1,0,False,False,0,JSONDecodeError_SWALLOWED_BY_PYKRX,0.134
2026-02-06,1014,KOSPI,1,0,False,False,0,JSONDecodeError_SWALLOWED_BY_PYKRX,0.127
2026-02-06,1015,KOSPI,1,0,False,False,0,JSONDecodeError_SWALLOWED_BY_PYKRX,0.067
2026-02-06,1016,KOSPI,1,0,False,False,0,JSONDecodeError_SWALLOWED_BY_PYKRX,0.083
2026-02-06,1017,KOSPI,1,0,False,False,0,JSONDecodeError_SWALLOWED_BY_PYKRX,0.098
2026-02-06,1018,KOSPI,1,0,False,False,0,JSONDecodeError_SWALLOWED_BY_PYKRX,0.145
2026-02-06,1019,KOSPI,1,0,False,False,0,JSONDecodeError_SWALLOWED_BY_PYKRX,0.066
2026-02-06,1020,KOSPI,1,0,False,False,0,JSONDecodeError_SWALLOWED_BY_PYKRX,0.077
2026-02-06,1021,KOSPI,1,0,False,False,0,JSONDecodeError_SWALLOWED_BY_PYKRX,0.071
2026-02-06,1024,KOSPI,1,0,False,False,0,JSONDecodeError_SWALLOWED_BY_PYKRX,0.077
2026-02-06,1025,KOSPI,1,0,False,False,0,JSONDecodeError_SWALLOWED_BY_PYKRX,0.209
2026-02-06,1026,KOSPI,1,0,False,False,0,JSONDecodeError_SWALLOWED_BY_PYKRX,0.27
2026-02-06,1027,KOSPI,1,0,False,False,0,JSONDecodeError_SWALLOWED_BY_PYKRX,0.187
2026-02-06,1045,KOSPI,1,0,False,False,0,JSONDecodeError_SWALLOWED_BY_PYKRX,0.077
2026-02-06,1046,KOSPI,1,0,False,False,0,JSONDecodeError_SWALLOWED_BY_PYKRX,0.095
2026-02-06,1047,KOSPI,1,0,False,False,0,JSONDecodeError_SWALLOWED_BY_PYKRX,0.082
2026-02-06,2012,KOSDAQ,1,0,False,False,0,JSONDecodeError_SWALLOWED_BY_PYKRX,0.089
2026-02-06,2024,KOSDAQ,1,0,False,False,0,JSONDecodeError_SWALLOWED_BY_PYKRX,0.069
2026-02-06,2026,KOSDAQ,1,0,False,False,0,JSONDecodeError_SWALLOWED_BY_PYKRX,0.082
2026-02-06,2027,KOSDAQ,1,0,False,False,0,JSONDecodeError_SWALLOWED_BY_PYKRX,0.089
2026-02-06,2029,KOSDAQ,1,0,False,False,0,JSONDecodeError_SWALLOWED_BY_PYKRX,0.118
2026-02-06,2031,KOSDAQ,1,0,False,False,0,JSONDecodeError_SWALLOWED_BY_PYKRX,0.114
2026-02-06,2037,KOSDAQ,1,0,False,False,0,JSONDecodeError_SWALLOWED_BY_PYKRX,0.091
2026-02-06,2056,KOSDAQ,1,0,False,False,0,JSONDecodeError_SWALLOWED_BY_PYKRX,0.099
2026-02-06,2058,KOSDAQ,1,0,False,False,0,JSONDecodeError_SWALLOWED_BY_PYKRX,0.092
2026-02-06,2062,KOSDAQ,1,0,False,False,0,JSONDecodeError_SWALLOWED_BY_PYKRX,0.077
2026-02-06,2063,KOSDAQ,1,0,False,False,0,JSONDecodeError_SWALLOWED_BY_PYKRX,0.135
2026-02-06,2065,KOSDAQ,1,0,False,False,0,JSONDecodeError_SWALLOWED_BY_PYKRX,0.192
2026-02-06,2066,KOSDAQ,1,0,False,False,0,JSONDecodeError_SWALLOWED_BY_PYKRX,0.14
2026-02-06,2067,KOSDAQ,1,0,False,False,0,JSONDecodeError_SWALLOWED_BY_PYKRX,0.074
2026-02-06,2068,KOSDAQ,1,0,False,False,0,JSONDecodeError_SWALLOWED_BY_PYKRX,0.09
2026-02-06,2070,KOSDAQ,1,0,False,False,0,JSONDecodeError_SWALLOWED_BY_PYKRX,0.083
2026-02-06,2072,KOSDAQ,1,0,False,False,0,JSONDecodeError_SWALLOWED_BY_PYKRX,0.082
2026-02-06,2074,KOSDAQ,1,0,False,False,0,JSONDecodeError_SWALLOWED_BY_PYKRX,0.12
2026-02-06,2075,KOSDAQ,1,0,False,False,0,JSONDecodeError_SWALLOWED_BY_PYKRX,0.086
2026-02-06,2077,KOSDAQ,1,0,False,False,0,JSONDecodeError_SWALLOWED_BY_PYKRX,0.088
2026-02-06,2114,KOSDAQ,1,0,False,False,0,JSONDecodeError_SWALLOWED_BY_PYKRX,0.082
2026-02-06,2118,KOSDAQ,1,0,False,False,0,JSONDecodeError_SWALLOWED_BY_PYKRX,0.087
2025-08-01,1005,KOSPI,1,0,False,False,0,JSONDecodeError_SWALLOWED_BY_PYKRX,0.161
2025-08-01,1006,KOSPI,1,0,False,False,0,JSONDecodeError_SWALLOWED_BY_PYKRX,0.125
2025-08-01,1007,KOSPI,1,0,False,False,0,JSONDecodeError_SWALLOWED_BY_PYKRX,0.076
2025-08-01,1008,KOSPI,1,0,False,False,0,JSONDecodeError_SWALLOWED_BY_PYKRX,0.189
2025-08-01,1009,KOSPI,1,0,False,False,0,JSONDecodeError_SWALLOWED_BY_PYKRX,0.079
2025-08-01,1010,KOSPI,1,0,False,False,0,JSONDecodeError_SWALLOWED_BY_PYKRX,0.172
2025-08-01,1011,KOSPI,1,0,False,False,0,JSONDecodeError_SWALLOWED_BY_PYKRX,0.089
2025-08-01,1012,KOSPI,1,0,False,False,0,JSONDecodeError_SWALLOWED_BY_PYKRX,0.075
2025-08-01,1013,KOSPI,1,0,False,False,0,JSONDecodeError_SWALLOWED_BY_PYKRX,0.081
2025-08-01,1014,KOSPI,1,0,False,False,0,JSONDecodeError_SWALLOWED_BY_PYKRX,0.075
2025-08-01,1015,KOSPI,1,0,False,False,0,JSONDecodeError_SWALLOWED_BY_PYKRX,0.073
2025-08-01,1016,KOSPI,1,0,False,False,0,JSONDecodeError_SWALLOWED_BY_PYKRX,0.081
2025-08-01,1017,KOSPI,1,0,False,False,0,JSONDecodeError_SWALLOWED_BY_PYKRX,0.187
2025-08-01,1018,KOSPI,1,0,False,False,0,JSONDecodeError_SWALLOWED_BY_PYKRX,0.155
2025-08-01,1019,KOSPI,1,0,False,False,0,JSONDecodeError_SWALLOWED_BY_PYKRX,0.095
2025-08-01,1020,KOSPI,1,0,False,False,0,JSONDecodeError_SWALLOWED_BY_PYKRX,0.099
2025-08-01,1021,KOSPI,1,0,False,False,0,JSONDecodeError_SWALLOWED_BY_PYKRX,0.073
2025-08-01,1024,KOSPI,1,0,False,False,0,JSONDecodeError_SWALLOWED_BY_PYKRX,0.074
2025-08-01,1025,KOSPI,1,0,False,False,0,JSONDecodeError_SWALLOWED_BY_PYKRX,0.084
2025-08-01,1026,KOSPI,1,0,False,False,0,JSONDecodeError_SWALLOWED_BY_PYKRX,0.101
2025-08-01,1027,KOSPI,1,0,False,False,0,JSONDecodeError_SWALLOWED_BY_PYKRX,0.094
2025-08-01,1045,KOSPI,1,0,False,False,0,JSONDecodeError_SWALLOWED_BY_PYKRX,0.083
2025-08-01,1046,KOSPI,1,0,False,False,0,JSONDecodeError_SWALLOWED_BY_PYKRX,0.1
2025-08-01,1047,KOSPI,1,0,False,False,0,JSONDecodeError_SWALLOWED_BY_PYKRX,0.213
2025-08-01,2012,KOSDAQ,1,0,False,False,0,JSONDecodeError_SWALLOWED_BY_PYKRX,0.242
2025-08-01,2024,KOSDAQ,1,0,False,False,0,JSONDecodeError_SWALLOWED_BY_PYKRX,0.083
2025-08-01,2026,KOSDAQ,1,0,False,False,0,JSONDecodeError_SWALLOWED_BY_PYKRX,0.07
2025-08-01,2027,KOSDAQ,1,0,False,False,0,JSONDecodeError_SWALLOWED_BY_PYKRX,0.087
2025-08-01,2029,KOSDAQ,1,0,False,False,0,JSONDecodeError_SWALLOWED_BY_PYKRX,0.091
2025-08-01,2031,KOSDAQ,1,0,False,False,0,JSONDecodeError_SWALLOWED_BY_PYKRX,0.1
2025-08-01,2037,KOSDAQ,1,0,False,False,0,JSONDecodeError_SWALLOWED_BY_PYKRX,0.105
2025-08-01,2056,KOSDAQ,1,0,False,False,0,JSONDecodeError_SWALLOWED_BY_PYKRX,0.09
2025-08-01,2058,KOSDAQ,1,0,False,False,0,JSONDecodeError_SWALLOWED_BY_PYKRX,0.104
2025-08-01,2062,KOSDAQ,1,0,False,False,0,JSONDecodeError_SWALLOWED_BY_PYKRX,0.146
2025-08-01,2063,KOSDAQ,1,0,False,False,0,JSONDecodeError_SWALLOWED_BY_PYKRX,0.083
2025-08-01,2065,KOSDAQ,1,0,False,False,0,JSONDecodeError_SWALLOWED_BY_PYKRX,0.08
2025-08-01,2066,KOSDAQ,1,0,False,False,0,JSONDecodeError_SWALLOWED_BY_PYKRX,0.074
2025-08-01,2067,KOSDAQ,1,0,False,False,0,JSONDecodeError_SWALLOWED_BY_PYKRX,0.067
2025-08-01,2068,KOSDAQ,1,0,False,False,0,JSONDecodeError_SWALLOWED_BY_PYKRX,0.085
2025-08-01,2070,KOSDAQ,1,0,False,False,0,JSONDecodeError_SWALLOWED_BY_PYKRX,0.094
2025-08-01,2072,KOSDAQ,1,0,False,False,0,JSONDecodeError_SWALLOWED_BY_PYKRX,0.086
2025-08-01,2074,KOSDAQ,1,0,False,False,0,JSONDecodeError_SWALLOWED_BY_PYKRX,0.101
2025-08-01,2075,KOSDAQ,1,0,False,False,0,JSONDecodeError_SWALLOWED_BY_PYKRX,0.084
2025-08-01,2077,KOSDAQ,1,0,False,False,0,JSONDecodeError_SWALLOWED_BY_PYKRX,0.116
2025-08-01,2114,KOSDAQ,1,0,False,False,0,JSONDecodeError_SWALLOWED_BY_PYKRX,0.081
2025-08-01,2118,KOSDAQ,1,0,False,False,0,JSONDecodeError_SWALLOWED_BY_PYKRX,0.15
